"p_val","avg_log2FC","pct.1","pct.2","p_val_adj","gene","cluster"
1.14112838174531e-184,1.0129582608153,0.997,0.927,2.05482987700877e-180,"ENC1","0"
5.88483904795966e-142,0.34351687383243,1,1,1.0596829673661e-137,"MT-CO1","0"
1.16520804342858e-139,1.35048589552958,0.831,0.474,2.09819012380184e-135,"HOPX","0"
1.95107236559425e-129,0.530919884967874,1,0.99,3.51329600872557e-125,"NRGN","0"
4.22236943302357e-124,0.654275309527424,1,0.962,7.60322063804554e-120,"CCK","0"
7.66218532747935e-111,0.593017548319995,0.998,0.975,1.37972971191921e-106,"YWHAH","0"
4.61429342693044e-103,0.5492610177434,0.999,0.973,8.30895817387365e-99,"OLFM1","0"
5.53433180429184e-101,0.287401936160356,1,1,9.96567127998832e-97,"MT-ATP6","0"
8.18623951440361e-92,0.281360171754596,1,1,1.47409614935866e-87,"MT-CYB","0"
3.73814595483642e-88,0.454672338052791,1,0.995,6.73127942087394e-84,"NDUFA4","0"
3.09517255228497e-81,0.503270696037739,0.998,0.977,5.57347721489955e-77,"VSNL1","0"
8.37203184716506e-78,0.541922719378092,0.987,0.981,1.50755177471901e-73,"CAMK2N1","0"
5.28448626786321e-75,0.268459259455883,1,1,9.51577442254129e-71,"MT-ND3","0"
6.47890015829602e-75,2.05362872162077,0.299,0.069,1.16665555150436e-70,"CUX2","0"
1.84646136478661e-72,1.72962951781609,0.365,0.11,3.32492297957124e-68,"PCDH8","0"
1.34125356631261e-71,2.1555062494564,0.349,0.105,2.41519529685911e-67,"CARTPT","0"
1.90603490530735e-70,0.360377312465348,1,0.998,3.43219705398694e-66,"CALM1","0"
2.22718902896109e-68,1.33379887877096,0.497,0.216,4.01049928445024e-64,"VSTM2A","0"
9.92253703834618e-66,1.312394462833,0.478,0.201,1.786751244495e-61,"FAM84A","0"
3.6086388693132e-65,1.92180304973667,0.306,0.086,6.49807601197227e-61,"CALB1","0"
6.72966167365979e-64,1.25531194505762,0.491,0.217,1.21181017757592e-59,"HAPLN4","0"
2.30611184504931e-62,1.57137875907632,0.36,0.122,4.1526155993803e-58,"CBLN4","0"
4.60036942486586e-62,0.984839659960335,0.632,0.344,8.28388522335596e-58,"C11orf87","0"
2.11156472225387e-61,1.30341053607403,0.472,0.208,3.80229459536254e-57,"CA10","0"
2.26756279808118e-61,0.515435405079582,0.994,0.99,4.08320033050479e-57,"ATP1B1","0"
1.94145940562352e-60,0.584370511369517,0.948,0.859,3.49598595170626e-56,"ATP1A1","0"
2.04673510381104e-60,1.1107572652393,0.657,0.4,3.68555590143254e-56,"HPCAL1","0"
5.99571755763692e-60,0.318198537665446,0.999,0.999,1.07964886060368e-55,"CKB","0"
1.49270349505674e-57,1.35909451749541,0.398,0.156,2.68791118354867e-53,"HS6ST3","0"
1.70674249858492e-57,0.61417436429314,0.922,0.802,3.07333121720186e-53,"LMO4","0"
1.76858618257032e-57,1.28348003166827,0.425,0.177,3.18469313895438e-53,"RASGRF2","0"
5.47300637009099e-57,0.797623889803763,0.75,0.478,9.85524257062285e-53,"GABRD","0"
1.75849815914442e-56,1.36781695750412,0.416,0.174,3.16652763517135e-52,"GPX3","0"
1.74192848264436e-55,1.78879159028423,0.272,0.077,3.1366906186977e-51,"LINC01007","0"
3.76518280810914e-55,1.04214459191108,0.556,0.289,6.77996468256213e-51,"TESPA1","0"
1.07705803245448e-53,0.885471059062352,0.665,0.401,1.93945839904079e-49,"CRYM","0"
3.42347661916118e-53,0.654596126107269,0.96,0.89,6.16465434812354e-49,"NEFL","0"
4.0391045363003e-53,0.978002344816208,0.553,0.289,7.27321553851595e-49,"ARPP21","0"
5.93027099892494e-53,1.65688818227252,0.292,0.092,1.06786389877641e-48,"LINC00507","0"
2.80369486639721e-52,1.34285688434041,0.38,0.151,5.04861334592146e-48,"RBP4","0"
3.36486081888943e-52,0.540580846295109,0.93,0.834,6.0591048765742e-48,"GAP43","0"
5.73613906463737e-51,0.311077229655581,1,0.998,1.03290656136925e-46,"MT-ND5","0"
1.87613348697247e-50,0.770720450517118,0.737,0.48,3.37835356999132e-46,"NSG2","0"
9.10954066338762e-50,0.781997561437351,0.738,0.479,1.64035498725621e-45,"INA","0"
1.05978086385559e-49,0.843813846791632,0.672,0.414,1.90834740154476e-45,"GABRB2","0"
6.60252353245158e-49,0.34211681209222,0.998,0.986,1.18891641248856e-44,"CALM3","0"
6.8227807917641e-49,0.294875843316684,1,1,1.22857813717296e-44,"CALM2","0"
8.08535185508284e-49,0.656183254947051,0.825,0.615,1.45592930854477e-44,"MEF2C","0"
8.94050514484014e-49,0.47926317055108,0.966,0.896,1.60991676143136e-44,"MDH1","0"
2.37732279985485e-47,0.387188924485475,0.993,0.96,4.28084516569862e-43,"CHN1","0"
3.60523811403805e-47,0.692412112832492,0.756,0.505,6.49195227194831e-43,"SLC12A5","0"
7.8163028045403e-47,1.52433018627189,0.281,0.094,1.40748164601357e-42,"LAMP5","0"
2.38525107395039e-46,0.94221397398681,0.768,0.579,4.29512160886247e-42,"NEFM","0"
7.39876958647049e-46,0.363574431473251,0.999,0.978,1.33229643943574e-41,"RTN1","0"
1.25772354343252e-45,1.08209535138631,0.474,0.242,2.26478278465894e-41,"GRIA4","0"
1.39236145557473e-45,1.43612224931679,0.286,0.098,2.50722527305342e-41,"TMOD1","0"
9.66828923295021e-45,1.04245040915457,0.459,0.228,1.74096884217734e-40,"EPHA4","0"
9.89137476659304e-45,0.424390156861455,0.967,0.908,1.78113985422041e-40,"TSC22D1","0"
1.09063870598819e-44,1.75222800693749,0.29,0.108,1.96391311787293e-40,"FABP4","0"
3.26176636640961e-44,0.354839453421057,0.997,0.981,5.87346269599378e-40,"HSPA8","0"
6.18235256824251e-44,0.661613163427634,0.821,0.627,1.11325622696343e-39,"CAMK2A","0"
9.44603945662403e-44,1.75967665445788,0.336,0.146,1.70094832495429e-39,"SAA1","0"
1.16166045369647e-43,0.412852279938508,0.975,0.942,2.09180197897124e-39,"ARPP19","0"
1.77935511237063e-43,1.42207888038534,0.281,0.1,3.2040847508458e-39,"KCNS1","0"
2.16468342272501e-43,0.832389092241291,0.587,0.349,3.89794543930092e-39,"CADM3","0"
5.01403293184035e-43,0.752403647070564,0.665,0.419,9.02876910036491e-39,"BEX5","0"
8.80495468763713e-43,0.710655522400505,0.731,0.507,1.58550819060282e-38,"FKBP1A","0"
8.46795831574883e-42,1.16010408342889,0.385,0.178,1.52482525391689e-37,"CBLN2","0"
1.08404678581273e-41,1.05335698678907,0.457,0.239,1.95204304721298e-37,"ITPKA","0"
2.24658712905766e-41,1.16371441272943,0.38,0.175,4.04542944329413e-37,"EGR3","0"
4.47266910213274e-41,0.907042429223712,0.589,0.376,8.05393525221043e-37,"SERPINE2","0"
1.49527999149828e-40,1.03504252592044,0.432,0.216,2.69255068069096e-36,"SOWAHA","0"
1.67025597466556e-40,1.00137578753257,0.474,0.251,3.00762993358027e-36,"LDB2","0"
4.46656607386451e-40,1.16776255099229,0.357,0.159,8.04294552920782e-36,"CACNB2","0"
5.47017925524627e-40,0.366166198340382,0.985,0.956,9.85015178492195e-36,"YWHAZ","0"
6.133117926041e-40,0.830110651079914,0.603,0.377,1.1043905449422e-35,"CYP46A1","0"
4.79712104768089e-39,0.440251560879001,0.943,0.873,8.63817587055898e-35,"BEX1","0"
1.08492169079975e-38,1.2825978361267,0.299,0.12,1.95361848862311e-34,"RCN1","0"
1.09218356845741e-38,1.34400404732836,0.274,0.103,1.96669495172125e-34,"CA4","0"
1.21214667294075e-38,0.887466233727133,0.522,0.301,2.18271251396441e-34,"NSG1","0"
1.84881262773466e-38,0.840746337293969,0.58,0.364,3.3291568987618e-34,"ZBTB18","0"
2.6414022196381e-38,0.490962652038217,0.91,0.779,4.75637297690232e-34,"RGS4","0"
5.39898036957112e-38,1.30513168928818,0.301,0.124,9.72194395148672e-34,"FAM19A2","0"
7.40239235919267e-38,1.41350785033297,0.27,0.103,1.33294879211982e-33,"TPBG","0"
1.08972799305237e-37,0.753674991782741,0.606,0.381,1.96227319708941e-33,"VSTM2L","0"
1.28445398513876e-37,0.568105230535054,0.835,0.633,2.31291629103936e-33,"GABRA1","0"
1.93127578131763e-37,0.51144312526157,0.883,0.758,3.47764829941865e-33,"CABP1","0"
2.09478072706675e-37,0.676408803038611,0.768,0.59,3.77207165522911e-33,"SNCG","0"
2.36421073152623e-37,0.65518816963454,0.694,0.481,4.25723426425928e-33,"SNN","0"
2.4928748157065e-37,1.00776524311009,0.389,0.187,4.48891968064269e-33,"NECAB2","0"
3.98669368166098e-37,1.40307323565869,0.25,0.091,7.17883931256692e-33,"FAM19A1","0"
1.07892394792155e-36,1.29438041375736,0.287,0.117,1.94281835302234e-32,"CDH22","0"
1.50362138811784e-36,0.658214617797621,0.724,0.508,2.70757103358379e-32,"GABBR2","0"
1.60675153380725e-36,1.29956501341364,0.293,0.121,2.89327748692672e-32,"ASS1","0"
1.66546408136734e-36,0.708564874981044,0.647,0.426,2.99900117131817e-32,"VGF","0"
1.0381777176561e-35,0.827906229663554,0.54,0.325,1.86944661618334e-31,"PTK2B","0"
1.21733539829206e-35,0.329961011111632,0.996,0.98,2.19205585170452e-31,"UCHL1","0"
4.75603121942397e-35,1.16056156034792,0.308,0.133,8.56418541681674e-31,"LNX1","0"
5.90660299986866e-35,1.03818979792595,0.399,0.207,1.06360200218635e-30,"KCNIP4","0"
1.12919135918189e-34,1.08809818379038,0.349,0.166,2.03333488047883e-30,"C2orf80","0"
2.0822465851519e-34,0.437280672995712,0.923,0.802,3.74950142588302e-30,"GRIN1","0"
3.80486687262907e-34,0.792307025993611,0.54,0.328,6.85142377754316e-30,"FGF12","0"
3.98451598551912e-34,0.487793192345947,0.893,0.772,7.17491793512428e-30,"PIN1","0"
7.6125896790052e-34,0.80260740301693,0.528,0.321,1.37079902349847e-29,"BTBD8","0"
7.91294259566659e-34,0.964996737747506,0.368,0.18,1.42488357320168e-29,"RGS7","0"
1.14189385951826e-33,0.739121560908527,0.602,0.392,2.05620827283453e-29,"DPP6","0"
1.48246996160127e-33,0.762250436136049,0.488,0.277,2.66948365985541e-29,"SLC30A3","0"
1.98227980913554e-33,0.986687395765218,0.383,0.195,3.56949125231036e-29,"KCTD16","0"
2.02759752743285e-33,0.712387475160667,0.578,0.355,3.65109486764833e-29,"PDP1","0"
2.13179942192909e-33,0.658804425473609,0.67,0.459,3.83873121906772e-29,"NRXN1","0"
3.41430926629359e-33,0.815772024496012,0.497,0.294,6.14814669581486e-29,"AP1S1","0"
3.75552809651534e-33,0.859264798232686,0.448,0.244,6.76257944339517e-29,"HS6ST1","0"
6.1911632310662e-33,1.14675576082289,0.317,0.145,1.11484276301809e-28,"DGKB","0"
7.78751244730703e-33,0.465883968956766,0.894,0.785,1.40229736638658e-28,"NCDN","0"
8.30891712326461e-33,0.816650349251682,0.476,0.27,1.49618670638626e-28,"C14orf132","0"
8.59434966720583e-33,0.927005452717893,0.394,0.204,1.54758454457375e-28,"PNCK","0"
9.07122081856793e-33,0.890513639072006,0.43,0.234,1.63345473279953e-28,"SCN1A","0"
1.62883013460929e-32,0.608219344642413,0.719,0.522,2.93303442339094e-28,"NECAB1","0"
1.94064719207696e-32,0.427502021073935,0.902,0.77,3.49452339877298e-28,"RAB3A","0"
2.51768669643234e-32,0.867508792327594,0.428,0.231,4.53359843426572e-28,"SLC2A13","0"
2.75496995925255e-32,0.371760282075605,0.966,0.894,4.96087440562606e-28,"EEF1A2","0"
3.41687726044797e-32,0.959648866421921,0.361,0.177,6.15277088288866e-28,"MGAT5B","0"
3.50398509750436e-32,0.324145269849226,0.987,0.959,6.3096259650761e-28,"PCSK1N","0"
4.77067222734065e-32,0.48375566314048,0.862,0.726,8.59054947977231e-28,"ATP2B2","0"
5.16346087411937e-32,0.696963654597067,0.59,0.376,9.29784399602674e-28,"PLCB1","0"
6.06855536794917e-32,1.13416615765948,0.452,0.269,1.09276476510661e-27,"NEFH","0"
7.0524423746641e-32,0.601548045906754,0.671,0.458,1.26993329840576e-27,"CDK5R1","0"
8.88203476201171e-32,0.876764952658346,0.427,0.232,1.59938799959545e-27,"CDH13","0"
1.03358902443632e-31,0.298986949067271,0.999,0.993,1.86118375630248e-27,"RTN3","0"
1.03729767861936e-31,0.997411091002337,0.337,0.162,1.86786192988988e-27,"FBXO34","0"
1.4207791806968e-31,0.805738182186732,0.501,0.3,2.55839707068072e-27,"SMARCA2","0"
1.92010478087675e-31,1.15819198342942,0.272,0.115,3.45753267892477e-27,"GABRA4","0"
2.98741842212264e-31,0.251676588613214,1,0.995,5.37944435271624e-27,"SNAP25","0"
3.33939689224415e-31,0.967431702245916,0.367,0.187,6.01325198386404e-27,"CLEC2L","0"
3.60648998998669e-31,0.67851724485131,0.629,0.437,6.49420652496904e-27,"CREG2","0"
3.79013261825447e-31,0.54702449786544,0.796,0.615,6.82489180569082e-27,"NPTXR","0"
8.64611809019527e-31,0.284328621576771,0.995,0.966,1.55690648450146e-26,"THY1","0"
1.01042349113156e-30,0.858978065638899,0.383,0.198,1.8194695804806e-26,"NTRK3","0"
1.64152712977879e-30,0.947715028264256,0.367,0.189,2.95589790259267e-26,"KCNC1","0"
1.77124802250633e-30,0.593580379442367,0.71,0.519,3.18948631412715e-26,"GRIA2","0"
2.20726873335321e-30,0.757643893985687,0.487,0.289,3.97462880814912e-26,"ELMOD1","0"
2.72186234766308e-30,1.13454626437776,0.277,0.122,4.90125752943692e-26,"SSTR1","0"
5.52806631268831e-30,0.79624409824866,0.498,0.308,9.95438900925784e-26,"MFSD4A","0"
7.19674463914362e-30,0.935642195963681,0.381,0.203,1.29591780717059e-25,"ACTN1","0"
1.03725155952393e-29,0.432882116300697,0.883,0.759,1.86777888323474e-25,"NPTN","0"
2.39054759859005e-29,1.09649330695865,0.263,0.112,4.3046590607811e-25,"MAN1C1","0"
2.41823851796868e-29,0.822153531637199,0.423,0.238,4.35452209930621e-25,"CAMK4","0"
2.4805027902577e-29,0.743838094460657,0.466,0.269,4.46664137441705e-25,"SYBU","0"
3.32456207874623e-29,0.595107871772746,0.637,0.431,5.98653893519833e-25,"CAMKK2","0"
5.19555405802087e-29,0.903198729488397,0.417,0.237,9.35563419227819e-25,"EPDR1","0"
1.18523132673956e-28,0.768800115096768,0.463,0.276,2.13424605005993e-24,"BAIAP3","0"
1.76966208648624e-28,0.666594196932438,0.591,0.399,3.18663051913578e-24,"YJEFN3","0"
1.91672338505771e-28,0.924703158389299,0.359,0.189,3.45144379947342e-24,"MFGE8","0"
2.08634266870332e-28,0.965923668855306,0.332,0.167,3.75687724353407e-24,"FLRT2","0"
2.33212247488513e-28,0.727702861252432,0.536,0.347,4.19945294052566e-24,"TMX4","0"
4.88195965564974e-28,0.478245963729095,0.817,0.679,8.79094475192849e-24,"CALY","0"
7.57279964463579e-28,0.396049417592067,0.898,0.787,1.36363403200957e-23,"PHYHIP","0"
1.07941228274334e-27,0.601783617113761,0.647,0.463,1.94369769753593e-23,"CHL1","0"
1.1809558479407e-27,0.646558445682909,0.565,0.367,2.12654719538681e-23,"GRIN2A","0"
1.37748905920673e-27,0.450285940384751,0.858,0.707,2.48044454891357e-23,"NSF","0"
1.44584467100439e-27,0.657237497521899,0.524,0.328,2.6035324990776e-23,"MKL2","0"
1.52237149528476e-27,0.725950288685139,0.495,0.306,2.74133435155926e-23,"CTNNA2","0"
2.13750150071246e-27,0.356924236982335,0.923,0.864,3.84899895233293e-23,"SERPINI1","0"
2.86547385457757e-27,0.901584954885666,0.367,0.198,5.15985876993783e-23,"CACNA1A","0"
3.02924564817544e-27,0.877585778198439,0.338,0.172,5.45476263866952e-23,"TESC","0"
3.19117099180704e-27,0.947579684670097,0.329,0.167,5.74634160494693e-23,"SORBS2","0"
6.13114845454722e-27,0.492820898576998,0.751,0.555,1.10403590221032e-22,"SV2A","0"
8.7568041190265e-27,0.935642195963681,0.335,0.173,1.5768377177131e-22,"HOMER1","0"
1.49268229726062e-26,0.36083945572649,0.939,0.881,2.6878730126772e-22,"SLC22A17","0"
1.75676151593113e-26,0.846388105815767,0.398,0.227,3.16340046173718e-22,"NCEH1","0"
1.90019186509451e-26,0.649843828354307,0.535,0.345,3.42167549147569e-22,"NLK","0"
2.09736162848335e-26,0.369768378115764,0.904,0.816,3.77671908440997e-22,"ATP1A3","0"
2.14478367941164e-26,0.715695711987716,0.497,0.312,3.86211197151653e-22,"CAMKK1","0"
2.44433893828644e-26,0.971548091299886,0.293,0.141,4.4015211261724e-22,"LRRC4","0"
3.31037733942671e-26,1.04585920225059,0.287,0.139,5.96099647510568e-22,"STEAP2","0"
3.41980565711608e-26,0.770041499117909,0.439,0.263,6.15804404676892e-22,"SCN8A","0"
5.20540416940785e-26,0.922618135476954,0.333,0.174,9.37337128785271e-22,"ABLIM2","0"
7.95469751866151e-26,0.597543685145123,0.608,0.424,1.43240238218538e-21,"OXR1","0"
8.36114953539375e-26,1.07397988859542,0.264,0.123,1.50559219683835e-21,"CDH8","0"
8.67132979234506e-26,0.864916244838269,0.367,0.202,1.56144635570757e-21,"KCNQ5","0"
1.26903847504599e-25,0.530824739772558,0.662,0.469,2.28515758201532e-21,"RBFOX1","0"
1.31578285220681e-25,0.830717944086794,0.386,0.22,2.3693301819688e-21,"SIPA1L1","0"
1.39355669470616e-25,0.732869583250137,0.42,0.242,2.50937754015738e-21,"SCRT1","0"
1.49955446278538e-25,1.09085456528651,0.258,0.12,2.70024772113764e-21,"GNAL","0"
2.67513146542639e-25,0.860756616858298,0.364,0.201,4.8171092297933e-21,"ICAM5","0"
4.38726230384254e-25,0.912346200955509,0.376,0.215,7.90014323052926e-21,"VAMP1","0"
4.62298340650883e-25,0.296364281447991,0.969,0.908,8.32460622010045e-21,"BASP1","0"
4.73283094743787e-25,1.02805783018508,0.289,0.144,8.52240868705137e-21,"TMEM65","0"
6.08334796653046e-25,0.622168603320432,0.56,0.376,1.09542846833314e-20,"SNX10","0"
6.08779660324076e-25,0.691316792076041,0.472,0.294,1.09622953434556e-20,"KLC2","0"
6.46719456026821e-25,0.785591680030007,0.381,0.215,1.1645477244675e-20,"EFR3B","0"
1.4533729642772e-24,0.673616315190803,0.472,0.294,2.61708869677396e-20,"ATRNL1","0"
1.83138623925661e-24,0.936645251723262,0.318,0.167,3.29777720102937e-20,"HTR2A","0"
1.97513095408677e-24,0.777877908640904,0.384,0.219,3.55661830902405e-20,"ADAM23","0"
2.17690836026186e-24,0.275897284106335,0.985,0.959,3.91995888432353e-20,"TPI1","0"
4.09108497732252e-24,0.810482425146406,0.36,0.2,7.36681671866466e-20,"DOCK4","0"
4.32194578463902e-24,0.620521682525771,0.527,0.346,7.78252777439949e-20,"RIMS3","0"
4.46814856306643e-24,0.858658496462515,0.35,0.195,8.04579511751372e-20,"CPNE6","0"
5.21677339636105e-24,0.525728111045414,0.624,0.435,9.39384385482735e-20,"NRN1","0"
5.79537796946407e-24,0.46840903048018,0.75,0.579,1.0435737109614e-19,"CYCS","0"
6.8834984730753e-24,0.761027485388171,0.435,0.269,1.23951157004667e-19,"FAM19A5","0"
7.59560712892539e-24,0.294248387247471,0.979,0.962,1.3677409757056e-19,"NORAD","0"
1.05919760722778e-23,0.73232477742363,0.409,0.243,1.90729713133507e-19,"KCNV1","0"
1.10754750478253e-23,0.67672389860212,0.453,0.279,1.99436079186191e-19,"R3HDM1","0"
1.24683765382042e-23,0.681247724972615,0.481,0.304,2.24518056323443e-19,"PTPRF","0"
1.24701964513369e-23,0.633793495540746,0.506,0.332,2.24550827499224e-19,"PRKCA","0"
1.39725060280455e-23,0.308933499399092,0.962,0.917,2.51602916047015e-19,"ATP5MD","0"
1.51891877551863e-23,0.671763947139628,0.481,0.307,2.7351170390764e-19,"GABRB3","0"
1.53686567789016e-23,0.810008363507574,0.368,0.211,2.76743402617682e-19,"GRIN2B","0"
1.61375857834774e-23,0.625226814144039,0.491,0.311,2.90589507203078e-19,"NRXN3","0"
1.77574463015985e-23,0.642564387123993,0.515,0.34,3.19758335552884e-19,"C1orf115","0"
2.00328035651033e-23,0.523335522866261,0.679,0.497,3.60730693796815e-19,"CRIP2","0"
3.12040007796542e-23,0.398559604563147,0.88,0.78,5.61890442039232e-19,"PPP3CA","0"
4.91181414303687e-23,0.479708505311515,0.758,0.617,8.84470372736649e-19,"TMEM130","0"
4.99463550241515e-23,0.335548735269738,0.923,0.844,8.99384014919896e-19,"GNG3","0"
5.13331767933958e-23,0.779670200315686,0.373,0.215,9.24356514518678e-19,"KIAA1211L","0"
5.1683157669927e-23,0.766131721564938,0.381,0.223,9.30658620162376e-19,"PARM1","0"
5.24529627119014e-23,0.4306265879274,0.815,0.7,9.44520499553209e-19,"MEG3","0"
5.27501640955234e-23,0.964355397420924,0.267,0.131,9.49872204868089e-19,"KCNK12","0"
7.03857676736095e-23,0.796118041800323,0.354,0.199,1.26743651849869e-18,"ARL4C","0"
7.38956137429215e-23,0.516782656093551,0.644,0.461,1.33063831666879e-18,"WASF1","0"
9.42720187183425e-23,0.636568986949084,0.515,0.344,1.69755624106119e-18,"SYT13","0"
9.50042720092846e-23,0.906712549317144,0.29,0.15,1.71074192607119e-18,"FAM81A","0"
9.61738689757284e-23,0.483512787458459,0.725,0.547,1.73180285864594e-18,"SLC25A4","0"
1.11173201473649e-22,0.726452230570226,0.369,0.209,2.001895838936e-18,"CIT","0"
1.22549153369245e-22,0.61734139753118,0.488,0.313,2.20674260471999e-18,"CNTNAP2","0"
1.3200969510397e-22,0.490970129920969,0.645,0.448,2.37709857973719e-18,"RCAN2","0"
1.89074039821409e-22,0.262450758009353,0.984,0.962,3.40465623506412e-18,"PKM","0"
1.94883179310143e-22,0.652294634574879,0.454,0.286,3.50926140983774e-18,"SSX2IP","0"
1.98175393000065e-22,0.444089189147027,0.738,0.569,3.56854430175218e-18,"PSD","0"
2.77110708549799e-22,0.347184709028628,0.914,0.854,4.98993252885623e-18,"MT-ATP8","0"
2.83954528602161e-22,0.606151450321521,0.547,0.379,5.11316919653911e-18,"PPP3R1","0"
2.86300156715435e-22,0.670787354505519,0.397,0.234,5.15540692197484e-18,"SHANK3","0"
3.38884947456182e-22,0.704751213943774,0.425,0.261,6.10230124884347e-18,"DBNDD1","0"
3.76290661030253e-22,0.506478679399001,0.651,0.474,6.77586593317176e-18,"FBXW7","0"
3.81860380851065e-22,0.474911760086787,0.769,0.634,6.87615987798512e-18,"ATP2B1","0"
4.13302845919434e-22,0.808906313267698,0.318,0.172,7.44234434647124e-18,"RASD1","0"
4.49860675662795e-22,0.636045772004958,0.515,0.348,8.10064118665995e-18,"CAPZA2","0"
5.78801729288762e-22,0.637757009227741,0.477,0.314,1.04224827393027e-17,"CHST1","0"
6.17118821152124e-22,0.945887152980437,0.282,0.147,1.11124586124863e-17,"STXBP6","0"
8.17648858442671e-22,0.688204247194365,0.422,0.26,1.47234029939772e-17,"LMTK2","0"
9.43454072414528e-22,0.59113946487485,0.521,0.351,1.69887774819684e-17,"FRRS1L","0"
1.19797283568855e-21,0.613788386500657,0.451,0.283,2.15718968522438e-17,"MIAT","0"
1.27027602911357e-21,0.478877541077344,0.723,0.557,2.28738604562481e-17,"VDAC1","0"
1.30538039335315e-21,0.49410773541963,0.614,0.432,2.35059847431101e-17,"ATL1","0"
1.59204102553345e-21,0.601801308892355,0.454,0.284,2.86678827467808e-17,"L1CAM","0"
1.65996850381435e-21,0.645825024943819,0.455,0.291,2.9891052848185e-17,"ARF5","0"
1.77544453743593e-21,0.935435212556935,0.269,0.137,3.19704297856089e-17,"CITED2","0"
1.88670598885648e-21,0.806617604273602,0.352,0.204,3.39739147413386e-17,"MICU3","0"
2.08920393116846e-21,0.682377104062903,0.401,0.24,3.76202951885504e-17,"TMEM132B","0"
2.82084436711925e-21,0.893570920270006,0.293,0.156,5.07949445187163e-17,"LMBR1","0"
3.59072780569714e-21,0.417724972156199,0.771,0.611,6.46582355971883e-17,"PCMT1","0"
3.83507128362573e-21,0.935766048394619,0.273,0.142,6.90581286042484e-17,"CHRM3","0"
4.14936713636513e-21,0.703220711070695,0.383,0.227,7.47176540245269e-17,"IRS2","0"
4.14967276021089e-21,0.7918596093236,0.317,0.174,7.47231573931175e-17,"FRY","0"
4.70006172501214e-21,0.521258881862846,0.655,0.483,8.46340114822936e-17,"SCN1B","0"
4.90477579544247e-21,0.8655641101622,0.278,0.144,8.83202977485326e-17,"TMEM178B","0"
5.12062973994085e-21,0.262109734945296,0.981,0.945,9.22071797271149e-17,"YWHAG","0"
5.89834086139487e-21,0.63612776008441,0.413,0.251,1.06211423891137e-16,"B4GALNT1","0"
6.15053673411897e-21,0.669354688011529,0.425,0.268,1.1075271497128e-16,"GNB5","0"
6.36648735992883e-21,1.03583052505203,0.255,0.129,1.14641337890238e-16,"KCNIP2","0"
6.72583917404377e-21,0.9391181059219,0.262,0.134,1.21112186007006e-16,"RGMB","0"
7.26381050984812e-21,0.963591125073102,0.265,0.136,1.30799435850835e-16,"EXTL2","0"
8.00043176420725e-21,0.57527055871245,0.508,0.343,1.4406377477808e-16,"JPH4","0"
8.24297515525894e-21,0.438672713229075,0.744,0.573,1.48431253620748e-16,"GOT1","0"
9.16212063801009e-21,0.566936085604854,0.515,0.344,1.64982306328648e-16,"ITPR1","0"
9.51010994890203e-21,0.25288748839062,0.981,0.955,1.71248549849879e-16,"MT-ND4L","0"
9.93067524256559e-21,0.792609256023184,0.343,0.198,1.78821669092879e-16,"RNF145","0"
1.15040177658682e-20,0.545724803878747,0.575,0.411,2.07152847909988e-16,"DIRAS1","0"
1.20220079433908e-20,0.77201662777225,0.366,0.219,2.16480297036637e-16,"TRIO","0"
2.01177652494931e-20,0.46159443092393,0.661,0.478,3.62260598847623e-16,"LINGO1","0"
2.23788687138821e-20,0.950288971928083,0.266,0.139,4.02976288930874e-16,"TOMM34","0"
2.82116401473265e-20,0.710054435467427,0.381,0.232,5.08007004132909e-16,"LYSMD2","0"
2.97841570527058e-20,0.688615599252674,0.368,0.219,5.36323316048073e-16,"SYT16","0"
4.07748987520187e-20,0.795109330474415,0.355,0.213,7.342336018276e-16,"ARHGAP32","0"
4.61528882942219e-20,0.620289610507004,0.481,0.322,8.31075059514053e-16,"KCNA2","0"
4.75116105925379e-20,0.668830341054539,0.422,0.268,8.55541571939831e-16,"ROCK2","0"
5.12865319737511e-20,1.01633189442907,0.255,0.133,9.23516581251336e-16,"SLITRK4","0"
5.60443655711597e-20,0.684584117862321,0.409,0.255,1.00919089083987e-15,"CELF5","0"
7.38748814665711e-20,0.589300175921946,0.469,0.308,1.33026499056855e-15,"AAK1","0"
8.37573535741813e-20,0.543029592612865,0.589,0.431,1.50821866581028e-15,"PPFIA2","0"
8.44587000479324e-20,0.773282403536977,0.306,0.169,1.52084781176312e-15,"RELL2","0"
8.83599024074783e-20,0.595943659805105,0.444,0.284,1.59109676265146e-15,"ZNF365","0"
9.49669750242241e-20,0.270967788220432,0.956,0.886,1.7100703192612e-15,"SNCB","0"
1.3095274585653e-19,0.749296551272167,0.357,0.215,2.35806609463854e-15,"KCNB1","0"
1.47487615292879e-19,0.722056791925259,0.35,0.208,2.65580948857888e-15,"SESN3","0"
1.51460984214395e-19,0.462230476121695,0.617,0.438,2.7273579427486e-15,"FAM131A","0"
1.5544965157836e-19,0.736426096993328,0.362,0.221,2.79918187597154e-15,"BTBD10","0"
1.81261515092993e-19,0.305734384260011,0.952,0.87,3.26397610227952e-15,"STMN2","0"
1.8345760620742e-19,0.76014495507013,0.322,0.185,3.30352111497702e-15,"PNMA3","0"
1.9411555483594e-19,0.869032574481507,0.256,0.132,3.49543879593078e-15,"ATP2B3","0"
2.03805811981906e-19,0.812200057607775,0.305,0.172,3.66993125635819e-15,"SYNGAP1","0"
2.16949307655134e-19,0.552185309728085,0.545,0.379,3.90660618294601e-15,"PIK3R1","0"
2.30597878854862e-19,0.359961891482631,0.846,0.747,4.1523760045395e-15,"TAGLN3","0"
2.39888505572798e-19,0.770971947347281,0.309,0.174,4.31967231984938e-15,"SH3BGRL2","0"
2.50336702642775e-19,0.642812033338261,0.399,0.248,4.50781300448845e-15,"MAP7D2","0"
2.54400889674568e-19,0.294950717725142,0.929,0.872,4.58099682036996e-15,"PLD3","0"
2.69227395744089e-19,0.916138928884433,0.252,0.131,4.8479777151638e-15,"FAM241B","0"
2.71622881892112e-19,0.760486643754513,0.294,0.161,4.89111323423125e-15,"KCTD1","0"
2.89030971185778e-19,0.407639791681911,0.696,0.516,5.2045806981423e-15,"HPCA","0"
2.91861495540594e-19,0.880326413760515,0.254,0.132,5.25554995019948e-15,"BEGAIN","0"
3.66407419071685e-19,0.850023004744318,0.295,0.165,6.59789839522383e-15,"SCN4B","0"
3.79081381545982e-19,0.602164326324455,0.45,0.293,6.82611843749849e-15,"CDK5","0"
4.70384789766135e-19,0.788224960906191,0.321,0.186,8.47021890931879e-15,"TIAM1","0"
5.10016889303094e-19,0.375100516712907,0.809,0.661,9.18387412568081e-15,"PTPRN","0"
5.2622458775469e-19,0.424783383004673,0.711,0.55,9.4757261516987e-15,"PAK1","0"
5.36849354143096e-19,0.688531180584728,0.357,0.214,9.66704632005473e-15,"SLC26A4-AS1","0"
5.86678485761995e-19,0.697850809143429,0.33,0.191,1.05643194931162e-14,"HCN1","0"
6.11372729732715e-19,0.645541403346408,0.427,0.275,1.1008988744297e-14,"GRIA3","0"
6.26609524526414e-19,0.824319380690504,0.302,0.171,1.12833577081471e-14,"NT5DC3","0"
7.07908882012231e-19,0.621988794628121,0.432,0.278,1.27473152383942e-14,"LPCAT4","0"
7.17504252955304e-19,0.520393889092517,0.551,0.393,1.29200990829662e-14,"SCG2","0"
7.41004949050587e-19,0.662011487962622,0.383,0.236,1.33432761175539e-14,"ETS2","0"
8.35780558332437e-19,0.296600625535407,0.913,0.849,1.50499005138922e-14,"PRKAR1B","0"
1.01145359502696e-18,0.761748292318424,0.287,0.157,1.82132448856504e-14,"CACNA1B","0"
1.242531163112e-18,0.675404624979834,0.349,0.207,2.23742586541578e-14,"AP3B2","0"
1.26842424968696e-18,0.76805692969167,0.286,0.157,2.28405154641131e-14,"BRINP2","0"
1.27007353697282e-18,0.477993878888974,0.613,0.449,2.28702141802696e-14,"PSD3","0"
1.30358548995556e-18,0.535620608859038,0.469,0.309,2.34736639176298e-14,"SPTBN2","0"
1.30451059854951e-18,0.712556004457149,0.335,0.197,2.34903223480811e-14,"OLFM2","0"
1.32316435771998e-18,0.731869479513983,0.318,0.184,2.38262205894637e-14,"OPN3","0"
1.35483675650088e-18,0.634861875942517,0.407,0.257,2.43965454743113e-14,"SGTB","0"
1.44898046892859e-18,0.538094222418064,0.534,0.376,2.60917913039971e-14,"GABRG2","0"
1.50280457069957e-18,0.650514019279271,0.444,0.294,2.70610019045872e-14,"GAD1","0"
1.54545079442773e-18,0.400945993986217,0.706,0.534,2.78289324552601e-14,"NUDT4","0"
1.59461376037608e-18,0.473398144156017,0.529,0.362,2.8714209983092e-14,"GUCY1B1","0"
1.7936767821825e-18,0.620719700089816,0.435,0.286,3.22987378167603e-14,"TPGS2","0"
1.92643481113439e-18,0.513080897305265,0.512,0.352,3.46893116440969e-14,"MBOAT7","0"
2.18107870021209e-18,0.718724904693384,0.317,0.182,3.92746841547191e-14,"WIPF2","0"
2.2130349506588e-18,0.626312725364913,0.389,0.243,3.9850120356513e-14,"ANXA11","0"
2.29259238189304e-18,0.554703835315411,0.474,0.318,4.1282711020748e-14,"PKIG","0"
2.45930486720507e-18,0.263577611886259,0.962,0.911,4.42847027437616e-14,"DNM1","0"
2.55691743963314e-18,0.41156431177604,0.65,0.473,4.6042412335474e-14,"MAPK10","0"
2.56177260811593e-18,0.588817251972817,0.408,0.261,4.61298393543435e-14,"AKAP12","0"
2.68852309819141e-18,0.468381102734413,0.639,0.495,4.84122354291328e-14,"RAB6A","0"
2.96304476692289e-18,0.442794093352604,0.664,0.495,5.33555471179805e-14,"KCNAB2","0"
3.06048702756467e-18,0.568571754128,0.417,0.264,5.51101899053571e-14,"KCNJ4","0"
3.55420933879193e-18,0.598263854688936,0.381,0.235,6.40006475636263e-14,"GRASP","0"
3.73291712498012e-18,0.579932509288867,0.496,0.347,6.7218638669517e-14,"MYCBP2","0"
3.87696330413458e-18,0.820597895288446,0.294,0.168,6.98124782175514e-14,"PPFIBP1","0"
4.11649646202457e-18,0.580350668963995,0.437,0.285,7.41257517916764e-14,"SLC4A10","0"
4.44282133273009e-18,0.508394625945856,0.577,0.423,8.00018837384706e-14,"VPS35","0"
4.48996530048269e-18,0.424004602749335,0.612,0.434,8.08508051657918e-14,"PEG3","0"
4.95294586632533e-18,0.83538277966537,0.281,0.157,8.91876962149202e-14,"FBXL2","0"
5.14273037688819e-18,0.466089448141843,0.56,0.397,9.26051458966257e-14,"MPC2","0"
5.23486687609781e-18,0.453801865356588,0.642,0.479,9.42642478378933e-14,"REEP2","0"
6.03545965788903e-18,0.757643893985687,0.334,0.2,1.08680522059608e-13,"FGFR1OP2","0"
6.43705046166377e-18,0.738951739100631,0.302,0.173,1.15911967663179e-13,"CNST","0"
6.63491337032247e-18,0.67920405589028,0.327,0.191,1.19474885059397e-13,"EGR1","0"
6.86352808217925e-18,0.480605148058065,0.589,0.429,1.23591550175802e-13,"SCN2A","0"
7.470033308797e-18,0.642829832192637,0.383,0.242,1.34512889791508e-13,"IQSEC2","0"
7.60801326959163e-18,0.268483427926042,0.965,0.927,1.36997494945536e-13,"ATP5F1B","0"
7.89640456256799e-18,0.436697558265771,0.63,0.466,1.42190556958162e-13,"ISCU","0"
8.04353998807231e-18,0.675404624979834,0.343,0.206,1.44840024565218e-13,"UNC5A","0"
8.22736804700219e-18,0.634643717850741,0.372,0.23,1.48150216422368e-13,"TCEAL6","0"
9.65659628977455e-18,0.653773296213735,0.343,0.204,1.7388632938997e-13,"THRB","0"
1.1711385550341e-17,0.347724328336807,0.842,0.725,2.1088691960499e-13,"CHCHD10","0"
1.20693088232233e-17,0.25009283295333,0.967,0.931,2.17332043979781e-13,"CLSTN1","0"
1.32588443840697e-17,0.445912362459664,0.663,0.505,2.38752010823943e-13,"UQCRFS1","0"
1.37031441562613e-17,0.372277753894847,0.804,0.664,2.46752516821797e-13,"NGEF","0"
1.43311174673487e-17,0.343343941941181,0.858,0.751,2.58060432234549e-13,"PREPL","0"
1.44639328541229e-17,0.754641405824163,0.275,0.152,2.60452038904191e-13,"PRMT8","0"
1.47843731101887e-17,0.369707257942688,0.783,0.651,2.66222206595169e-13,"ATP6V1G2","0"
1.55182223023219e-17,0.771699489207106,0.281,0.158,2.79436628997911e-13,"TMEM170B","0"
1.62873378192696e-17,0.60031325943287,0.42,0.277,2.93286092111587e-13,"IPO5","0"
1.69816598662899e-17,0.551881550599691,0.478,0.327,3.05788749212282e-13,"RASGRF1","0"
1.75238620941195e-17,0.470201087738133,0.56,0.402,3.1555218472881e-13,"SYT5","0"
1.8236676720565e-17,0.493741253995419,0.563,0.406,3.28387837707215e-13,"DLGAP1","0"
2.00289131279814e-17,0.59917345879744,0.392,0.248,3.6066063869556e-13,"NR2F1","0"
2.12988312860055e-17,0.830433313997573,0.256,0.139,3.83528054967102e-13,"STS","0"
2.39630247445596e-17,0.663971046884099,0.336,0.201,4.31502186575284e-13,"RHOBTB2","0"
2.40146154663707e-17,0.967278496467502,0.279,0.161,4.32431180702936e-13,"NME7","0"
2.48796480014662e-17,0.777550148441316,0.286,0.162,4.48007821562401e-13,"SLC25A12","0"
2.5136087945459e-17,0.624447950744853,0.385,0.243,4.52625535633881e-13,"SPTBN4","0"
2.52810197009036e-17,0.910983434993551,0.282,0.161,4.55235321754171e-13,"CNR1","0"
2.67271062896903e-17,0.683229333187637,0.349,0.214,4.81275002958453e-13,"STRBP","0"
2.68280721116972e-17,0.329819795341693,0.851,0.763,4.83093094515331e-13,"ATP5MC3","0"
2.76201947449e-17,0.654182052722592,0.421,0.28,4.97356846771414e-13,"BTBD3","0"
2.92900898281211e-17,0.575797866950036,0.418,0.271,5.27426647534976e-13,"SYNE1","0"
2.98289285652697e-17,0.614685940143644,0.404,0.261,5.37129516674812e-13,"CAMK2N2","0"
3.03271716362867e-17,0.535036801859335,0.472,0.32,5.46101379654615e-13,"GLRB","0"
3.15922701672794e-17,0.750022666326419,0.275,0.153,5.688820089022e-13,"PRDM8","0"
3.23418061658346e-17,0.723329529460352,0.313,0.185,5.82378903628184e-13,"SATB2","0"
3.24202207676937e-17,0.471336312658276,0.601,0.44,5.8379091536386e-13,"CLSTN3","0"
3.38145508943777e-17,0.571481684150132,0.454,0.304,6.08898617955059e-13,"TGFBR3L","0"
3.39631510999578e-17,0.806660714193998,0.264,0.146,6.1157446185694e-13,"RNF175","0"
3.53732743703765e-17,0.677951251705725,0.337,0.203,6.3696655158737e-13,"PTPRK","0"
3.74148247879251e-17,0.738756649692194,0.264,0.144,6.73728749956167e-13,"DZIP3","0"
3.97139068245301e-17,0.548654790642606,0.451,0.302,7.15128320189313e-13,"CNKSR2","0"
4.16810656596531e-17,0.634824701224583,0.404,0.264,7.50550949333374e-13,"MOCS2","0"
4.29317217078091e-17,0.52448109105963,0.466,0.312,7.73071512792519e-13,"TSPYL2","0"
5.54926287627097e-17,0.321041576593265,0.867,0.792,9.99255766130114e-13,"NDUFB1","0"
5.90152104116341e-17,0.311992378767106,0.849,0.729,1.0626868938823e-12,"RAB6B","0"
6.42069554232776e-17,0.622267119128046,0.38,0.242,1.15617464630696e-12,"MAP9","0"
7.06151459586919e-17,0.348306694796221,0.823,0.746,1.27156693327817e-12,"DSTN","0"
7.70471691073179e-17,0.629522467313528,0.396,0.258,1.38738837411547e-12,"VPS26B","0"
7.89062336711733e-17,0.589654839404609,0.404,0.264,1.42086454971682e-12,"CFAP36","0"
8.3323853438213e-17,0.735276080957232,0.267,0.148,1.5004126288619e-12,"FRMPD2","0"
9.73234971563984e-17,0.527243064310278,0.497,0.349,1.75250421329527e-12,"HLF","0"
1.00902383644406e-16,0.452596162490998,0.509,0.346,1.81694922228482e-12,"CISD1","0"
1.04243013346442e-16,0.337288263216182,0.83,0.715,1.87710394132939e-12,"SCG5","0"
1.10327514109259e-16,0.294845424249991,0.873,0.744,1.98666754656543e-12,"PI4KA","0"
1.16351450789202e-16,0.611947787149887,0.332,0.2,2.09514057436116e-12,"TEF","0"
1.30271488804173e-16,0.628534810977984,0.347,0.213,2.34579869889674e-12,"PTPN5","0"
1.36183689525832e-16,0.3779791908457,0.786,0.662,2.45225969729165e-12,"SNX3","0"
1.39445139843495e-16,0.679669216313749,0.271,0.151,2.51098863316182e-12,"IGFBP6","0"
1.49744003880074e-16,0.525437798691302,0.465,0.318,2.6964402778685e-12,"MAL2","0"
1.57558803147374e-16,0.663825557695524,0.33,0.199,2.83716136827476e-12,"ARHGAP26","0"
1.83724586646061e-16,0.555888476170989,0.432,0.29,3.30832863173563e-12,"PCSK2","0"
1.86875007088727e-16,0.719861741567269,0.291,0.169,3.3650582526467e-12,"CCDC184","0"
1.93982831192943e-16,0.498735984730655,0.495,0.344,3.49304884129133e-12,"CACNG3","0"
2.11920520933711e-16,0.594907223512908,0.367,0.23,3.81605282045333e-12,"CDKL5","0"
2.17554269966181e-16,0.665517163843132,0.323,0.194,3.91749973928102e-12,"MAGEE1","0"
2.3099885302813e-16,0.366277065830381,0.656,0.488,4.15959634647754e-12,"HSPH1","0"
2.34130289944669e-16,0.495940195347012,0.485,0.339,4.21598413103365e-12,"DLG4","0"
2.37147689331396e-16,0.63100888668123,0.342,0.209,4.27031844179044e-12,"HYOU1","0"
2.41668950201351e-16,0.539133558778609,0.507,0.358,4.35173278627573e-12,"PDE2A","0"
2.49339366759477e-16,0.371286187268781,0.713,0.548,4.48985397723791e-12,"ATP6V1B2","0"
2.49778908521008e-16,0.510533956808393,0.537,0.388,4.49776880573779e-12,"RAB3C","0"
2.86899982957015e-16,0.704630763512404,0.276,0.156,5.16620799310696e-12,"FAXC","0"
2.99363221116196e-16,0.615912035794875,0.323,0.193,5.39063352263935e-12,"TMEM127","0"
3.11407186690707e-16,0.594400257635023,0.366,0.229,5.60750921073957e-12,"MRAS","0"
3.25549467347421e-16,0.411886183051815,0.665,0.507,5.862169258525e-12,"NCKAP1","0"
3.29141164281526e-16,0.479296432657389,0.513,0.358,5.92684494521743e-12,"SMIM37","0"
3.37632589730224e-16,0.497472279134874,0.491,0.344,6.07975004327215e-12,"SDC3","0"
3.38843882765397e-16,0.686254430843913,0.353,0.226,6.10156179695651e-12,"ADAM22","0"
3.45052118797904e-16,0.476722098106107,0.519,0.366,6.21335350319385e-12,"NTM","0"
3.54837557824014e-16,0.771449693510717,0.251,0.138,6.38955990373702e-12,"SLC6A7","0"
3.66928228411259e-16,0.524733262180488,0.471,0.327,6.60727660900155e-12,"TM2D3","0"
3.71556419398873e-16,0.515310397015325,0.483,0.337,6.6906164441155e-12,"RNF208","0"
3.75526470854828e-16,0.429172953231553,0.596,0.434,6.76210516068288e-12,"GLS","0"
4.25169030686374e-16,0.350305306980533,0.791,0.681,7.65601873556954e-12,"CTSB","0"
4.57077452982258e-16,0.433971658195721,0.574,0.419,8.23059369585151e-12,"CRMP1","0"
4.938333090695e-16,0.457604187064766,0.569,0.412,8.89245639641449e-12,"SLC39A10","0"
5.20586112539354e-16,0.578450886835557,0.438,0.299,9.37419412849615e-12,"ACSL6","0"
5.25219333937089e-16,0.287060974492346,0.907,0.835,9.45762454620516e-12,"TSPYL1","0"
5.43137217214570e-16,0.551244133319544,0.408,0.267,9.78027187038275e-12,"NMNAT2","0"
5.46830917294715e-16,0.382341827207847,0.633,0.469,9.84678432772593e-12,"PNMA1","0"
6.28517550035313e-16,0.697850809143429,0.331,0.206,1.13177155234859e-11,"RANBP2","0"
7.11692416560281e-16,0.690812385507478,0.29,0.169,1.2815445345001e-11,"GUCY1A2","0"
7.26492537201976e-16,0.65986867829921,0.335,0.208,1.3081951117396e-11,"CHCHD6","0"
7.5010109895991e-16,0.502270470564051,0.476,0.328,1.35070704889711e-11,"GOT2","0"
7.53685367874766e-16,0.702808027905587,0.304,0.182,1.35716124193209e-11,"FKBP1B","0"
7.76779747962054e-16,0.636660200259207,0.366,0.235,1.39874729215527e-11,"EBNA1BP2","0"
7.98945155576396e-16,0.535057783310036,0.442,0.303,1.43866054164642e-11,"DCAF6","0"
8.1352933282207e-16,0.441886823042076,0.59,0.444,1.4649222696127e-11,"ATP6V1H","0"
8.33763435871511e-16,0.698445710409906,0.29,0.17,1.50135781897383e-11,"SFXN1","0"
8.799253663692e-16,0.54209278437741,0.389,0.25,1.58448160722102e-11,"CCDC136","0"
8.96810658855069e-16,0.693856153577252,0.308,0.186,1.61488695340032e-11,"SPATS2L","0"
9.32662246388588e-16,0.392736355652018,0.645,0.493,1.67944490707193e-11,"NDRG3","0"
1.03075187572823e-15,0.508750110339059,0.459,0.316,1.85607490262383e-11,"CAMK1D","0"
1.04230184951892e-15,0.739415811318156,0.271,0.156,1.87687294042872e-11,"RAPGEFL1","0"
1.05261410357551e-15,0.688920445265492,0.293,0.173,1.89544221630843e-11,"RTN4RL2","0"
1.12363963560213e-15,0.638351030223887,0.342,0.215,2.02333789182876e-11,"PPM1L","0"
1.13280026398834e-15,0.595952121582929,0.398,0.265,2.0398334353638e-11,"TCAF1","0"
1.22090114693036e-15,0.577460987177935,0.433,0.3,2.19847669527749e-11,"OSBPL1A","0"
1.27545063979182e-15,0.745260169529855,0.286,0.169,2.29670396707314e-11,"POMGNT2","0"
1.37366754125625e-15,0.287275749650557,0.877,0.808,2.47356314154013e-11,"UQCRH","0"
1.43456971281345e-15,0.384616400879462,0.655,0.494,2.58322968186317e-11,"MAGED1","0"
1.44959011618666e-15,0.607206838211951,0.379,0.248,2.61027692221732e-11,"KCNJ3","0"
1.46170580749593e-15,0.483552319306846,0.507,0.36,2.63209364755792e-11,"ACSL3","0"
1.54732772399188e-15,0.55277301343545,0.401,0.265,2.78627303259217e-11,"ABHD8","0"
1.6778179585375e-15,0.573013856177421,0.435,0.3,3.02124679793848e-11,"MAN1A2","0"
1.78996039439467e-15,0.732073648918888,0.272,0.158,3.22318168218649e-11,"RGS12","0"
1.92817293613008e-15,0.647846585638106,0.355,0.229,3.47206100608944e-11,"DYNLT3","0"
1.93189807173743e-15,0.356294957767411,0.687,0.529,3.47876885777758e-11,"DDN","0"
2.00221467160394e-15,0.264831368954782,0.909,0.836,3.60538795915721e-11,"NDFIP1","0"
2.30175419606053e-15,0.567965734724334,0.381,0.249,4.14476878084619e-11,"PLPPR4","0"
2.31773721203071e-15,0.554892855301387,0.34,0.21,4.17354939770371e-11,"SLC41A3","0"
2.37074232746846e-15,0.651639429186033,0.299,0.178,4.26899570907245e-11,"RND1","0"
2.62018503577349e-15,0.377698633552708,0.682,0.54,4.71816719391733e-11,"NDUFC1","0"
2.72487740695435e-15,0.768096258400908,0.255,0.144,4.90668674670269e-11,"UBALD1","0"
2.79546975885639e-15,0.345426913769222,0.651,0.483,5.0338023947727e-11,"INPP5F","0"
2.8490182808934e-15,0.515976578093502,0.392,0.255,5.13022721840475e-11,"PRR36","0"
2.85092419131612e-15,0.701191812482049,0.27,0.156,5.13365919130294e-11,"DAGLA","0"
2.9266019085841e-15,0.643359479478584,0.385,0.256,5.26993205678738e-11,"DNAJA2","0"
3.23712092684904e-15,0.466595111982296,0.523,0.381,5.82908365297706e-11,"ARPC2","0"
3.53923655488395e-15,0.552635454974182,0.361,0.231,6.37310326437952e-11,"BRINP1","0"
3.70019101330011e-15,0.476367874171549,0.51,0.368,6.6629339576495e-11,"HPRT1","0"
3.70825251248636e-15,0.596964852581802,0.352,0.223,6.67745029923419e-11,"PDE1B","0"
4.06472644873777e-15,0.321450712252751,0.762,0.628,7.31935291624211e-11,"GRINA","0"
4.11228244072071e-15,0.683096940620633,0.315,0.196,7.40498699100578e-11,"TANC2","0"
4.25586355048378e-15,0.656484477955108,0.336,0.213,7.66353349535614e-11,"PAM","0"
4.60853555640671e-15,0.533381969937343,0.351,0.22,8.29858997642156e-11,"NAA20","0"
4.6868523360325e-15,0.787019656051231,0.262,0.153,8.43961500149372e-11,"CUL2","0"
4.84095381245838e-15,0.634414400841564,0.336,0.213,8.7171055300938e-11,"PIP4K2C","0"
4.86414599152463e-15,0.54640769376032,0.416,0.282,8.75886768693839e-11,"RBFOX2","0"
4.87553852036296e-15,0.377155334446489,0.749,0.594,8.77938221361759e-11,"ANXA6","0"
4.96422079078988e-15,0.572992590953892,0.368,0.237,8.93907237797534e-11,"SCYL1","0"
4.98728838913906e-15,0.374412067742963,0.671,0.526,8.9806102023227e-11,"MIF","0"
5.01003767032001e-15,0.475770897671889,0.541,0.399,9.02157483294525e-11,"KIF3A","0"
5.09772113591924e-15,0.649062466605465,0.287,0.169,9.17946644944977e-11,"RNF41","0"
5.47223998961235e-15,0.69120929950227,0.285,0.17,9.85386254929496e-11,"PLEKHA6","0"
5.5196932473265e-15,0.499025553590634,0.478,0.336,9.93931163046082e-11,"KIAA1549L","0"
5.61862686332472e-15,0.594605278128614,0.339,0.213,1.01174613927888e-10,"SLC2A3","0"
5.9315725934389e-15,0.44566240316772,0.452,0.307,1.06809827690054e-10,"SYNPR","0"
5.94080202940302e-15,0.489124078884261,0.437,0.298,1.0697602214346e-10,"SEMA6B","0"
5.95550404208558e-15,0.558042979243502,0.448,0.314,1.07240761285835e-10,"SUMO1","0"
6.08270814694874e-15,0.555679618268328,0.375,0.243,1.09531325602106e-10,"GFOD1","0"
6.21426339536387e-15,0.641363617796956,0.324,0.203,1.11900240960317e-10,"GGCT","0"
6.32057464842055e-15,0.742001944145546,0.263,0.153,1.13814587694109e-10,"MRPL3","0"
6.41834868722362e-15,0.624116637209029,0.318,0.195,1.15575204810836e-10,"PCYOX1","0"
6.42129451666906e-15,0.43691619148802,0.581,0.438,1.1562825036166e-10,"VDAC2","0"
6.76457244956123e-15,0.50021426735151,0.452,0.309,1.21809656099249e-10,"ELAVL4","0"
6.96045878324701e-15,0.514974660111971,0.432,0.296,1.25336981309929e-10,"ADGRB1","0"
7.0915066887454e-15,0.670400357294695,0.296,0.179,1.27696760944238e-10,"CACNA2D1","0"
7.10563618158872e-15,0.307996717466944,0.845,0.732,1.27951190721868e-10,"NCS1","0"
7.40647785210055e-15,0.572980764599175,0.365,0.237,1.33368446682775e-10,"NDEL1","0"
7.57369717337314e-15,0.594167319910336,0.315,0.193,1.3637956500093e-10,"AC116565.1","0"
8.20266648682596e-15,0.518522468522465,0.493,0.359,1.47705415428275e-10,"PRRT1","0"
8.95054098749866e-15,0.468919787768403,0.477,0.331,1.61172391561888e-10,"CHP1","0"
9.36408240597139e-15,0.351947441405727,0.734,0.599,1.68619031884327e-10,"NAT8L","0"
9.85499505477372e-15,0.495392639373995,0.461,0.321,1.7745889595131e-10,"PGP","0"
9.87750206039456e-15,0.582727648234894,0.377,0.249,1.77864179601525e-10,"KNDC1","0"
1.01205700613658e-14,0.627739605930471,0.301,0.183,1.82241105095014e-10,"UGCG","0"
1.07680700649794e-14,0.504417566800943,0.493,0.357,1.93900637660085e-10,"MYT1L","0"
1.13471086900427e-14,0.297880137742543,0.854,0.751,2.04327386181599e-10,"ATP2A2","0"
1.17007973798977e-14,0.620838167125239,0.339,0.218,2.10696258419817e-10,"SNPH","0"
1.18858824558898e-14,0.513360662449031,0.417,0.281,2.14029085383208e-10,"DDRGK1","0"
1.24266557761434e-14,0.556775185335106,0.383,0.253,2.23766790561015e-10,"MRPL21","0"
1.2724126441833e-14,0.473412218831376,0.504,0.366,2.29123344838087e-10,"KALRN","0"
1.2740488272256e-14,0.521653869248517,0.41,0.278,2.29417972318515e-10,"CHMP3","0"
1.27499737991589e-14,0.404026689465663,0.625,0.486,2.29588778201455e-10,"SEC61G","0"
1.27834735945906e-14,0.574688944094256,0.361,0.235,2.30192009017792e-10,"GARS","0"
1.35527300465139e-14,0.540001618565725,0.41,0.28,2.44044009947576e-10,"EXOSC6","0"
1.35714058898908e-14,0.740976830845208,0.268,0.158,2.44380305859264e-10,"EHBP1","0"
1.38148132884185e-14,0.533441831560176,0.423,0.291,2.48763342884552e-10,"PPME1","0"
1.51361832805973e-14,0.572980764599175,0.346,0.221,2.72557252333715e-10,"PDPK1","0"
1.59405678222919e-14,0.381617534121551,0.616,0.48,2.8704180477601e-10,"MDH2","0"
1.68499998543193e-14,0.69420555196219,0.281,0.169,3.03417947376728e-10,"PRRT3","0"
1.79653432051461e-14,0.633867353347264,0.294,0.179,3.23501935095066e-10,"LANCL2","0"
1.80185151963407e-14,0.422930824454705,0.486,0.338,3.24459403140506e-10,"PRRT2","0"
1.96413288475637e-14,0.713124513499229,0.266,0.157,3.5368140855808e-10,"LINC00599","0"
2.01211196708347e-14,0.583272987512182,0.328,0.206,3.62321001912721e-10,"TMEM70","0"
2.21549403821878e-14,0.456474359265122,0.469,0.329,3.98944011462055e-10,"NDUFS1","0"
2.25359976163718e-14,0.460666982336665,0.521,0.385,4.05805709078008e-10,"MRPL33","0"
2.27504363367526e-14,0.743358427255091,0.272,0.163,4.09667107115904e-10,"DBN1","0"
2.38640705942817e-14,0.325650385614398,0.774,0.656,4.2972031919123e-10,"CHGA","0"
2.42355697700635e-14,0.469330079703535,0.507,0.367,4.36409904849534e-10,"HSPA12A","0"
2.58931955592275e-14,0.665413957544893,0.293,0.179,4.6625877243501e-10,"CGREF1","0"
2.61278599413555e-14,0.582493363045283,0.331,0.211,4.70484373963988e-10,"TMEM38A","0"
2.80370638832145e-14,0.733609188754595,0.264,0.157,5.04863409345044e-10,"DLGAP3","0"
2.83532786329866e-14,0.62836087704072,0.299,0.183,5.1055748834419e-10,"GRM5","0"
2.89858156892405e-14,0.524983137195412,0.38,0.25,5.21947583116154e-10,"PRKAR2B","0"
3.08226417777851e-14,0.588469553385998,0.373,0.25,5.55023310492577e-10,"MEF2A","0"
3.09742332336938e-14,0.513040397633963,0.386,0.256,5.57753017839123e-10,"REEP1","0"
3.24654465046457e-14,0.677836946136476,0.291,0.177,5.84605295209155e-10,"TMEM250","0"
3.36882610841099e-14,0.38284929845452,0.561,0.408,6.06624517341566e-10,"CNIH2","0"
3.49526325855767e-14,0.644194357912733,0.27,0.16,6.2939205496848e-10,"ARHGEF11","0"
3.50165322169449e-14,0.729149978160391,0.254,0.148,6.30542695630527e-10,"PRPS2","0"
3.64881181363596e-14,0.353295446372874,0.679,0.526,6.57041543281427e-10,"SARS","0"
3.73359552995583e-14,0.616112784917791,0.326,0.206,6.72308547079146e-10,"CKMT1A","0"
3.79414147487006e-14,0.781926174256054,0.26,0.155,6.83211055379852e-10,"SLITRK5","0"
3.88124641707223e-14,0.354871222236386,0.625,0.473,6.98896042322196e-10,"SPINT2","0"
3.90033581019458e-14,0.478500665595121,0.503,0.373,7.02333469341739e-10,"ATP6V1D","0"
3.99461893496206e-14,0.631977455753214,0.299,0.184,7.19311031618618e-10,"GALNT11","0"
4.10240385926676e-14,0.399359895628627,0.51,0.364,7.38719862938166e-10,"NAP1L5","0"
4.10801901389852e-14,0.482185284605111,0.497,0.363,7.39730983832707e-10,"UNC13A","0"
4.15866279157188e-14,0.701678089902313,0.28,0.169,7.48850408878348e-10,"CCNG2","0"
4.31945960633516e-14,0.389479078645313,0.605,0.46,7.77805091312773e-10,"FBXO2","0"
4.48650014970944e-14,0.565179646439929,0.385,0.258,8.07884081958178e-10,"PLK2","0"
4.55385681409439e-14,0.321556166181923,0.865,0.774,8.20012996513977e-10,"CLTC","0"
5.20013693764678e-14,0.369546221902759,0.614,0.464,9.36388658362056e-10,"CAP2","0"
5.21318804552911e-14,0.501241546845991,0.388,0.256,9.38738771358427e-10,"CACNB3","0"
5.22520515974417e-14,0.672082254470038,0.299,0.188,9.40902693115132e-10,"MRPS25","0"
6.14987825958712e-14,0.343865640607046,0.693,0.538,1.10740857820385e-09,"SYNGR1","0"
6.3147675727267e-14,0.362391478757606,0.689,0.541,1.1371001968209e-09,"PACSIN1","0"
6.36664034200367e-14,0.469927809285192,0.433,0.299,1.1464409263846e-09,"TXNL1","0"
7.03496327192559e-14,0.285200677945692,0.83,0.723,1.26678583637564e-09,"SLC25A3","0"
7.27710654229911e-14,0.488521845025001,0.379,0.25,1.3103885750718e-09,"CD200","0"
7.40194638052494e-14,0.634749205003267,0.297,0.184,1.33286848474113e-09,"TBRG1","0"
7.50450648124616e-14,0.648739330489237,0.265,0.156,1.351336482078e-09,"STXBP5L","0"
7.74720096786733e-14,0.469077174971379,0.485,0.354,1.39503847828387e-09,"P4HTM","0"
7.83364888346058e-14,0.29561784158721,0.799,0.665,1.41060515444475e-09,"SEZ6L2","0"
8.6730649392534e-14,0.639237345527079,0.286,0.175,1.56175880361136e-09,"SEC14L1","0"
8.7182754480491e-14,0.317924715840142,0.761,0.632,1.5698998599302e-09,"AK5","0"
8.81774774902166e-14,0.630671037727921,0.287,0.175,1.58781183716633e-09,"MMP17","0"
8.81801433324339e-14,0.533642219787582,0.361,0.235,1.58785984098714e-09,"GSK3B","0"
8.91745285278925e-14,0.621279310091927,0.287,0.175,1.60576573520176e-09,"BCL7B","0"
9.22062799528941e-14,0.654792159721921,0.287,0.176,1.66035848311176e-09,"ACSL4","0"
9.64163000308029e-14,0.48813304789333,0.433,0.301,1.73616831465467e-09,"HMGCR","0"
9.73479324321366e-14,0.398933911947442,0.543,0.407,1.75294421930548e-09,"ELMO1","0"
1.0649926480806e-13,0.416343349829029,0.509,0.367,1.91773226139874e-09,"SLC6A17","0"
1.0830337639604e-13,0.443859873753616,0.531,0.399,1.95021889876349e-09,"LZTS3","0"
1.27829053853424e-13,0.60039802661412,0.307,0.193,2.30181777273861e-09,"MATK","0"
1.34683275783044e-13,0.526453358164863,0.359,0.234,2.42524174702527e-09,"DHPS","0"
1.38927500075206e-13,0.478000944412123,0.376,0.249,2.50166749385424e-09,"MAST1","0"
1.39181421738428e-13,0.632780208575674,0.288,0.178,2.50623986124387e-09,"LIN7B","0"
1.40480731455905e-13,0.463196535520431,0.409,0.278,2.52963653132648e-09,"MYH10","0"
1.45604640957884e-13,0.515447622723901,0.386,0.259,2.62190276972862e-09,"KLHL2","0"
1.48033533790283e-13,0.539045045807685,0.336,0.214,2.66563984296162e-09,"CCDC106","0"
1.5124600694222e-13,0.410755319601819,0.547,0.408,2.72348684700855e-09,"ATP6V1C1","0"
1.56400226178261e-13,0.48483013881766,0.461,0.33,2.81629887279195e-09,"NRXN2","0"
1.60839062221237e-13,0.707378835179913,0.275,0.169,2.89622899341782e-09,"UBE2O","0"
1.61193979597019e-13,0.63362310088435,0.315,0.201,2.90261999060351e-09,"SHOC2","0"
1.61204707010236e-13,0.414168709543728,0.522,0.386,2.90281315913332e-09,"OPTN","0"
1.62420600273456e-13,0.382682131699766,0.613,0.475,2.92470774912413e-09,"ATP5MC1","0"
1.67868223914905e-13,0.444646666731871,0.493,0.359,3.0228031080357e-09,"SYNPO","0"
1.72808845899984e-13,0.354519716250344,0.644,0.488,3.11176888812102e-09,"CHGB","0"
1.81367338262348e-13,0.369470958518211,0.605,0.467,3.26588166009009e-09,"EIF5","0"
1.81752949083155e-13,0.408770650496088,0.51,0.37,3.27282535414038e-09,"TMEM132A","0"
1.86197392008283e-13,0.63262290389488,0.262,0.156,3.35285643789316e-09,"GLRX","0"
1.90997757255919e-13,0.508900145702287,0.393,0.268,3.43929661490734e-09,"CMIP","0"
1.93441633031642e-13,0.335461563127083,0.752,0.647,3.48330348600077e-09,"NAPA","0"
2.01795381118422e-13,0.679302442703896,0.276,0.169,3.63372942779943e-09,"FAM126B","0"
2.03703421877897e-13,0.473008862081634,0.433,0.301,3.6680875177553e-09,"IDH3G","0"
2.09548495933777e-13,0.639351660958697,0.291,0.18,3.77333976627952e-09,"TMEM25","0"
2.11419150015312e-13,0.454981658624054,0.433,0.299,3.80702463432572e-09,"FBXL15","0"
2.30382248060942e-13,0.503811754124308,0.45,0.323,4.14849314083337e-09,"ABHD14A","0"
2.31766438234921e-13,0.480242525198072,0.434,0.303,4.17341825329623e-09,"SLC9A6","0"
2.3749568640282e-13,0.615345186655247,0.306,0.194,4.27658482505558e-09,"SMIM10L2A","0"
2.42898299003723e-13,0.520974246947081,0.392,0.268,4.37386967016005e-09,"ASNS","0"
2.73790430517188e-13,0.54118902884093,0.309,0.194,4.930144282323e-09,"SORBS1","0"
3.15205062293769e-13,0.376678011493828,0.543,0.398,5.6758975567239e-09,"ATP13A2","0"
3.30228527590953e-13,0.424935960345082,0.571,0.436,5.94642509633029e-09,"FAM213A","0"
3.37754249894031e-13,0.642166676565751,0.264,0.159,6.08194077784182e-09,"ARIH1","0"
3.40638345471631e-13,0.61149954031881,0.288,0.178,6.13387468690766e-09,"MAPK6","0"
3.45366902211192e-13,0.715716697405963,0.25,0.148,6.21902180811693e-09,"CLVS2","0"
3.53512508698582e-13,0.404509543314696,0.592,0.459,6.36569974413537e-09,"CACYBP","0"
3.7044101379284e-13,0.637378437716705,0.288,0.179,6.67053133536768e-09,"AACS","0"
4.40546817425804e-13,0.34415440884826,0.658,0.513,7.93292654138645e-09,"BRK1","0"
4.47812744142113e-13,0.417755087592651,0.551,0.414,8.06376408376703e-09,"ABI2","0"
5.02792051871977e-13,0.422667571448683,0.506,0.368,9.0537764780587e-09,"RTN4R","0"
5.09764885237553e-13,0.614359981027732,0.265,0.16,9.17933628847262e-09,"C6orf136","0"
5.7135008809139e-13,0.584399433043459,0.311,0.199,1.02883010362617e-08,"C2CD2L","0"
5.81049235872979e-13,0.620612533565409,0.291,0.182,1.04629535903647e-08,"TRAPPC6B","0"
5.87945216801903e-13,0.561182233435154,0.312,0.198,1.05871295189519e-08,"APOO","0"
5.89881534668594e-13,0.567577360145067,0.355,0.239,1.06219967947774e-08,"RFK","0"
5.95483980563745e-13,0.685807404692932,0.267,0.164,1.07228800380113e-08,"ZNRF1","0"
5.98266318175267e-13,0.525136623555564,0.362,0.242,1.0772981591382e-08,"RFPL1S","0"
6.08171704890516e-13,0.27349980648015,0.851,0.785,1.09513478899635e-08,"RTL8C","0"
6.45084434897443e-13,0.33914646791014,0.675,0.533,1.16160354191983e-08,"DDX24","0"
6.91228756003372e-13,0.46552207731707,0.453,0.326,1.24469562093527e-08,"TSPAN13","0"
6.95677159680214e-13,0.64013614133838,0.272,0.167,1.25270586143616e-08,"GPR155","0"
7.00429975210805e-13,0.556721462680018,0.333,0.218,1.2612642563621e-08,"CERS6","0"
7.0925756043124e-13,0.547320791917945,0.36,0.242,1.27716008906853e-08,"POLR3H","0"
7.15515160427118e-13,0.626180972393052,0.276,0.17,1.28842814938111e-08,"TMEM126A","0"
7.45541652085576e-13,0.6099472711534,0.335,0.222,1.3424968529105e-08,"AL161772.1","0"
7.74517305873583e-13,0.518177959290298,0.349,0.23,1.39467331268656e-08,"OGDHL","0"
7.7629647880543e-13,0.591142673541284,0.295,0.186,1.39787706938494e-08,"DYRK1A","0"
7.8132919397686e-13,0.439327052650703,0.491,0.36,1.40693947959413e-08,"SMAP2","0"
7.8346258278083e-13,0.417864665220672,0.489,0.353,1.41078107281344e-08,"CHRM1","0"
8.22173467198629e-13,0.470639570526937,0.415,0.288,1.48048776238457e-08,"AKT3","0"
8.27455398156532e-13,0.540499203527,0.374,0.256,1.48999893546047e-08,"CSRNP3","0"
8.56025872701473e-13,0.386783358203118,0.589,0.451,1.54144578897354e-08,"FABP3","0"
8.60299599662222e-13,0.570133875885017,0.293,0.184,1.54914148911176e-08,"MGRN1","0"
8.60371126817998e-13,0.546859716470024,0.311,0.199,1.54927028806117e-08,"TMEM63B","0"
8.91938874656997e-13,0.638752012152986,0.293,0.186,1.60611433159485e-08,"FAM102B","0"
8.97375968372e-13,0.529716516573782,0.291,0.18,1.61590490624746e-08,"TFG","0"
9.15713210265608e-13,0.3107887750237,0.728,0.586,1.64892477772528e-08,"NELL2","0"
1.03350037978937e-12,0.287380752633114,0.836,0.751,1.86102413388672e-08,"COX7B","0"
1.05280921021341e-12,0.634148501669826,0.252,0.151,1.8957935448313e-08,"SCAI","0"
1.05565998562135e-12,0.403682978477503,0.485,0.353,1.90092693610836e-08,"ARPC5L","0"
1.15245649951873e-12,0.701816165011907,0.259,0.159,2.07522841868337e-08,"COQ10B","0"
1.18089915928838e-12,0.579526848279287,0.299,0.19,2.12644511613058e-08,"RTN2","0"
1.23837258916008e-12,0.555570058722334,0.304,0.193,2.22993752130056e-08,"ASAP1","0"
1.25465834672879e-12,0.560820721490108,0.319,0.208,2.25926328495453e-08,"SLC20A1","0"
1.28694265924859e-12,0.414901777324951,0.534,0.409,2.31739764650894e-08,"ARNT2","0"
1.45736288459702e-12,0.617027114287243,0.287,0.182,2.62427334629385e-08,"PELI3","0"
1.45785840025084e-12,0.592838964202182,0.271,0.167,2.62516562133168e-08,"CLASP1","0"
1.4975548315e-12,0.550766855381815,0.308,0.196,2.69664698508204e-08,"ACTL6B","0"
1.54004146128326e-12,0.626442324272734,0.275,0.17,2.77315265933277e-08,"B4GALT6","0"
1.62515920461658e-12,0.399504148036255,0.516,0.386,2.92642417975308e-08,"ADGRL1","0"
1.64548989763232e-12,0.538674798412575,0.306,0.195,2.96303365866651e-08,"HSPA1B","0"
1.64983589993567e-12,0.49628714909009,0.358,0.239,2.97085950501415e-08,"LMBRD2","0"
1.67764194872223e-12,0.568166095121974,0.33,0.217,3.02092985706411e-08,"SNAP47","0"
1.68613697263121e-12,0.367811734596521,0.595,0.464,3.03622684661702e-08,"PPP2R2C","0"
1.81021869564093e-12,0.653746195460634,0.266,0.165,3.25966080524063e-08,"TLK1","0"
1.84556423198165e-12,0.374116950380231,0.664,0.533,3.32330751252936e-08,"CBX6","0"
1.89690628928822e-12,0.436707304262623,0.443,0.316,3.41575915512129e-08,"ADD2","0"
1.90959148330654e-12,0.452199122270675,0.453,0.325,3.43860138399008e-08,"AKR1B1","0"
1.97995933691663e-12,0.452134101674863,0.407,0.282,3.56531277798578e-08,"PTGES2","0"
2.07460366975807e-12,0.379779557832125,0.52,0.389,3.73573882813335e-08,"RBFOX3","0"
2.10961734251686e-12,0.346491821339851,0.606,0.47,3.79878794867011e-08,"SULT4A1","0"
2.12674441099999e-12,0.287279197873358,0.829,0.725,3.82962866088767e-08,"RHBDD2","0"
2.4453914227669e-12,0.509581036947942,0.388,0.272,4.40341633497636e-08,"TMEM246","0"
2.65416496623723e-12,0.315077586760205,0.694,0.56,4.77935485470338e-08,"KIF3C","0"
2.6550920127597e-12,0.516454380455763,0.349,0.234,4.78102418737639e-08,"IDH3A","0"
2.66756579160755e-12,0.537974640583615,0.337,0.225,4.80348572094772e-08,"CRELD1","0"
2.8125622524376e-12,0.46375520923561,0.339,0.221,5.06458084796438e-08,"WNK2","0"
2.82643638188482e-12,0.603347427675223,0.262,0.16,5.08956399286e-08,"AFG3L2","0"
2.84464167069963e-12,0.464138694695537,0.438,0.313,5.12234625642883e-08,"OPCML","0"
2.85447538889475e-12,0.524709095017574,0.306,0.195,5.14005383278278e-08,"ATRN","0"
2.92651628134741e-12,0.45438801031064,0.452,0.33,5.26977786782228e-08,"DDX1","0"
2.98753947359403e-12,0.523934909304931,0.343,0.23,5.37966233010077e-08,"UBR3","0"
3.06632159515606e-12,0.582693126153536,0.297,0.19,5.52152529639752e-08,"ZNF25","0"
3.07493315098637e-12,0.607329298156617,0.276,0.173,5.53703212498115e-08,"FAM20B","0"
3.22856284284447e-12,0.516831826147509,0.331,0.217,5.81367311111004e-08,"MAP3K12","0"
3.25881679802934e-12,0.337210538514201,0.717,0.592,5.86815140821143e-08,"RAN","0"
3.35958799934592e-12,0.602529704328406,0.277,0.173,6.04961011042219e-08,"QRICH1","0"
3.4567279412324e-12,0.469017774249152,0.416,0.293,6.22453000377718e-08,"SLU7","0"
3.58149786124518e-12,0.560189374399141,0.285,0.179,6.44920319874419e-08,"C20orf27","0"
3.72369830796882e-12,0.45010269785419,0.485,0.358,6.70526354315945e-08,"NEGR1","0"
3.74590864831665e-12,0.537197116964208,0.34,0.227,6.7452577030238e-08,"BOLA3","0"
3.75797735796397e-12,0.528019132088685,0.354,0.239,6.76698982848572e-08,"ACTR3B","0"
3.94653539328571e-12,0.505065522094923,0.358,0.243,7.10652628268958e-08,"GALNT9","0"
3.95414960579889e-12,0.300461870449908,0.813,0.744,7.12023719516205e-08,"PGK1","0"
4.03004099778327e-12,0.441332092447508,0.48,0.358,7.25689482470834e-08,"LONRF2","0"
4.12565973725468e-12,0.439226617895475,0.41,0.285,7.4290754888745e-08,"SUGP2","0"
4.30145724160529e-12,0.461987935862881,0.449,0.323,7.74563405495865e-08,"EIF4G3","0"
4.35929550586507e-12,0.517809830928798,0.34,0.226,7.84978341741123e-08,"CNTNAP1","0"
4.47876823171072e-12,0.551676142617844,0.326,0.217,8.06491795484149e-08,"KIAA0232","0"
4.58049987613181e-12,0.616190190837031,0.265,0.164,8.24810612695056e-08,"ASPDH","0"
4.73545737536471e-12,0.550403697881786,0.256,0.156,8.52713809581924e-08,"FABP7","0"
4.88845014504188e-12,0.506814823670865,0.29,0.183,8.80263217617692e-08,"GTF2F1","0"
4.89101948922904e-12,0.522867748193407,0.348,0.235,8.80725879425473e-08,"DEXI","0"
4.93198158112751e-12,0.584941807872801,0.269,0.167,8.8810192331363e-08,"C1D","0"
5.47329732367516e-12,0.534695556500473,0.318,0.208,9.85576649074186e-08,"DLG3","0"
5.6639835371998e-12,0.637942090704025,0.261,0.162,1.01991351554357e-07,"CUL1","0"
5.68923252273657e-12,0.488043531246332,0.338,0.225,1.02446010036917e-07,"AMD1","0"
5.8778371558762e-12,0.567217265728425,0.279,0.176,1.05842213665863e-07,"ITSN1","0"
5.99304168444493e-12,0.318125694968105,0.756,0.641,1.079167016118e-07,"C1QTNF4","0"
6.21289467571435e-12,0.517540022052006,0.309,0.199,1.11875594425588e-07,"IFNGR2","0"
6.25644456675905e-12,0.428312266685701,0.452,0.326,1.1265979731363e-07,"AASDHPPT","0"
6.37883629208633e-12,0.503222618456601,0.338,0.226,1.14863705111599e-07,"ADGRB3","0"
6.40220137853398e-12,0.590690459074666,0.272,0.17,1.15284440223261e-07,"MOSMO","0"
6.7228529584208e-12,0.607329298156617,0.277,0.175,1.21058413222283e-07,"BORCS8","0"
6.79746639685096e-12,0.471547904953354,0.446,0.327,1.22401977408095e-07,"SERP2","0"
7.17621914027653e-12,0.589368158274163,0.288,0.185,1.29222178058959e-07,"ZNF385A","0"
7.28804725397028e-12,0.528179846717296,0.324,0.214,1.31235866902243e-07,"STXBP5","0"
7.46287462180008e-12,0.53791453068097,0.3,0.193,1.34383983314754e-07,"SLC4A3","0"
8.01114795510723e-12,0.484057425370635,0.417,0.299,1.44256741227616e-07,"CS","0"
8.04492864629024e-12,0.559224976718079,0.287,0.183,1.44865030133748e-07,"UBE3A","0"
8.15542025119577e-12,0.579156879039951,0.277,0.175,1.46854652463282e-07,"MRPS6","0"
8.19957296943494e-12,0.549824616075982,0.291,0.186,1.47649710460615e-07,"FOXP1","0"
8.45610216332622e-12,0.500810827320209,0.345,0.232,1.52269031655015e-07,"HERPUD1","0"
8.48709304676982e-12,0.562198371862336,0.298,0.193,1.52827084493184e-07,"APOL2","0"
8.5299720469249e-12,0.58248699182895,0.287,0.183,1.53599206648977e-07,"ULK1","0"
8.71048052489063e-12,0.498959013499218,0.332,0.22,1.56849622811706e-07,"GDAP1","0"
8.83457471530051e-12,0.285144269172075,0.823,0.75,1.59084186898416e-07,"ATP5IF1","0"
8.95059137541183e-12,0.599685692404624,0.26,0.16,1.61173298897041e-07,"CACNA1E","0"
9.03201561781807e-12,0.562555544996965,0.303,0.197,1.6263950523005e-07,"MRPS36","0"
9.06609938573232e-12,0.577146884715341,0.309,0.204,1.63253251638882e-07,"GPRASP2","0"
9.22788648658231e-12,0.566650039711517,0.257,0.158,1.66166551963888e-07,"FAM213B","0"
9.68502600648885e-12,0.448298664718738,0.46,0.34,1.74398263298845e-07,"NARS","0"
1.00495535978147e-11,0.524836626070995,0.319,0.211,1.80962311635849e-07,"C12orf10","0"
1.02069141289922e-11,0.573575846776651,0.262,0.162,1.83795902720763e-07,"CEBPB","0"
1.03228095437017e-11,0.62297311133244,0.259,0.161,1.85882831453437e-07,"PANX2","0"
1.04405135018334e-11,0.531135364177007,0.32,0.211,1.88002326627514e-07,"SPIRE1","0"
1.07108369193303e-11,0.334103614134574,0.627,0.496,1.92870040406381e-07,"MAPRE3","0"
1.07256816428779e-11,0.654792159721921,0.266,0.168,1.93137349343303e-07,"TIPRL","0"
1.08503748268819e-11,0.538855959323455,0.332,0.223,1.95382699507662e-07,"NR1D1","0"
1.09630594979179e-11,0.595245629178259,0.277,0.177,1.97411812379008e-07,"UCHL5","0"
1.1093940082169e-11,0.462387774381309,0.376,0.259,1.99768579059616e-07,"ARHGEF12","0"
1.11959857245061e-11,0.440159495419664,0.366,0.249,2.01606114941181e-07,"CAMK1","0"
1.12152428113395e-11,0.301550560773612,0.725,0.598,2.01952877303791e-07,"CEND1","0"
1.14028546875123e-11,0.609252054093016,0.287,0.187,2.05331204358034e-07,"PMEPA1","0"
1.16218964973024e-11,0.370236295494242,0.536,0.406,2.09275490226925e-07,"LRP1","0"
1.18079765807999e-11,0.563252613630922,0.333,0.224,2.12626234290463e-07,"NDUFAF4","0"
1.19719217746399e-11,0.439673812667008,0.409,0.288,2.1557839539594e-07,"TPM1","0"
1.217783353293e-11,0.602996079285073,0.262,0.164,2.19286248427471e-07,"FARSB","0"
1.27629443316595e-11,0.45237500149771,0.406,0.287,2.29822338580192e-07,"FAM234B","0"
1.30899893888481e-11,0.509716380542101,0.302,0.195,2.35711438924988e-07,"TOMM40","0"
1.41571595419499e-11,0.542310439733684,0.332,0.224,2.54927971871891e-07,"KCNJ9","0"
1.41949197978384e-11,0.602302215687811,0.272,0.172,2.55607920799676e-07,"ALDH5A1","0"
1.42221247622469e-11,0.350935378901305,0.637,0.503,2.5609780059378e-07,"H2AFZ","0"
1.43007890916194e-11,0.536488598671214,0.295,0.191,2.5751430917279e-07,"NUMBL","0"
1.46315663285476e-11,0.402739404991695,0.522,0.395,2.63470614878156e-07,"PTPRN2","0"
1.57593452507308e-11,0.408499138905987,0.462,0.336,2.83778529929909e-07,"PPP1R7","0"
1.63426277500696e-11,0.568317646678486,0.334,0.228,2.94281697895503e-07,"CCDC25","0"
1.63661484600804e-11,0.433881201424678,0.441,0.319,2.94705235320668e-07,"MEF2D","0"
1.73742990423431e-11,0.531645962321034,0.336,0.228,3.12859002855472e-07,"JUN","0"
1.74382976509552e-11,0.267145146326757,0.783,0.689,3.1401142580075e-07,"B4GAT1","0"
1.85929215403817e-11,0.255892336589774,0.851,0.766,3.34802738177654e-07,"SPTAN1","0"
1.88801678282429e-11,0.378423155435848,0.561,0.436,3.39975182083169e-07,"HMGCS1","0"
1.91776332508389e-11,0.567087559771244,0.27,0.17,3.45331641947857e-07,"CDKN2AIPNL","0"
2.01623401047151e-11,0.409552927645697,0.441,0.319,3.63063258265604e-07,"RABL6","0"
2.05273414538173e-11,0.573004652058355,0.261,0.163,3.69635837558888e-07,"BEND6","0"
2.06364980303229e-11,0.575568927836727,0.29,0.188,3.71601420032024e-07,"CKMT1B","0"
2.09349062458073e-11,0.277264711367391,0.763,0.638,3.76974856768252e-07,"BEX2","0"
2.16325089662815e-11,0.372749740147946,0.478,0.352,3.8953658895583e-07,"FHL1","0"
2.21896175040723e-11,0.592241451234069,0.274,0.175,3.99568442395829e-07,"B4GALT5","0"
2.2207661490166e-11,0.59102782757395,0.29,0.189,3.99893360453419e-07,"ATAD1","0"
2.35641521464697e-11,0.491694037789611,0.339,0.228,4.2431968770148e-07,"CACNB4","0"
2.36408033417194e-11,0.36815251528569,0.55,0.43,4.25699945774342e-07,"APBA2","0"
2.36603691608601e-11,0.438167741028909,0.386,0.269,4.26052267479609e-07,"PSMD13","0"
2.37084269982494e-11,0.517229129896749,0.337,0.228,4.26917644957477e-07,"GRAMD1B","0"
2.39093219093813e-11,0.484232409391561,0.33,0.221,4.30535159622229e-07,"NCOA1","0"
2.61116861037398e-11,0.527783238607523,0.309,0.204,4.70193131670043e-07,"ARL2BP","0"
2.62896667144248e-11,0.351375675605885,0.497,0.364,4.73398028526647e-07,"JPT1","0"
2.80351776934382e-11,0.594072388364706,0.273,0.175,5.04829444725741e-07,"EID2","0"
2.86597538046762e-11,0.583952062620455,0.267,0.169,5.16076186760805e-07,"CARMIL2","0"
2.90894155691813e-11,0.616631584458613,0.281,0.183,5.23813106154248e-07,"FZD3","0"
2.92297940333992e-11,0.403329504155707,0.471,0.349,5.2634090115942e-07,"ATP6V1G1","0"
2.9726164579995e-11,0.621297484518152,0.255,0.16,5.35279045591971e-07,"DAB2IP","0"
2.98963225558958e-11,0.420698763457601,0.444,0.325,5.38343080264016e-07,"DOC2A","0"
3.14501166511726e-11,0.439735250568441,0.422,0.307,5.66322250537665e-07,"AMPH","0"
3.2615953378363e-11,0.296391839724021,0.581,0.435,5.87315472484182e-07,"CELF4","0"
3.30209206079485e-11,0.473161467976328,0.357,0.245,5.94607717387329e-07,"COPG1","0"
3.32599082733402e-11,0.396062666681834,0.472,0.349,5.98911168278037e-07,"PSIP1","0"
3.39535148709691e-11,0.387814513831758,0.43,0.308,6.1140094228154e-07,"PRKACA","0"
3.43833976583048e-11,0.479316200883708,0.341,0.233,6.19141841633094e-07,"ZBTB7A","0"
3.59053954261281e-11,0.539419660473768,0.285,0.183,6.46548455438288e-07,"GPR137","0"
3.68306615089578e-11,0.451192351607869,0.391,0.274,6.63209721791803e-07,"SERPINF1","0"
3.72350774649172e-11,0.328671896119218,0.64,0.507,6.70492039910764e-07,"RETREG2","0"
3.75799714830106e-11,0.549305008938145,0.321,0.218,6.76702546494573e-07,"GOLGA7B","0"
3.7785101127662e-11,0.484801822085255,0.318,0.211,6.8039631600581e-07,"TRAK1","0"
3.79797173632192e-11,0.355625517847327,0.565,0.435,6.83900770559489e-07,"LYNX1","0"
3.87700185796113e-11,0.529272620159817,0.294,0.193,6.98131724563061e-07,"HAGHL","0"
3.99225811950235e-11,0.479170584007343,0.357,0.246,7.18885919578787e-07,"TTC1","0"
4.0009009343213e-11,0.560827049113812,0.282,0.183,7.20442231243236e-07,"SLITRK1","0"
4.0141114128923e-11,0.386085031373724,0.487,0.369,7.22821042119515e-07,"MADD","0"
4.0296909169639e-11,0.44076344365027,0.383,0.268,7.2562644341769e-07,"MCF2L","0"
4.13930188768458e-11,0.465288914481672,0.323,0.213,7.45364090915363e-07,"PGRMC2","0"
4.15075255395224e-11,0.296587313613743,0.719,0.618,7.47426012390179e-07,"ENSA","0"
4.16791785649013e-11,0.38387191922485,0.45,0.326,7.50516968418178e-07,"CAMSAP2","0"
4.55073546177452e-11,0.293344509876252,0.67,0.539,8.19450934601738e-07,"MARCH6","0"
4.56615217802204e-11,0.43265414408048,0.436,0.321,8.22227022696428e-07,"MAP2K4","0"
4.91095150910285e-11,0.420917165089352,0.343,0.231,8.8431503824415e-07,"NBEA","0"
5.3571916192911e-11,0.354672078742262,0.586,0.462,9.64669494885748e-07,"ATP5F1C","0"
5.36241601990745e-11,0.28823162598518,0.731,0.605,9.65610252704735e-07,"ACOT7","0"
5.61952228130732e-11,0.357430737233605,0.511,0.385,1.01190737719501e-06,"ATCAY","0"
5.63364477832953e-11,0.363865514078647,0.484,0.354,1.0144504152338e-06,"EGFL7","0"
5.68560488016509e-11,0.478870413589342,0.364,0.255,1.02380687077133e-06,"FDX2","0"
5.97944296121455e-11,0.536781927318149,0.257,0.162,1.0767182940259e-06,"GGT7","0"
6.29999207126903e-11,0.383741523984546,0.437,0.315,1.13443957227341e-06,"COPS8","0"
6.38506664152963e-11,0.53055468594784,0.273,0.174,1.14975895014024e-06,"OCIAD2","0"
6.54732880856577e-11,0.457383716396325,0.351,0.239,1.17897749855844e-06,"CELF1","0"
6.56404241873844e-11,0.306789193825831,0.684,0.557,1.18198711834223e-06,"SERINC3","0"
6.61179193079661e-11,0.536947364511254,0.295,0.194,1.19058537297855e-06,"ZDHHC8","0"
6.68419290869981e-11,0.621287946889835,0.262,0.167,1.20362261706958e-06,"SMIM10L2B","0"
6.73686863642083e-11,0.530096060589064,0.312,0.21,1.2131079353603e-06,"IARS","0"
6.92308981550533e-11,0.474114089456209,0.364,0.254,1.24664078307804e-06,"MAP1S","0"
7.14917250180257e-11,0.302493031488434,0.641,0.514,1.28735149239959e-06,"MYL12B","0"
7.23567389482348e-11,0.315248906699969,0.651,0.522,1.30292779824086e-06,"UQCRC1","0"
7.24973772035337e-11,0.472241675123439,0.413,0.301,1.30546027130403e-06,"CAB39","0"
7.32663485235326e-11,0.613352979061014,0.26,0.165,1.31930713786325e-06,"ACVR1B","0"
7.81073654584983e-11,0.64102213462481,0.409,0.301,1.40647932981118e-06,"SST","0"
8.1932100060297e-11,0.55326617197682,0.363,0.261,1.47535132578577e-06,"HSPA4","0"
8.25524574278735e-11,0.305512320573564,0.708,0.607,1.48652210090372e-06,"CYFIP2","0"
8.27104261002604e-11,0.362001649207115,0.483,0.359,1.48936664278739e-06,"SUMO3","0"
8.41684314473187e-11,0.592671685514432,0.25,0.157,1.51562094507187e-06,"NFYC","0"
8.56411612773588e-11,0.297327963953874,0.627,0.486,1.5421403911214e-06,"NBL1","0"
9.17256042995928e-11,0.440050389362216,0.429,0.314,1.65170295662277e-06,"ARHGEF9","0"
9.38239170093381e-11,0.491071743352685,0.328,0.222,1.68948727358715e-06,"STAU2","0"
9.5800041666028e-11,0.422399724636126,0.39,0.275,1.72507135028017e-06,"KIF3B","0"
9.66483330280215e-11,0.385218612886073,0.467,0.343,1.74034653283558e-06,"SEZ6L","0"
9.71182741188239e-11,0.374364527647215,0.493,0.372,1.74880876205766e-06,"CDK5R2","0"
9.80274134653203e-11,0.544998017558753,0.284,0.186,1.76517963427002e-06,"ATF2","0"
9.86196621699311e-11,0.563236207344031,0.305,0.205,1.77584425669395e-06,"PSMG3","0"
1.01398209056991e-10,0.490744261349868,0.349,0.244,1.82587755048923e-06,"NEDD4L","0"
1.01933898937282e-10,0.479621205489036,0.302,0.199,1.83552371816364e-06,"NCKIPSD","0"
1.03816635924047e-10,0.413927110333038,0.417,0.301,1.86942616308432e-06,"DLGAP4","0"
1.04497329572241e-10,0.380059750700184,0.494,0.373,1.88168341360735e-06,"KIFC2","0"
1.04592963894562e-10,0.452063793185808,0.331,0.224,1.88340550084939e-06,"COPS4","0"
1.07137352580333e-10,0.557535426098574,0.274,0.177,1.92922230791406e-06,"NDUFAF2","0"
1.1148480540876e-10,0.3016312791234,0.647,0.51,2.00750689099554e-06,"SYT4","0"
1.13137239501334e-10,0.43933956404421,0.404,0.29,2.03726227170052e-06,"PDK2","0"
1.14924471282653e-10,0.45237500149771,0.408,0.293,2.06944495438674e-06,"HSD11B1L","0"
1.15106107818811e-10,0.591841227593743,0.261,0.167,2.07271568349333e-06,"LSM14B","0"
1.21321947131262e-10,0.432713310936801,0.341,0.232,2.18464430199263e-06,"GLRX5","0"
1.21400012913409e-10,0.385993027162103,0.423,0.306,2.18605003253175e-06,"NECAP1","0"
1.2419875495469e-10,0.485538497736896,0.323,0.22,2.2364469804691e-06,"AP1S2","0"
1.25065191212339e-10,0.517071456584218,0.3,0.199,2.25204889816059e-06,"PRKDC","0"
1.31913286757588e-10,0.588434692627961,0.262,0.168,2.37536255464389e-06,"LUZP1","0"
1.33843685446506e-10,0.448206743281522,0.29,0.188,2.41012324383524e-06,"MAEA","0"
1.34225207480458e-10,0.49401861751869,0.282,0.184,2.41699331110061e-06,"PIGQ","0"
1.37062089005163e-10,0.461014419700184,0.366,0.258,2.46807703671596e-06,"CACNB1","0"
1.38963003625578e-10,0.56746435580327,0.263,0.17,2.50230680628579e-06,"SLBP","0"
1.42427599030244e-10,0.543063012313135,0.26,0.165,2.56469377573761e-06,"ZBTB8OS","0"
1.45276420330153e-10,0.385333609900273,0.428,0.308,2.61599250088506e-06,"TMEM151B","0"
1.56740691344757e-10,0.420864315757844,0.439,0.325,2.82242962904504e-06,"PIANP","0"
1.5835996561158e-10,0.260068130913598,0.807,0.716,2.85158790076773e-06,"RUNDC3A","0"
1.58441859768049e-10,0.511837849469234,0.301,0.201,2.85306256884326e-06,"DPP10","0"
1.6284417157774e-10,0.517838541563549,0.292,0.193,2.93233499760036e-06,"MINK1","0"
1.655506486201e-10,0.433055985706444,0.399,0.287,2.98107052970214e-06,"SDHB","0"
1.66514054948998e-10,0.322997960984798,0.558,0.438,2.9984185874666e-06,"NDUFV2","0"
1.66598263864379e-10,0.497332656086269,0.273,0.176,2.99993493740588e-06,"ADGRL3","0"
1.66728957050695e-10,0.551490979935064,0.262,0.168,3.00228832961186e-06,"PISD","0"
1.68614905562861e-10,0.536615587597066,0.282,0.186,3.03624860447044e-06,"COPS3","0"
1.71175929069374e-10,0.564904632028489,0.275,0.18,3.08236495475222e-06,"PIP4P1","0"
1.72906840598219e-10,0.553024329839485,0.302,0.205,3.11353347865212e-06,"ANKRD46","0"
1.79327278800731e-10,0.571147213245733,0.254,0.162,3.22914630936476e-06,"PPA2","0"
1.84734955425964e-10,0.488393187707849,0.356,0.25,3.32652234235534e-06,"SOBP","0"
1.88291886079983e-10,0.547529802427676,0.272,0.176,3.39057199264226e-06,"MGAT4B","0"
1.90806283032909e-10,0.574811408763986,0.262,0.169,3.4358487385736e-06,"NPM2","0"
1.91564940279706e-10,0.425027036702606,0.377,0.266,3.44950987961667e-06,"NDUFA7","0"
1.99211615495849e-10,0.621644352692405,0.262,0.172,3.58720356023375e-06,"DPF1","0"
2.02130163120122e-10,0.479583650464607,0.304,0.202,3.63975784730405e-06,"GRK3","0"
2.06385159109643e-10,0.548190528356737,0.267,0.172,3.71637756008735e-06,"ELOF1","0"
2.08053208374598e-10,0.485981731749741,0.318,0.217,3.74641412320139e-06,"GAS2L1","0"
2.11430586055321e-10,0.28672279117565,0.667,0.539,3.80723056309816e-06,"ADGRB2","0"
2.1570106417675e-10,0.407122755090892,0.404,0.291,3.88412906263074e-06,"DOCK3","0"
2.23362148068409e-10,0.501989018517491,0.329,0.227,4.02208220026784e-06,"NECAB3","0"
2.35771603152945e-10,0.403476089711704,0.429,0.314,4.24553925797508e-06,"SDCBP","0"
2.3837102165011e-10,0.531480878498115,0.271,0.177,4.29234698685354e-06,"LYRM4","0"
2.38812827766517e-10,0.455367856559042,0.401,0.292,4.30030258959167e-06,"SFXN5","0"
2.39658962116231e-10,0.582119292895812,0.294,0.199,4.31553893082697e-06,"KPNA1","0"
2.45986444338927e-10,0.450179912593659,0.313,0.21,4.42947790321105e-06,"PFDN4","0"
2.50496007703911e-10,0.539428570976492,0.251,0.16,4.51068161072432e-06,"C19orf66","0"
2.62620489668032e-10,0.452342117685733,0.344,0.239,4.72900715745225e-06,"DDA1","0"
2.69941603630944e-10,0.468189158298966,0.349,0.244,4.86083845658241e-06,"UROD","0"
2.97277430449761e-10,0.365070151575642,0.497,0.381,5.35307469010884e-06,"DYNC1I1","0"
3.13854250987328e-10,0.522015645492545,0.302,0.204,5.65157349752881e-06,"KCTD2","0"
3.1527837303628e-10,0.426481357225286,0.444,0.333,5.6772176632643e-06,"SLC8A2","0"
3.18448425891062e-10,0.513509693495172,0.33,0.229,5.73430080502036e-06,"MKRN1","0"
3.19428606819656e-10,0.47426367270865,0.346,0.242,5.75195092300155e-06,"ABHD2","0"
3.20091670309913e-10,0.423277644616986,0.408,0.297,5.7638907072706e-06,"KCNK1","0"
3.20275086125542e-10,0.510569793782538,0.279,0.183,5.76719347586263e-06,"TESK1","0"
3.23282595465935e-10,0.441347667177655,0.382,0.274,5.8213496965551e-06,"THOC7","0"
3.33170039888043e-10,0.447237668993544,0.392,0.285,5.999392908264e-06,"UBE2E3","0"
3.46220002396357e-10,0.475034890015119,0.362,0.259,6.23438358315121e-06,"AL162231.1","0"
3.52173231381028e-10,0.450045929009242,0.328,0.224,6.34158337747817e-06,"PMM1","0"
3.52473165044148e-10,0.556648605379694,0.287,0.191,6.34698428294998e-06,"ACOT13","0"
3.55550191988334e-10,0.346950542943063,0.573,0.456,6.40239230713394e-06,"CYC1","0"
3.59150281251094e-10,0.370055515612795,0.456,0.337,6.46721911448844e-06,"KCNC2","0"
3.65268142480567e-10,0.472241675123439,0.306,0.206,6.57738344164757e-06,"SUGT1","0"
3.69199534824331e-10,0.501989018517491,0.324,0.224,6.64817602358173e-06,"RSRC2","0"
3.71377556784345e-10,0.449022965555491,0.333,0.229,6.6873956650157e-06,"AMPD2","0"
3.79653233973813e-10,0.541927420927793,0.356,0.252,6.83641578416644e-06,"PVALB","0"
3.81797377936608e-10,0.353058759122064,0.448,0.326,6.8750253845045e-06,"OLA1","0"
3.82786522552506e-10,0.512883659620784,0.281,0.185,6.89283691160297e-06,"UBE2W","0"
3.90084599225912e-10,0.48991656744663,0.33,0.23,7.024253378261e-06,"RPL7L1","0"
3.90493434582459e-10,0.50760871758011,0.339,0.239,7.03161527652633e-06,"CHPF","0"
3.99977220378899e-10,0.425902960456568,0.443,0.329,7.20238980736284e-06,"SUCLA2","0"
4.0185240806959e-10,0.432243607191519,0.397,0.291,7.23615631210911e-06,"FOXG1","0"
4.02975463144192e-10,0.530628176602478,0.291,0.195,7.25637916483746e-06,"ST3GAL5","0"
4.36834188190876e-10,0.328425000646337,0.553,0.423,7.8660732267531e-06,"ALDOA","0"
4.59330270282536e-10,0.532308243695417,0.283,0.189,8.27116017697762e-06,"SAMM50","0"
4.76807144100968e-10,0.296988200066328,0.595,0.465,8.58586624382613e-06,"SH3GL2","0"
4.86621197518365e-10,0.448394933169071,0.306,0.204,8.7625879037132e-06,"DCAF11","0"
5.12117730871421e-10,0.472241675123439,0.312,0.211,9.22170397980167e-06,"CLCN7","0"
5.39247144537243e-10,0.373594087190527,0.441,0.327,9.71022333168214e-06,"UROS","0"
5.55735541379779e-10,0.495449066284764,0.288,0.192,1.00071298936257e-05,"MBNL1","0"
5.58185519783423e-10,0.396474167505473,0.385,0.273,1.00512466547401e-05,"RBBP4","0"
5.63049679759648e-10,0.329065273445342,0.429,0.31,1.0138835583432e-05,"NPEPPS","0"
5.73516865830599e-10,0.579587084810512,0.263,0.173,1.03273182030116e-05,"DYNC1LI1","0"
5.73878429010684e-10,0.296691247225539,0.7,0.574,1.03338288711954e-05,"NLRP1","0"
6.00019565268842e-10,0.512257353971318,0.253,0.163,1.0804552311796e-05,"FAM169A","0"
6.03647406102409e-10,0.332617476229213,0.574,0.452,1.08698788416861e-05,"TCEAL2","0"
6.09697149095928e-10,0.30463439196521,0.645,0.526,1.09788165637704e-05,"PPP2CA","0"
6.13718951874802e-10,0.428403064189914,0.387,0.282,1.10512371664096e-05,"GTF3A","0"
6.36956180094589e-10,0.491503577284071,0.287,0.192,1.14696699349633e-05,"STAU1","0"
6.6711185359914e-10,0.484724305762485,0.355,0.253,1.20126831477597e-05,"ANKRD9","0"
6.73540941015629e-10,0.476053289073457,0.294,0.197,1.21284517248684e-05,"CNOT7","0"
6.80543974927449e-10,0.364583962162802,0.398,0.285,1.22545553565186e-05,"COPS7A","0"
6.89074151725207e-10,0.404237567625156,0.513,0.405,1.24081582501158e-05,"EPB41L3","0"
6.96609127445211e-10,0.415339283888962,0.397,0.288,1.25438405579059e-05,"ISCA1","0"
7.0714655620628e-10,0.536600920919817,0.291,0.196,1.27335880376065e-05,"PIH1D1","0"
7.49336471312715e-10,0.47628850818614,0.337,0.237,1.34933018389281e-05,"TTYH3","0"
7.5616091832538e-10,0.391068671518799,0.419,0.308,1.36161896562851e-05,"FNDC4","0"
7.69464447049542e-10,0.411783523555215,0.392,0.284,1.38557462980211e-05,"GALNT8","0"
7.75524264288359e-10,0.574903449661072,0.251,0.163,1.39648654270405e-05,"NANOS3","0"
7.96885633826754e-10,0.46029607021753,0.33,0.23,1.43495196083184e-05,"MRPS23","0"
8.02263340552147e-10,0.45973103665469,0.315,0.215,1.44463559733225e-05,"FBXL17","0"
8.50350161502926e-10,0.463628544818731,0.264,0.171,1.53122553581832e-05,"MAN1B1","0"
8.5797948561836e-10,0.50482588419503,0.297,0.202,1.54496365975298e-05,"CPEB4","0"
8.76133995841814e-10,0.25730591505912,0.659,0.518,1.57765448631235e-05,"KLHDC3","0"
8.83928560606898e-10,0.549332202149544,0.301,0.207,1.59169015908484e-05,"API5","0"
8.87025879245615e-10,0.526416815274477,0.302,0.208,1.59726750075758e-05,"TMEM181","0"
8.95287373277892e-10,0.500147671693323,0.318,0.222,1.6121439730615e-05,"MRPS33","0"
9.04355792542785e-10,0.355842509621714,0.471,0.354,1.62847347563179e-05,"ITGB1BP1","0"
9.07308181433353e-10,0.317922858804162,0.486,0.365,1.63378984230704e-05,"PIP5K1C","0"
9.32151183585502e-10,0.509918878267311,0.281,0.188,1.67852463628241e-05,"NIPSNAP1","0"
9.33691924621586e-10,0.369866374777105,0.367,0.259,1.68129904866609e-05,"CBX7","0"
9.43396890494037e-10,0.557942768638806,0.262,0.172,1.69877478071261e-05,"PLXNA1","0"
9.96659128309522e-10,0.416376620397861,0.368,0.263,1.79468409234696e-05,"NLGN2","0"
1.00075464052335e-09,0.504287402054247,0.272,0.18,1.80205888119039e-05,"MPP1","0"
1.0127045184644e-09,0.580070555473838,0.25,0.163,1.82357702639885e-05,"FAM155A","0"
1.04800168769206e-09,0.522392066484824,0.273,0.181,1.8871366390271e-05,"YTHDF2","0"
1.09622405726634e-09,0.462760622112553,0.336,0.237,1.9739706599195e-05,"MRPL4","0"
1.12040566967773e-09,0.320238581678388,0.492,0.375,2.01751448938869e-05,"NUAK1","0"
1.1303458804348e-09,0.267386699412653,0.817,0.726,2.03541382689895e-05,"NDUFC2","0"
1.13376574667832e-09,0.367578044103875,0.509,0.398,2.04157198004365e-05,"MPRIP","0"
1.1555364395637e-09,0.531262188935639,0.255,0.166,2.08077446672235e-05,"SMG7","0"
1.15607984713739e-09,0.405127479264902,0.41,0.304,2.0817529807403e-05,"TRIM9","0"
1.16500489394768e-09,0.458134728928063,0.312,0.215,2.09782431253159e-05,"CCAR2","0"
1.17043206929377e-09,0.427983755438524,0.324,0.224,2.10759702717729e-05,"FAM89B","0"
1.18311381508924e-09,0.443735247434444,0.34,0.238,2.1304330468312e-05,"CKAP5","0"
1.25215234297616e-09,0.301208527808309,0.566,0.444,2.25475072399717e-05,"RHEB","0"
1.32160273722645e-09,0.360215057389327,0.361,0.253,2.37981004892366e-05,"PPP5C","0"
1.35055492025514e-09,0.483212792944442,0.275,0.182,2.43194424490343e-05,"SERGEF","0"
1.36469534122046e-09,0.416843436464347,0.384,0.279,2.45740690093568e-05,"RAMP1","0"
1.37361296056855e-09,0.340637726038422,0.469,0.352,2.47346485809579e-05,"APC2","0"
1.3748691920982e-09,0.463479075268873,0.3,0.204,2.47572695421122e-05,"DPYSL4","0"
1.40829202463573e-09,0.461434920166856,0.301,0.206,2.53591144876156e-05,"GBA2","0"
1.42890183635831e-09,0.323038767026132,0.468,0.352,2.57302353673041e-05,"ACTN4","0"
1.43277699845106e-09,0.549366101254094,0.262,0.173,2.58000154111083e-05,"STK11","0"
1.47828841422356e-09,0.452293560896577,0.311,0.212,2.66195394749236e-05,"NR1D2","0"
1.52701443038311e-09,0.42279560720454,0.355,0.25,2.74969488479087e-05,"BCLAF1","0"
1.53262921835556e-09,0.428695371420552,0.377,0.274,2.75980543349285e-05,"OPA1","0"
1.54469282637778e-09,0.545194275896818,0.251,0.163,2.78152837245847e-05,"RALB","0"
1.54573403783406e-09,0.262540142096651,0.593,0.462,2.78340328192779e-05,"SNAP91","0"
1.5518346541865e-09,0.524437886248867,0.284,0.193,2.79438866179363e-05,"IGFBP2","0"
1.55426784805113e-09,0.509330993858659,0.289,0.196,2.79877011398567e-05,"STK32C","0"
1.62516506576848e-09,0.474419328428809,0.326,0.228,2.9264347339293e-05,"LMTK3","0"
1.6756921116005e-09,0.264809517263374,0.736,0.627,3.01741878535902e-05,"PNMA2","0"
1.71472842861054e-09,0.29440959182653,0.5,0.378,3.087711481399e-05,"CHD5","0"
1.72431026972065e-09,0.507798044532484,0.272,0.182,3.10496550268597e-05,"JAZF1","0"
1.77130894982562e-09,0.497776767230576,0.261,0.172,3.189596025951e-05,"TSPAN14","0"
1.7947590051915e-09,0.328822427899083,0.464,0.347,3.23182254064834e-05,"GDA","0"
1.87652814000483e-09,0.428614742723181,0.317,0.217,3.37906422170671e-05,"GAD2","0"
1.89276630850008e-09,0.443830062925205,0.311,0.213,3.4083042917161e-05,"CORO1A","0"
1.89783385834582e-09,0.283805614489251,0.602,0.478,3.41742942872332e-05,"OTUB1","0"
1.95416364767117e-09,0.526689459145815,0.273,0.184,3.51886248036148e-05,"COL4A3BP","0"
1.95576109959339e-09,0.265507109710768,0.707,0.589,3.52173901203783e-05,"ABR","0"
1.97479560074438e-09,0.417583373956492,0.31,0.213,3.5560144382604e-05,"RBM25","0"
2.18744438069943e-09,0.45575355233487,0.289,0.195,3.93893109632546e-05,"VMA21","0"
2.19348759019377e-09,0.331790867323167,0.543,0.425,3.94981310366193e-05,"NAP1L2","0"
2.22508061535939e-09,0.470188016355464,0.337,0.242,4.00670266407766e-05,"SRSF7","0"
2.24323521575696e-09,0.2746655739582,0.664,0.542,4.03939365301356e-05,"CLTB","0"
2.25551008269909e-09,0.477421914229119,0.29,0.197,4.06149700591625e-05,"BRD3OS","0"
2.27420017779459e-09,0.285292702570465,0.609,0.494,4.09515226015472e-05,"SPOCK2","0"
2.28157033587351e-09,0.410085199060869,0.351,0.249,4.10842370380743e-05,"MFF","0"
2.28617027933878e-09,0.399244922528016,0.413,0.308,4.11670682200534e-05,"AP3S1","0"
2.31355344254068e-09,0.40733715199108,0.404,0.297,4.166015683983e-05,"TBL1XR1","0"
2.35894046621581e-09,0.347435219387158,0.447,0.334,4.24774409751481e-05,"FBXO9","0"
2.41470850510482e-09,0.372212856792167,0.433,0.326,4.34816560514224e-05,"NCAM2","0"
2.42156092919932e-09,0.325026531600137,0.452,0.335,4.36050476520921e-05,"SPIN1","0"
2.42312251932499e-09,0.422132826825399,0.355,0.253,4.36331672054852e-05,"NAT14","0"
2.45273550358977e-09,0.438702564543728,0.306,0.21,4.4166408213141e-05,"ADAM11","0"
2.58719009377447e-09,0.33307212849218,0.505,0.392,4.6587532018597e-05,"FBXO44","0"
2.64588440548447e-09,0.529792697685597,0.273,0.184,4.76444404895588e-05,"CERK","0"
2.6485674891871e-09,0.350787645037995,0.424,0.313,4.7692754777792e-05,"WASL","0"
2.66467650382665e-09,0.46548430894813,0.279,0.188,4.79828298044064e-05,"TTC19","0"
2.67371734683356e-09,0.324934976343145,0.492,0.377,4.81456282644319e-05,"FAM49A","0"
2.68648894173258e-09,0.298728352993274,0.682,0.571,4.83756063737786e-05,"NDUFAB1","0"
2.69298017620386e-09,0.465944436662229,0.293,0.199,4.8492494032903e-05,"SLC27A4","0"
2.76386552719779e-09,0.356764457703503,0.459,0.348,4.97689265482505e-05,"ARHGEF7","0"
2.76560459336053e-09,0.359551505703215,0.391,0.284,4.98002419126431e-05,"PGBD5","0"
2.80332060437921e-09,0.426849772309424,0.287,0.193,5.04793941230564e-05,"TM2D1","0"
2.82608652997965e-09,0.267264984503536,0.775,0.705,5.08893401453436e-05,"PRKAR1A","0"
2.92825861524427e-09,0.268972414147958,0.639,0.502,5.27291528847036e-05,"DNAJB6","0"
2.96906890442692e-09,0.499360801471636,0.273,0.183,5.34640237620156e-05,"PITPNM3","0"
3.03461403313981e-09,0.466009721411924,0.251,0.163,5.46442948947486e-05,"OPRL1","0"
3.04946619706982e-09,0.432334799839027,0.393,0.289,5.49117378106363e-05,"PCDH7","0"
3.06217860173482e-09,0.428773646547329,0.32,0.223,5.5140650081439e-05,"UBE2E2","0"
3.18435286782578e-09,0.315018651391874,0.545,0.432,5.73406420909387e-05,"VDAC3","0"
3.20855134806283e-09,0.527024774671064,0.257,0.171,5.77763841245673e-05,"CALCOCO1","0"
3.37289894411957e-09,0.422853648161275,0.341,0.241,6.0735791286761e-05,"TMEM183A","0"
3.42624500576781e-09,0.489860527759669,0.279,0.189,6.16963938188609e-05,"TMEM245","0"
3.42975960535285e-09,0.466242934501995,0.347,0.25,6.17596812135888e-05,"NT5C3B","0"
3.50536011735602e-09,0.365982987732881,0.429,0.32,6.31210196332299e-05,"ABCA3","0"
3.5293203531288e-09,0.372278599690894,0.383,0.276,6.35524715987904e-05,"CCT6A","0"
3.66319230667914e-09,0.459017979967273,0.281,0.189,6.59631038663714e-05,"MZT1","0"
3.68365525632689e-09,0.420052043819915,0.289,0.195,6.63315802006784e-05,"PPP6R1","0"
3.69186515085997e-09,0.438358990212004,0.363,0.263,6.64794157715355e-05,"DBP","0"
3.71316242095748e-09,0.26204684205692,0.605,0.482,6.68629157141814e-05,"SELENOH","0"
3.71342765671272e-09,0.425886039431699,0.351,0.251,6.68676918144259e-05,"LRRC8B","0"
3.784547948497e-09,0.405888728974353,0.365,0.265,6.81483549085855e-05,"ADCY2","0"
3.96357452931097e-09,0.42319905218692,0.35,0.252,7.13720865493026e-05,"RAB40C","0"
3.9729025241247e-09,0.462573026885406,0.269,0.179,7.15400557519135e-05,"EXTL3","0"
3.99759392422849e-09,0.564500182975427,0.259,0.174,7.19846737935824e-05,"CDC123","0"
3.99958130293369e-09,0.323269454727767,0.556,0.442,7.2020460521927e-05,"BLCAP","0"
4.03140451872255e-09,0.534952635719428,0.307,0.218,7.25935011686369e-05,"RTF1","0"
4.18038172104151e-09,0.370362061104225,0.397,0.289,7.52761336507945e-05,"PRPF19","0"
4.25867513274577e-09,0.46707997000766,0.288,0.197,7.66859631153531e-05,"TRUB2","0"
4.2788679293566e-09,0.453909852351181,0.294,0.202,7.70495748039242e-05,"TSNAX","0"
4.30419083875082e-09,0.375902756793387,0.361,0.258,7.7505564433386e-05,"EMC3","0"
4.39950137599489e-09,0.443647903347304,0.298,0.205,7.92218212775399e-05,"STK24","0"
4.54304778966621e-09,0.396815404951198,0.354,0.252,8.18066615485194e-05,"CDK17","0"
4.64918614724813e-09,0.412641532922208,0.35,0.251,8.3717894953497e-05,"PPM1K","0"
4.6831001748216e-09,0.265330240575999,0.678,0.561,8.43285848480126e-05,"ATP6V1A","0"
4.70933488998763e-09,0.440220002072913,0.313,0.219,8.48009933640072e-05,"TPGS1","0"
4.70965339625788e-09,0.288064471522661,0.572,0.459,8.48067287064156e-05,"ITFG1","0"
4.77156451838522e-09,0.414620663120186,0.358,0.258,8.59215622825627e-05,"INPP4A","0"
4.88628665521453e-09,0.484375430759294,0.3,0.208,8.7987363800448e-05,"PPP1R2","0"
4.92792986037034e-09,0.468272772920493,0.282,0.192,8.87372329956887e-05,"ANAPC16","0"
4.94637044376291e-09,0.520335963324484,0.274,0.187,8.90692925808388e-05,"KIAA0319L","0"
4.9500232609075e-09,0.431069434241959,0.31,0.215,8.91350688591614e-05,"C15orf61","0"
5.18013476003539e-09,0.382947244416124,0.458,0.354,9.32786866239573e-05,"FKBP3","0"
5.24740941482743e-09,0.450215368793439,0.3,0.208,9.44901013327975e-05,"DMWD","0"
5.30484566259051e-09,0.356637632944871,0.517,0.408,9.55243558462673e-05,"CD99L2","0"
5.35921108463529e-09,0.278427318413087,0.561,0.435,9.65033140010277e-05,"NDUFA8","0"
5.39496108318037e-09,0.323208618838279,0.485,0.373,9.71470642248289e-05,"RCN2","0"
5.4262452776746e-09,0.492141232561143,0.31,0.218,9.77103987150866e-05,"CCNDBP1","0"
5.55164144270977e-09,0.56870451462473,0.256,0.172,9.99684074588749e-05,"APBA1","0"
5.57240087201494e-09,0.407360561724333,0.372,0.273,0.000100342222502373,"SOD2","0"
5.59650178485681e-09,0.492063116036182,0.264,0.177,0.000100776207639917,"LAMTOR3","0"
5.60655594308986e-09,0.492915243388188,0.255,0.169,0.000100957252867219,"DDX41","0"
5.62250311443141e-09,0.488815899658954,0.251,0.166,0.000101244413581566,"RNMT","0"
5.6298562093157e-09,0.506125220375344,0.27,0.182,0.000101376820761148,"RNF44","0"
5.63278875068947e-09,0.256876520680959,0.731,0.619,0.000101429627033665,"PPP3CB","0"
5.91274753709773e-09,0.529415383510673,0.254,0.17,0.000106470844900519,"PPP2R5D","0"
6.12050981360181e-09,0.367242719260046,0.397,0.294,0.000110212020213528,"PFDN1","0"
6.22080375346403e-09,0.489191744053376,0.284,0.196,0.000112018013188627,"KCNT1","0"
6.27772446320582e-09,0.379841037654043,0.367,0.267,0.000113042984408947,"UBE2K","0"
6.32832055938991e-09,0.44545346440913,0.352,0.256,0.000113954068312934,"CCT8","0"
6.54164422296784e-09,0.47108334905488,0.301,0.211,0.000117795387522982,"SLC4A8","0"
6.57592683744813e-09,0.45575355233487,0.288,0.198,0.000118412714561929,"SEC23A","0"
6.62582548827637e-09,0.488361340486715,0.277,0.189,0.000119311239567393,"JAK1","0"
6.73782956730805e-09,0.32958960383123,0.47,0.358,0.000121328097018516,"GPR162","0"
6.7877435569674e-09,0.384414938812645,0.496,0.395,0.000122226898230312,"VXN","0"
6.82524746985525e-09,0.281124508116689,0.528,0.407,0.000122902231189684,"CDKN2D","0"
7.09009281287959e-09,0.334536079093477,0.434,0.33,0.000127671301281523,"DUSP3","0"
7.09759435186489e-09,0.301286650149564,0.601,0.485,0.000127806381494031,"NDUFA12","0"
7.10190686683921e-09,0.379459004974298,0.386,0.285,0.000127884036951174,"SRM","0"
7.60858008498608e-09,0.396267502344673,0.354,0.255,0.000137007701590344,"MANBAL","0"
7.6475061341764e-09,0.511530806237496,0.256,0.171,0.000137708642958114,"MAGI2","0"
7.87580194727302e-09,0.39071178962684,0.371,0.272,0.000141819565664545,"RUSC1","0"
8.01828713959403e-09,0.448029515502571,0.326,0.232,0.00014438529652267,"ACOT8","0"
8.10054378696308e-09,0.358668168172241,0.377,0.274,0.000145866491971844,"C1QBP","0"
8.26461173824437e-09,0.418562415560495,0.357,0.261,0.000148820863570566,"FGF13","0"
8.37978168568352e-09,0.393943740772226,0.367,0.268,0.000150894728814103,"BCAP29","0"
8.38999503349331e-09,0.452176052069333,0.273,0.184,0.000151078640568114,"PITPNM1","0"
8.64513704357435e-09,0.402548935163125,0.389,0.289,0.000155672982743643,"OGT","0"
8.66167663745198e-09,0.44785751649648,0.273,0.184,0.000155970811210598,"SBNO1","0"
8.71271198244545e-09,0.456811634553832,0.293,0.203,0.000156889804667895,"ABI1","0"
8.84283214890918e-09,0.266001535327082,0.607,0.49,0.000159232878505408,"METTL26","0"
9.40083586501129e-09,0.33698888894218,0.488,0.382,0.000169280851421258,"RRAGA","0"
9.64282427117722e-09,0.43323053570873,0.291,0.201,0.000173638336651088,"CUL3","0"
9.68361883327966e-09,0.380461331204477,0.386,0.283,0.000174372924330867,"NDUFS4","0"
9.70747449978132e-09,0.457679380920547,0.303,0.213,0.000174802493317562,"LRRC75A","0"
9.75164089973484e-09,0.478265462751208,0.25,0.166,0.000175597797681525,"TNRC6C","0"
9.75918551303693e-09,0.465124270254287,0.265,0.179,0.000175733653533256,"TRAPPC4","0"
9.97983135720688e-09,0.361826906020023,0.389,0.286,0.000179706823249224,"USP33","0"
1.02825155341418e-08,0.318744334998058,0.486,0.375,0.000185157257223291,"UBE2N","0"
1.04864565055388e-08,0.313780517937277,0.524,0.411,0.000188829622295237,"UBE2V2","0"
1.07417629226054e-08,0.266459600190269,0.558,0.433,0.000193426924947355,"NME1","0"
1.09206450943699e-08,0.432150653031448,0.348,0.251,0.000196648056214319,"DNAJC19","0"
1.0953671684338e-08,0.503887301739904,0.262,0.177,0.000197242766019874,"OXA1L","0"
1.10683493026292e-08,0.330140439635075,0.466,0.36,0.000199307765892444,"AP2A2","0"
1.13149889729564e-08,0.44644853887052,0.313,0.221,0.000203749006436025,"SMARCA4","0"
1.20649217278852e-08,0.371993735430735,0.425,0.323,0.000217253045554029,"APMAP","0"
1.21722974008406e-08,0.266047813652931,0.583,0.46,0.000219186559296937,"NRSN2","0"
1.23544980388145e-08,0.559878765427783,0.259,0.177,0.000222467446184932,"CAPN1","0"
1.27533867055753e-08,0.330796773376965,0.402,0.297,0.000229650234407295,"IGSF21","0"
1.28826326714674e-08,0.510402670117029,0.254,0.17,0.000231977566515113,"C16orf58","0"
1.29717190670497e-08,0.401630035028675,0.314,0.221,0.000233581745240365,"RPAIN","0"
1.32084788916415e-08,0.467107523652002,0.286,0.198,0.000237845079401789,"MVD","0"
1.32993789793818e-08,0.481057822406709,0.283,0.197,0.000239481917281727,"USP2","0"
1.3432561272332e-08,0.329322552989651,0.454,0.352,0.000241880130830882,"PPP2R5C","0"
1.35638039954381e-08,0.40962969782376,0.356,0.261,0.000244243418545853,"GSTM3","0"
1.3606456481047e-08,0.44795115379325,0.283,0.196,0.000245011461854213,"SYNM","0"
1.3737416553743e-08,0.420510511964286,0.318,0.226,0.00024736965988325,"PAIP1","0"
1.39472505832407e-08,0.414854192965918,0.334,0.24,0.000251148141252414,"DBNL","0"
1.40487221991139e-08,0.404033119020597,0.4,0.304,0.000252975340639445,"TNPO2","0"
1.44003437280353e-08,0.42040274360382,0.264,0.177,0.000259306989510732,"TMEM50B","0"
1.46624749518311e-08,0.257938167661843,0.752,0.663,0.000264027186457623,"CA11","0"
1.51489011015423e-08,0.275425815160458,0.593,0.481,0.000272786262135472,"NHP2","0"
1.54229381199451e-08,0.46204590801755,0.284,0.197,0.000277720846725851,"MARS","0"
1.54879265222041e-08,0.445501827171017,0.287,0.199,0.000278891092885328,"RBM3","0"
1.57692051492184e-08,0.459641638343805,0.288,0.201,0.000283956077121975,"ARHGEF17","0"
1.58605155002566e-08,0.258407360348261,0.649,0.531,0.00028560030261312,"NPDC1","0"
1.60716873024914e-08,0.385886623913902,0.389,0.29,0.000289402873255963,"CAMLG","0"
1.65278286267418e-08,0.500147671693323,0.266,0.182,0.000297616610081739,"NRIP3","0"
1.67246165230814e-08,0.472241675123439,0.273,0.187,0.000301160169731127,"BTRC","0"
1.68197558576983e-08,0.267254125746667,0.611,0.495,0.000302873343729573,"NDUFS8","0"
1.68669024202411e-08,0.391693379788396,0.333,0.239,0.000303722311881282,"SSB","0"
1.70177431171171e-08,0.33960390654532,0.365,0.265,0.000306438500309928,"RAPGEF2","0"
1.70863355334909e-08,0.496489221370116,0.271,0.186,0.00030767364395157,"RAB4A","0"
1.75741306727328e-08,0.454880514462001,0.308,0.219,0.0003164573710239,"STRN4","0"
1.7824990887021e-08,0.422308411933739,0.303,0.212,0.000320974610902588,"PRDM2","0"
1.78667535908874e-08,0.452444520002623,0.28,0.192,0.000321726631911109,"NPTX2","0"
1.80525380774052e-08,0.405127479264902,0.355,0.261,0.000325072053159835,"ACP1","0"
1.91356544227764e-08,0.444227298953842,0.285,0.198,0.000344575729190935,"RIPOR1","0"
1.96071127875195e-08,0.432713310936801,0.303,0.213,0.000353065279964864,"IMMT","0"
1.96205434007257e-08,0.415557078765795,0.282,0.193,0.000353307125016867,"GRIPAP1","0"
1.97453649392229e-08,0.34913753043412,0.413,0.311,0.000355554786460588,"DNAJC8","0"
2.02007721425851e-08,0.467915749720649,0.261,0.177,0.000363755303971529,"GDAP1L1","0"
2.06123019400606e-08,0.415060014476161,0.289,0.2,0.00037116572103467,"UBE2H","0"
2.089740573138e-08,0.286913980891935,0.537,0.424,0.000376299585004959,"EIF1B","0"
2.10801427714161e-08,0.256413932371034,0.772,0.691,0.00037959013088489,"CAMK2B","0"
2.16416150142486e-08,0.318041025974143,0.444,0.34,0.000389700561561574,"LAGE3","0"
2.18441727195661e-08,0.504846340555366,0.266,0.183,0.000393348018161228,"FAM204A","0"
2.27734653144614e-08,0.472241675123438,0.316,0.227,0.000410081789917506,"JAKMIP1","0"
2.29997826660088e-08,0.408306030763611,0.365,0.27,0.00041415708646682,"WDR7","0"
2.31961827789964e-08,0.509942384308662,0.251,0.17,0.000417693663301388,"PMPCB","0"
2.33903793718409e-08,0.280747530661221,0.519,0.402,0.000421190561348738,"MXRA7","0"
2.38551013572624e-08,0.454023817182213,0.254,0.172,0.000429558810140223,"MTA3","0"
2.39244813824555e-08,0.315049025575825,0.43,0.323,0.000430808136253877,"NRSN1","0"
2.39406446613371e-08,0.404412920042325,0.284,0.195,0.000431099188416698,"SIN3B","0"
2.40693275479031e-08,0.410841130459295,0.341,0.246,0.000433416381155091,"AMFR","0"
2.41206166143062e-08,0.335887492333551,0.46,0.352,0.000434339943373813,"BAIAP2","0"
2.42130702378738e-08,0.407701422928728,0.334,0.241,0.000436004755773393,"ARMCX3","0"
2.43628393357553e-08,0.400881854122412,0.306,0.215,0.000438701647918946,"SLC1A4","0"
2.43867621380837e-08,0.409438753638408,0.324,0.232,0.000439132425820473,"GNG2","0"
2.4576671719443e-08,0.38204386615186,0.324,0.231,0.00044255212765201,"B4GALT2","0"
2.46307415103345e-08,0.393646071627322,0.355,0.261,0.000443525762376594,"ASTN1","0"
2.56972916075509e-08,0.395578624095926,0.304,0.213,0.00046273112997717,"CNIH1","0"
2.60338759252937e-08,0.476660346390444,0.256,0.174,0.000468792003786764,"BID","0"
2.63579202540514e-08,0.425848769638987,0.305,0.216,0.000474627070014703,"NNT","0"
2.69026630464685e-08,0.426523374817603,0.273,0.187,0.000484436253477758,"C1orf21","0"
2.69264869056872e-08,0.394877382571144,0.283,0.194,0.000484865249710709,"PPP1R12A","0"
2.7280777518673e-08,0.484348277980092,0.271,0.187,0.000491244960778745,"MPG","0"
2.73582808167407e-08,0.444835517782787,0.281,0.194,0.000492640562667049,"VPS53","0"
2.75012614220313e-08,0.27880062748312,0.542,0.428,0.000495215214426517,"SSU72","0"
2.75213945622066e-08,0.298353459968641,0.549,0.438,0.000495577751881654,"TSPYL4","0"
2.91506737946157e-08,0.424032582080819,0.305,0.215,0.000524916183019644,"CPSF6","0"
3.08588650713054e-08,0.48841061201695,0.256,0.175,0.000555675583338997,"FN3KRP","0"
3.10229864478853e-08,0.488712684802339,0.25,0.17,0.00055863091696707,"HDGFL2","0"
3.25673508427701e-08,0.418470418682458,0.303,0.215,0.000586440286625761,"COQ4","0"
3.32146166117317e-08,0.439788486711519,0.262,0.178,0.000598095601327453,"UNC80","0"
3.40889061828508e-08,0.388613323742842,0.334,0.242,0.000613838933634594,"NEURL1","0"
3.45683524111653e-08,0.495723108462602,0.268,0.185,0.000622472321867853,"ECSIT","0"
3.46428252744948e-08,0.374495860611238,0.348,0.253,0.000623813354717828,"RSL24D1","0"
3.49256768663296e-08,0.446615867447944,0.281,0.196,0.000628906663331997,"NQO2","0"
3.53323346412715e-08,0.390689302154356,0.345,0.252,0.000636229349885376,"NAA10","0"
3.55997173668062e-08,0.369856514094953,0.39,0.295,0.000641044110624079,"CMAS","0"
3.61011542215299e-08,0.297651364035278,0.591,0.476,0.000650073484067089,"SLC25A5","0"
3.68110509129665e-08,0.299156894011361,0.439,0.33,0.000662856593789788,"GRSF1","0"
3.68573637275466e-08,0.467809428808178,0.254,0.172,0.000663690548641932,"TWF2","0"
3.83033563723122e-08,0.305680485988219,0.562,0.461,0.000689728538196226,"NDUFB6","0"
3.91388261347719e-08,0.251921397161684,0.706,0.604,0.000704772842208838,"ATP6V1F","0"
4.01556567843543e-08,0.450423564917748,0.268,0.184,0.000723082911715867,"DUSP26","0"
4.03908265880123e-08,0.273263635625134,0.577,0.462,0.000727317614370338,"RAB1A","0"
4.06018822338561e-08,0.429172953231552,0.268,0.183,0.000731118093385046,"ATXN2L","0"
4.06127182854343e-08,0.36663148716284,0.341,0.248,0.000731313218165816,"STOML1","0"
4.09260173421217e-08,0.432448085264414,0.325,0.237,0.000736954794279586,"CTIF","0"
4.13463521230048e-08,0.486814476210711,0.298,0.213,0.000744523762678948,"USP46","0"
4.15656509459655e-08,0.387677379864966,0.418,0.32,0.000748472676584001,"ST8SIA3","0"
4.2568946940876e-08,0.368405864138899,0.342,0.248,0.000766539027564354,"NFIB","0"
4.4122333637987e-08,0.466353115760979,0.254,0.173,0.000794510861819233,"SYTL2","0"
4.46343258300493e-08,0.441684208147469,0.255,0.173,0.000803730305221698,"AJM1","0"
4.52444825475254e-08,0.253743169891482,0.554,0.438,0.000814717397233291,"ADCY1","0"
4.58451377604712e-08,0.469312344084766,0.257,0.176,0.000825533395652805,"AGFG1","0"
4.72184264524298e-08,0.361314524681304,0.366,0.27,0.000850262205128904,"FARSA","0"
4.72951133699929e-08,0.298961922047974,0.535,0.43,0.000851643106453462,"DNAJC5","0"
4.9636911961913e-08,0.379450360258301,0.384,0.288,0.000893811873698167,"C16orf72","0"
5.05948536799499e-08,0.389348666775094,0.288,0.201,0.000911061530214858,"POLDIP2","0"
5.19166049705695e-08,0.406788613634822,0.342,0.252,0.000934862305705045,"SLC30A9","0"
5.24767816019224e-08,0.342933722000565,0.388,0.289,0.000944949406305816,"VPS29","0"
5.26207371580546e-08,0.364335268803876,0.354,0.259,0.000947541614005089,"DUSP8","0"
5.3142673900906e-08,0.39495567420761,0.318,0.226,0.000956940128933614,"DLD","0"
5.41693244246149e-08,0.263281128592533,0.624,0.514,0.00097542702491404,"ARL6IP5","0"
5.5050233009884e-08,0.387133927632697,0.386,0.291,0.000991289545808982,"TOMM22","0"
5.6153221499928e-08,0.478880872486474,0.273,0.191,0.0010111510595492,"ATG4B","0"
5.62646636854283e-08,0.332921696690223,0.346,0.251,0.00101315779898351,"SPPL3","0"
5.72951043822988e-08,0.265628066276798,0.629,0.518,0.00103171294461205,"RAB2A","0"
5.73829159259049e-08,0.288746034274852,0.484,0.377,0.00103329416707777,"GRB2","0"
5.89129809501577e-08,0.443647903347304,0.293,0.208,0.00106084604796949,"ATMIN","0"
5.94757868011073e-08,0.327152468908565,0.475,0.374,0.00107098049292754,"SSBP4","0"
6.0286403182763e-08,0.365659196079455,0.316,0.225,0.00108557726211201,"HAX1","0"
6.16931447048331e-08,0.416285269149423,0.31,0.222,0.00111090845669993,"COA6","0"
6.2824312259976e-08,0.266955157780095,0.432,0.324,0.00113127739086539,"GPC1","0"
6.53869795685032e-08,0.436867345021553,0.285,0.201,0.00117742334109004,"ABCC5","0"
6.56086957921088e-08,0.392807207629033,0.322,0.233,0.0011814157851285,"KPNA4","0"
6.66901459247943e-08,0.26062181632587,0.611,0.5,0.00120088945766777,"MYO5A","0"
6.70469054021973e-08,0.388693883876482,0.352,0.259,0.00120731362557737,"CDC34","0"
6.81115698603411e-08,0.355311348592015,0.337,0.245,0.00122648503847516,"LRPPRC","0"
6.82911818148012e-08,0.448129219006631,0.272,0.19,0.00122971931093912,"RAB5IF","0"
7.0395913901134e-08,0.345965406796758,0.422,0.321,0.00126761922161772,"ZYG11B","0"
7.19677917381147e-08,0.287902599558698,0.347,0.25,0.00129592402582823,"RER1","0"
7.2256956176556e-08,0.414191561693138,0.341,0.253,0.00130113100987124,"SPCS3","0"
7.29849031580702e-08,0.376870401900386,0.345,0.254,0.00131423915116737,"ATP1B3","0"
7.42615067096274e-08,0.361100647913478,0.352,0.258,0.00133722695132026,"PAK3","0"
7.43392073355326e-08,0.49532528823648,0.258,0.18,0.00133862610649094,"FOXK2","0"
7.44339497914793e-08,0.329997548140717,0.38,0.284,0.00134033213389517,"PSMF1","0"
7.51835413637045e-08,0.443036324738412,0.255,0.175,0.00135383002933623,"PHF14","0"
7.54136391034725e-08,0.389221088355541,0.389,0.297,0.00135797339933623,"RNF157","0"
7.65800518311103e-08,0.28483324554719,0.557,0.457,0.0013789769933228,"UQCRC2","0"
7.66186961704736e-08,0.364938389149203,0.379,0.285,0.00137967286194172,"PDAP1","0"
7.66485547856991e-08,0.473660952208773,0.256,0.177,0.00138021052602608,"LGI1","0"
7.66958007787172e-08,0.294941810109562,0.463,0.362,0.00138106128462236,"RPL17","0"
8.12839702024657e-08,0.305916430866949,0.511,0.405,0.0014636804514358,"PFKM","0"
8.3631439170265e-08,0.368466862174588,0.328,0.238,0.00150595132513896,"DNAJB14","0"
8.36599949845184e-08,0.300247106490923,0.44,0.337,0.00150646552968622,"MRPS26","0"
8.37166041075612e-08,0.407221883273029,0.287,0.202,0.00150748489016486,"MMADHC","0"
8.37314313917836e-08,0.439410282656066,0.292,0.208,0.00150775188507185,"TIMM10","0"
8.53671868765725e-08,0.396690642116262,0.303,0.216,0.00153720693408644,"PLEKHJ1","0"
8.54432454033246e-08,0.428740036486852,0.299,0.215,0.00153857651997767,"POP7","0"
8.55483705192781e-08,0.350515227448495,0.327,0.235,0.00154046950794064,"PPP1R1A","0"
8.60688448486988e-08,0.392037033304501,0.291,0.206,0.00154984168919052,"BAG4","0"
8.7176540035074e-08,0.383949287029733,0.296,0.21,0.00156978795641158,"SNRNP200","0"
8.77143746895389e-08,0.388928919398961,0.254,0.172,0.00157947274503453,"CREB3","0"
8.90690615632336e-08,0.32673721897713,0.377,0.282,0.00160386659156915,"MRPL12","0"
9.108706369152e-08,0.268777563101416,0.583,0.486,0.0016402047558932,"MTPN","0"
9.16601904114368e-08,0.332029499949559,0.386,0.289,0.00165052504873874,"HNRNPUL2","0"
9.19515951732685e-08,0.361325773721588,0.34,0.249,0.00165577237428505,"RAB15","0"
9.2447330019825e-08,0.317135176252834,0.461,0.363,0.00166469907166699,"SYT7","0"
9.41673094460854e-08,0.372212856792166,0.291,0.204,0.00169567074119566,"HES4","0"
9.45044753243408e-08,0.388157728140121,0.334,0.245,0.00170174208716541,"TCEAL5","0"
9.49232413257131e-08,0.381247142902846,0.367,0.276,0.00170928280655212,"KCTD17","0"
9.98468730291964e-08,0.318720754036135,0.406,0.309,0.00179794264263674,"TUSC2","0"
9.99994334423433e-08,0.433822912265367,0.328,0.241,0.00180068979799628,"PDHA1","0"
1.00737296939921e-07,0.413786339759642,0.301,0.215,0.00181397650599716,"PSMC2","0"
1.0325308610019e-07,0.427217750437443,0.27,0.189,0.00185927832140612,"NOLC1","0"
1.0679390329186e-07,0.403699492371232,0.326,0.241,0.00192303781657652,"EIF3A","0"
1.07077989744682e-07,0.335606983101593,0.468,0.371,0.00192815336133248,"STRAP","0"
1.0907340771875e-07,0.352726434427293,0.35,0.259,0.00196408485279153,"BHLHE40","0"
1.10195341891061e-07,0.35937567116004,0.371,0.277,0.00198428752143234,"NOVA1","0"
1.10813747170517e-07,0.35165153430985,0.341,0.249,0.00199542314529949,"WARS","0"
1.11266894778961e-07,0.426280219088713,0.291,0.208,0.00200358297428475,"MICU1","0"
1.11687349445642e-07,0.491253643649242,0.253,0.175,0.00201115410146767,"PRKAG2-AS1","0"
1.12979096138141e-07,0.30380999235383,0.454,0.352,0.0020344145841595,"EHD3","0"
1.14965970385984e-07,0.456811634553833,0.264,0.185,0.00207019222874042,"MARK3","0"
1.18199098502333e-07,0.301527237250545,0.504,0.4,0.00212841116673151,"HNRNPA0","0"
1.18350101753006e-07,0.26824909211897,0.371,0.273,0.00213113028226638,"TMX2","0"
1.20835599078221e-07,0.324509019056617,0.407,0.309,0.00217588663260152,"SVOP","0"
1.21441699073406e-07,0.339852962991583,0.386,0.289,0.00218680067521483,"GPRASP1","0"
1.25090586669368e-07,0.363419405442267,0.348,0.258,0.00225250619415531,"LINC00672","0"
1.25679040585314e-07,0.316947439535376,0.419,0.32,0.00226310248381974,"ZER1","0"
1.27274188033948e-07,0.404833441754276,0.321,0.234,0.0022918263039273,"RAB3GAP1","0"
1.28226334638916e-07,0.283637567243274,0.529,0.424,0.00230897160784295,"NDUFB5","0"
1.28270205047655e-07,0.358322083409868,0.355,0.264,0.00230976158229312,"EIF4E","0"
1.36796520382845e-07,0.387956121118963,0.305,0.218,0.00246329494253389,"SRGAP3","0"
1.43862552430823e-07,0.298851154260988,0.423,0.323,0.00259053298162183,"PITPNA","0"
1.44382819853652e-07,0.265102559302671,0.44,0.336,0.00259990143710471,"HRAS","0"
1.45096884060468e-07,0.254027348340174,0.566,0.454,0.00261275959127685,"CAMKV","0"
1.45726978843834e-07,0.35536037482782,0.351,0.26,0.00262410570804092,"USP7","0"
1.46121497700708e-07,0.450135955844618,0.275,0.196,0.00263120980909665,"NR2F1-AS1","0"
1.56431247590357e-07,0.310837099681911,0.43,0.33,0.00281685747535955,"HNRNPH2","0"
1.58896900413275e-07,0.302056047713316,0.423,0.326,0.00286125648574184,"FAM162A","0"
1.63977424954806e-07,0.387995546556642,0.33,0.243,0.00295274149116118,"KBTBD11","0"
1.65064034546414e-07,0.425510624778447,0.253,0.175,0.00297230807007728,"PPM1G","0"
1.67450917078626e-07,0.33778401125,0.379,0.287,0.00301528866383481,"PSMC6","0"
1.71057600426446e-07,0.255244346067778,0.723,0.616,0.00308023421087901,"DCLK1","0"
1.73463219420506e-07,0.302945435966471,0.452,0.354,0.00312355219210505,"GSK3A","0"
1.7575078505235e-07,0.431965717531745,0.275,0.196,0.00316474438643766,"CCDC115","0"
1.76266919038639e-07,0.357885868596257,0.307,0.221,0.00317403841112877,"ESD","0"
1.77244058940858e-07,0.271564734942699,0.417,0.316,0.00319163376934804,"CX3CL1","0"
1.77287087491682e-07,0.257025009286415,0.45,0.355,0.00319240858446271,"CXCL14","0"
1.78436939970865e-07,0.395843210939884,0.356,0.268,0.00321311397805536,"DGCR2","0"
1.84138496840945e-07,0.413871112336878,0.259,0.18,0.00331578191261489,"CFAP20","0"
1.86646815423729e-07,0.294359949852783,0.524,0.427,0.00336094920533509,"MAPK9","0"
1.9253012343826e-07,0.325542613538316,0.312,0.222,0.00346688993275275,"RGS5-ENSG00000143248","0"
1.98117276321755e-07,0.381280737310534,0.318,0.231,0.00356749779472585,"NSA2","0"
2.02881722007743e-07,0.494784243774527,0.26,0.184,0.00365329116819342,"BLOC1S6","0"
2.02961785950334e-07,0.327611456794473,0.436,0.342,0.00365473287960767,"YARS","0"
2.06524516213148e-07,0.388215375494395,0.347,0.26,0.00371888696345016,"ACLY","0"
2.09330560866831e-07,0.372361312754521,0.375,0.287,0.00376941540952902,"ZC3H15","0"
2.12031169693455e-07,0.472241675123438,0.253,0.177,0.00381804527267004,"RGL1","0"
2.14544254534194e-07,0.252424868436798,0.53,0.423,0.00386329839139722,"ATXN10","0"
2.14826227010657e-07,0.37022073818293,0.33,0.243,0.00386837586978091,"BTBD6","0"
2.17763182383314e-07,0.421658899574246,0.281,0.2,0.00392126162517633,"UBAP2L","0"
2.18879208492188e-07,0.376851329480719,0.299,0.216,0.00394135790731882,"CYB5B","0"
2.22454448369847e-07,0.443558920419354,0.304,0.223,0.00400573725179584,"PITPNB","0"
2.26134599501425e-07,0.296292886053356,0.353,0.259,0.00407200573322216,"FAM217B","0"
2.2664593730454e-07,0.293991809030195,0.374,0.28,0.00408121339304285,"TM9SF2","0"
2.33220133085888e-07,0.305429896164309,0.482,0.381,0.00419959493647758,"UBQLN1","0"
2.38563973685657e-07,0.314149416602624,0.441,0.345,0.00429582147415762,"OGA","0"
2.39555459114726e-07,0.367131173261762,0.316,0.23,0.00431367515227888,"CASC4","0"
2.41059576873739e-07,0.313854964887534,0.342,0.25,0.00434075980076541,"VAPB","0"
2.42724731827317e-07,0.363535415680939,0.336,0.247,0.00437074424601449,"LIMK1","0"
2.43236977042273e-07,0.402558119652768,0.275,0.194,0.00437996824560022,"GSTA4","0"
2.43744389924589e-07,0.295315809575344,0.49,0.389,0.00438910522937207,"EMC4","0"
2.44543907093846e-07,0.401240906222299,0.266,0.187,0.00440350213503889,"GRIK5","0"
2.47132101344754e-07,0.407302943423118,0.281,0.199,0.00445010774891498,"ORC4","0"
2.64493511898966e-07,0.407891263713381,0.285,0.204,0.00476273466876467,"PPP6C","0"
2.69125809347272e-07,0.270378067151664,0.476,0.374,0.00484614844891633,"SRSF5","0"
2.70363606901019e-07,0.375435082076211,0.269,0.188,0.00486843746946665,"RIC8A","0"
2.71395847958749e-07,0.284903124421064,0.546,0.448,0.00488702503419319,"HSPA9","0"
2.81243711723405e-07,0.339722788753857,0.357,0.27,0.00506435551700335,"UBE2S","0"
2.86059692928297e-07,0.327437347102214,0.326,0.237,0.00515107689055984,"R3HDM2","0"
3.01517633191294e-07,0.361258371754213,0.284,0.201,0.00542942802087564,"RASGRP1","0"
3.02000270795046e-07,0.345880464935572,0.298,0.213,0.00543811887620639,"NIPSNAP2","0"
3.11416733732463e-07,0.274015564917743,0.368,0.273,0.00560768112432047,"SAFB","0"
3.17540528362278e-07,0.393337647726406,0.315,0.232,0.00571795229421954,"TAF9","0"
3.22430657518916e-07,0.325418820784069,0.483,0.388,0.00580600884994311,"HNRNPH1","0"
3.23163384317768e-07,0.388302856623543,0.318,0.234,0.00581920306141006,"DNAJA4","0"
3.3907728662707e-07,0.342765150694996,0.324,0.237,0.00610576470029364,"BUD31","0"
3.41570353461007e-07,0.301234640053902,0.382,0.288,0.00615065735477235,"NELL1","0"
3.45595306141502e-07,0.354336358884817,0.315,0.23,0.00622313467769003,"TCEAL1","0"
3.60687177840005e-07,0.271110131293214,0.485,0.391,0.00649489401136498,"RAB11A","0"
3.63038325412327e-07,0.355133372124574,0.378,0.289,0.00653723112569977,"WIPI2","0"
3.72803073991838e-07,0.349176128576286,0.323,0.237,0.00671306495337102,"MTX2","0"
3.79311669932322e-07,0.327141441933076,0.32,0.232,0.00683026524047132,"SSBP1","0"
3.84714527417299e-07,0.320826357217539,0.359,0.268,0.0069275544952033,"UBL7","0"
3.86254672570453e-07,0.358050473276004,0.363,0.277,0.00695528788897614,"PDHB","0"
3.86649051141419e-07,0.352534917761555,0.37,0.282,0.00696238946390352,"IDH3B","0"
3.86982338338473e-07,0.389567072722145,0.353,0.268,0.00696839096646089,"PDS5B","0"
3.9354230690828e-07,0.40942228285607,0.275,0.198,0.0070865163204974,"PURB","0"
4.09488504479149e-07,0.34333374286487,0.31,0.225,0.00737365950015604,"PSMD14","0"
4.23263227277298e-07,0.272346858101655,0.503,0.402,0.00762170093358231,"TCF25","0"
4.2575556942295e-07,0.401468600710057,0.276,0.197,0.00766658053859907,"LYRM9","0"
4.26206374396051e-07,0.257460950213537,0.466,0.363,0.00767469818374968,"SYNJ1","0"
4.30679914360936e-07,0.310024768816389,0.392,0.3,0.00775525321789738,"NUDT14","0"
4.3155528987264e-07,0.300004097938335,0.559,0.46,0.00777101610473663,"SLC6A1","0"
4.34518162756024e-07,0.4405328153961,0.256,0.18,0.00782436855674773,"PPP1R9A","0"
4.39275579998793e-07,0.396187434911687,0.271,0.193,0.00791003536903826,"C1orf52","0"
4.39330462509068e-07,0.404813747603148,0.304,0.222,0.00791102363840079,"C3orf14","0"
4.39565702904848e-07,0.373677840639849,0.299,0.218,0.0079152596122076,"CRTC1","0"
4.41832050234576e-07,0.39140339800101,0.318,0.235,0.00795606972857401,"NDUFA9","0"
4.44798362570869e-07,0.417064967971317,0.262,0.185,0.00800948411481364,"NRBP1","0"
4.52082515711363e-07,0.277384722403757,0.528,0.426,0.00814064986041451,"ACTR2","0"
4.60120141293092e-07,0.417987082450881,0.326,0.246,0.0082853833842647,"PEF1","0"
4.63641413643308e-07,0.445441615779723,0.257,0.182,0.00834879093547505,"PSMD6","0"
4.68567331790706e-07,0.354519716250344,0.355,0.268,0.00843749194355524,"SAE1","0"
4.79973588444841e-07,0.36856302902177,0.314,0.23,0.00864288440712625,"EI24","0"
4.81661335404409e-07,0.393362624398507,0.312,0.231,0.00867327566662719,"MCTS1","0"
4.88744981198903e-07,0.383840669941463,0.316,0.234,0.00880083087644865,"CPT1C","0"
5.01245977744209e-07,0.331440928907809,0.373,0.285,0.00902593632123996,"SEPT11","0"
5.18535188456315e-07,0.276635196809935,0.466,0.371,0.00933726313853287,"SNRNP25","0"
5.19339368409476e-07,0.402486993438103,0.301,0.222,0.00935174400694944,"FEZ2","0"
5.25385305472157e-07,0.279375206090162,0.393,0.299,0.00946061319563713,"KCNH3","0"
5.33447005846874e-07,0.374716604857347,0.287,0.206,0.00960578023428467,"COMMD7","0"
5.34366485166601e-07,0.336556427604485,0.309,0.225,0.00962233729839498,"APEX1","0"
5.35733367336753e-07,0.396824175533692,0.312,0.232,0.00964695074563291,"BRD4","0"
5.38903609454196e-07,0.367544296456745,0.301,0.22,0.00970403729544171,"TRIM23","0"
5.44540110246057e-07,0.331586686464164,0.349,0.26,0.00980553376520075,"PUM1","0"
5.67559109534814e-07,0.410241332071706,0.261,0.185,0.0102200368853934,"TMEM8B","0"
5.68220773971215e-07,0.357908999644443,0.293,0.213,0.0102319514768997,"SMIM12","0"
5.68662427113382e-07,0.310073602247165,0.405,0.316,0.0102399043250307,"ERLEC1","0"
5.79110217442403e-07,0.419774255229303,0.257,0.182,0.0104280376854853,"KRAS","0"
5.80488390264058e-07,0.318353937333446,0.338,0.252,0.0104528544434849,"SMS","0"
6.09680397281759e-07,0.283142450563829,0.434,0.339,0.0109785149138526,"AHSA1","0"
6.12142984177217e-07,0.409219073161371,0.25,0.175,0.0110228587160791,"MED15","0"
6.19030360550436e-07,0.300168207102549,0.445,0.349,0.0111468797024317,"ZMAT2","0"
6.2309807588165e-07,0.415314607038603,0.255,0.18,0.0112201270524009,"LRRC7","0"
6.61441745419626e-07,0.325435147552204,0.334,0.249,0.0119105815097712,"CCSAP","0"
6.6426605072342e-07,0.309576204816774,0.45,0.357,0.0119614387753766,"PPP2R2B","0"
6.66596800883769e-07,0.320819259907555,0.359,0.27,0.012003408593514,"CCNY","0"
6.79492539908991e-07,0.313979591206706,0.339,0.253,0.0122356221661412,"KLF9","0"
6.8113949519954e-07,0.352758823364704,0.264,0.187,0.0122652788900581,"HTT","0"
6.83692021167268e-07,0.271821452627686,0.408,0.315,0.012311242225159,"PSMD1","0"
7.04335093311704e-07,0.269818544704381,0.509,0.409,0.0126829620252638,"NUDCD3","0"
7.04676948229122e-07,0.302427305561928,0.354,0.264,0.0126891178067618,"CEP170B","0"
7.27607341579875e-07,0.261166843074218,0.461,0.366,0.0131020253998288,"CDC37","0"
7.29139333432742e-07,0.396599207883516,0.255,0.179,0.0131296119771234,"C1orf123","0"
7.33363407556892e-07,0.271685980838202,0.356,0.268,0.013205674879877,"RABEP1","0"
7.40077451929625e-07,0.403682978477503,0.277,0.2,0.0133265746768968,"CADPS2","0"
7.44469407592608e-07,0.308461413902035,0.346,0.259,0.0134056606225201,"RANBP1","0"
7.66316283912996e-07,0.32978893540177,0.349,0.264,0.0137990573244213,"INTS1","0"
7.68266828419029e-07,0.351560192700975,0.332,0.249,0.0138341807793415,"DNAJC7","0"
7.73562274113245e-07,0.415997564483819,0.253,0.179,0.0139295358699572,"UBE2G1","0"
7.87012468322244e-07,0.345761464163522,0.321,0.238,0.0141717335170787,"BCAS2","0"
7.8715820878472e-07,0.331323314993494,0.405,0.316,0.0141743578655865,"RAD23B","0"
7.91135977862789e-07,0.379623735577756,0.281,0.204,0.0142459855533752,"SRP72","0"
7.93379333860606e-07,0.379132270731957,0.293,0.215,0.0142863816648279,"APEH","0"
8.08331521889471e-07,0.33731209503733,0.342,0.256,0.0145556257146637,"PABPN1","0"
8.21293384435823e-07,0.314440737140276,0.324,0.24,0.0147890299735359,"NMT1","0"
8.254553322814e-07,0.306024722458688,0.414,0.322,0.0148639741683912,"RAP2A","0"
8.61586570208905e-07,0.420686487343724,0.261,0.187,0.0155145893697517,"FASTK","0"
8.63823544504123e-07,0.326712915838939,0.306,0.224,0.0155548705658857,"KCNQ3","0"
9.14947761189631e-07,0.374445655757621,0.331,0.25,0.0164754643357417,"NEBL","0"
9.27662505033039e-07,0.378043033201251,0.257,0.182,0.0167044187281299,"VKORC1L1","0"
9.3327902106107e-07,0.314914977700842,0.387,0.301,0.0168055553322467,"ARL3","0"
9.58921057056336e-07,0.381710814833734,0.273,0.197,0.0172672914744134,"POLR2B","0"
9.79128063256447e-07,0.381067475637671,0.287,0.21,0.0176311590350588,"CCDC47","0"
9.93182347375107e-07,0.357316685477093,0.303,0.224,0.0178842345291835,"CHD4","0"
1.062576574695e-06,0.348506306701194,0.299,0.219,0.0191338163805329,"RASL10A","0"
1.07836094085995e-06,0.280931396080475,0.487,0.394,0.019418045462065,"TRIM37","0"
1.10215401270502e-06,0.29894380331516,0.485,0.4,0.0198464873067793,"ATXN7L3B","0"
1.12397924531885e-06,0.302420431100775,0.364,0.278,0.0202394942704566,"RERE","0"
1.14077567639142e-06,0.406353739466982,0.251,0.179,0.0205419476047803,"ZNF771","0"
1.14108389657946e-06,0.340047062758569,0.299,0.219,0.0205474977257063,"FBXO21","0"
1.1761478163347e-06,0.311059154903993,0.498,0.413,0.0211788937287389,"TCEA2","0"
1.20565284385185e-06,0.418878449524714,0.262,0.189,0.0217101907592403,"APOPT1","0"
1.21659876867651e-06,0.266911702642725,0.528,0.437,0.0219072940275579,"NDUFB3","0"
1.23214940948999e-06,0.258734695798565,0.458,0.365,0.0221873144166862,"GRK2","0"
1.27469568581773e-06,0.273027268669468,0.367,0.278,0.0229534452145198,"HIVEP2","0"
1.30825273211285e-06,0.334738151373503,0.336,0.254,0.0235577069471561,"CRY2","0"
1.30870317705259e-06,0.276921157853275,0.512,0.42,0.023565818109186,"NISCH","0"
1.32560226244393e-06,0.267830729283214,0.447,0.354,0.0238701199398278,"SDHA","0"
1.35341035266027e-06,0.37951848276502,0.33,0.252,0.0243708602203535,"NOMO1","0"
1.39106214595666e-06,0.303593798682165,0.4,0.314,0.0250488560622415,"SCN2B","0"
1.39235303975496e-06,0.384368919098104,0.268,0.193,0.0250721011868676,"TRAPPC3","0"
1.40252650459486e-06,0.2665507107844,0.435,0.338,0.0252552947682397,"FBXW5","0"
1.49364642562942e-06,0.292382752136886,0.399,0.314,0.026896091186309,"ZFR","0"
1.50706410158186e-06,0.320780032253664,0.373,0.287,0.0271377032771845,"SAT2","0"
1.51606659968748e-06,0.252839296392802,0.449,0.352,0.0272998112605725,"CORO2B","0"
1.59070354881099e-06,0.318458575233103,0.341,0.258,0.0286437988034395,"MAT2B","0"
1.60566928082913e-06,0.371094951666538,0.274,0.199,0.0289132867398902,"FBLL1","0"
1.60689897954718e-06,0.35488472448528,0.342,0.261,0.0289354299247062,"PQLC1","0"
1.69025889705442e-06,0.328389422799253,0.317,0.234,0.0304364919592589,"ELAVL2","0"
1.70333057761321e-06,0.264300410084531,0.454,0.359,0.0306718737110811,"VTI1B","0"
1.70630396896357e-06,0.293556539025883,0.337,0.253,0.030725415569127,"YY1","0"
1.74543594211398e-06,0.367372557269483,0.264,0.19,0.0314300650096464,"PSME3","0"
1.74998267326145e-06,0.319642549841409,0.347,0.264,0.0315119379974189,"C11orf68","0"
1.76780016452671e-06,0.38167446529441,0.269,0.194,0.0318327775626326,"EPM2AIP1","0"
1.77767199225839e-06,0.333449455404931,0.29,0.212,0.0320105395645968,"SMIM7","0"
1.79058223184675e-06,0.411869057143957,0.261,0.189,0.0322430142488644,"MEGF8","0"
1.80330026743879e-06,0.310428462852485,0.344,0.26,0.0324720279157703,"DMXL2","0"
1.80437636666083e-06,0.31317518915582,0.424,0.34,0.0324914052344616,"UBE2B","0"
1.82851096381844e-06,0.373988967455998,0.27,0.196,0.0329259969254786,"FBXO3","0"
1.84611483953356e-06,0.281486178382261,0.296,0.216,0.0332429899154807,"PNISR","0"
1.86579420218727e-06,0.392807207629033,0.278,0.204,0.0335973561987861,"DCTN5","0"
1.91980845224299e-06,0.321619812076749,0.314,0.235,0.0345699907995395,"TBC1D9","0"
1.94039254630769e-06,0.333840992788538,0.27,0.194,0.0349406485813626,"SF3A1","0"
1.95199517709921e-06,0.365621984325717,0.334,0.256,0.0351495771540254,"GNL1","0"
1.95678615216855e-06,0.39010338855296,0.256,0.185,0.0352358482420992,"PQBP1","0"
1.98784303196642e-06,0.33022267025101,0.275,0.2,0.0357950894766193,"NABP2","0"
1.9912843918493e-06,0.383497463293359,0.25,0.179,0.0358570580440303,"FUBP1","0"
2.03753930427229e-06,0.255907535432404,0.461,0.371,0.0366899702520312,"PRKCE","0"
2.07871914024608e-06,0.372130190333235,0.256,0.184,0.0374314955584112,"CPEB3","0"
2.1103830576768e-06,0.299103889316311,0.368,0.282,0.038001667719586,"PLEKHA1","0"
2.13001043216581e-06,0.384293975847736,0.268,0.195,0.0383550978520098,"CRK","0"
2.2528667774642e-06,0.313749245261797,0.355,0.272,0.0405673720617979,"ATP2C1","0"
2.25882818489201e-06,0.37252488362101,0.277,0.203,0.0406747191253504,"BECN1","0"
2.26682033057105e-06,0.392807207629034,0.252,0.181,0.040818633692593,"GABARAP","0"
2.27978103537097e-06,0.36886393527813,0.267,0.193,0.0410520171039251,"PPP2R2D","0"
2.2857993039136e-06,0.366532233952323,0.294,0.219,0.0411603880655723,"GNPTAB","0"
2.29687935836422e-06,0.348458455325847,0.309,0.232,0.0413599066060645,"HSPA13","0"
2.32648152639648e-06,0.307097481990322,0.343,0.261,0.0418929528458214,"NAPG","0"
2.34623956617926e-06,0.351489515662828,0.265,0.191,0.04224873586819,"FAM199X","0"
2.36466481890964e-06,0.270225177742554,0.417,0.327,0.0425805193941059,"AP3D1","0"
2.36790436433731e-06,0.345202486534303,0.346,0.266,0.0426388538886219,"CLPTM1L","0"
2.43642562220739e-06,0.359938705498646,0.31,0.233,0.0438727161790884,"GAS6","0"
2.45463834457237e-06,0.365721351472397,0.269,0.196,0.0442006726707146,"MRPL37","0"
2.48390794419823e-06,0.433840680722144,0.26,0.19,0.0447277303511775,"GRIA1","0"
2.57695858792305e-06,0.368774184738993,0.296,0.22,0.0464032932927304,"OTUD5","0"
2.58849977979493e-06,0.32482585117404,0.392,0.307,0.0466111155347673,"UBQLN2","0"
2.63058454114636e-06,0.306272402514386,0.367,0.282,0.0473689358324225,"MAP6","0"
2.66459629258381e-06,0.418802416161978,0.25,0.18,0.0479813854405566,"C19orf12","0"
2.67576326361936e-06,0.325631840448607,0.375,0.292,0.0481824690879937,"SNTA1","0"
2.69111835336919e-06,0.311387664096123,0.294,0.217,0.048458968189119,"DCAF8","0"
2.72969690132078e-06,0.30243515559643,0.336,0.254,0.0491536521020833,"REPS2","0"
2.74324397581631e-06,0.36701334078337,0.253,0.182,0.0493975942725243,"MARCH2","0"
2.77407053706887e-06,0.265790797656012,0.3,0.22,0.0499526881609992,"MYH9","0"
2.80316132405246e-06,0.273048351794301,0.313,0.232,0.0504765259622126,"PPP1CC","0"
2.80326245954588e-06,0.282317808376172,0.477,0.386,0.0504783471090427,"MICAL2","0"
2.83895028571486e-06,0.323255195513251,0.298,0.22,0.0511209777948674,"MSRB2","0"
2.85129196388876e-06,0.324396207152045,0.32,0.241,0.051343214393745,"TMEM222","0"
2.85434494286711e-06,0.398241093679662,0.271,0.199,0.051398189386208,"PSMD12","0"
2.86771632722511e-06,0.382253862373667,0.269,0.195,0.0516389679043426,"IQSEC3","0"
2.94496125375318e-06,0.347719318100495,0.254,0.182,0.0530299172963335,"KCNIP3","0"
2.96556046919073e-06,0.259833342359613,0.41,0.318,0.0534008473687176,"WDR82","0"
2.97908757901171e-06,0.395230774296601,0.285,0.212,0.0536444300352639,"SEC22B","0"
3.00138020783584e-06,0.377140972912866,0.275,0.201,0.0540458534024999,"AIG1","0"
3.05897463044716e-06,0.255864669204762,0.423,0.333,0.055082956170462,"COPS6","0"
3.06795296229063e-06,0.272529642927791,0.398,0.309,0.0552446289919674,"WDR47","0"
3.20476700184632e-06,0.337200573757107,0.337,0.257,0.0577082394022467,"NUDT21","0"
3.23637531367025e-06,0.263560848797254,0.394,0.306,0.0582774102732602,"RPN1","0"
3.30809919675541e-06,0.365127930638129,0.262,0.191,0.0595689422359747,"ZNF580","0"
3.3199128748631e-06,0.257197212224478,0.453,0.364,0.0597816711376599,"MRPL28","0"
3.42309540409526e-06,0.327561922484247,0.297,0.22,0.0616396789415433,"SNRPD1","0"
3.61523499045306e-06,0.357918521472657,0.326,0.25,0.0650995364730882,"SLC25A46","0"
3.62162108744789e-06,0.257832216281602,0.349,0.264,0.0652145309216741,"FBXO11","0"
3.68378252043518e-06,0.328435734645008,0.275,0.202,0.0663338718454763,"TIMM50","0"
3.69310303148922e-06,0.29448017944916,0.385,0.301,0.0665017062880263,"LSAMP","0"
3.7334284780572e-06,0.345329562641219,0.267,0.194,0.067227846604376,"UBAC1","0"
3.78651781532193e-06,0.252822044949905,0.448,0.359,0.068183826300502,"TMEM14A","0"
3.81695165634457e-06,0.266854257415011,0.399,0.312,0.0687318484757967,"AGAP2","0"
4.04328974948502e-06,0.281910463019289,0.322,0.242,0.0728075185189767,"CMTM4","0"
4.06361025862492e-06,0.301392520782387,0.398,0.316,0.073173429927059,"SNX17","0"
4.07428498434354e-06,0.257502826330426,0.401,0.314,0.0733656497130741,"CCT2","0"
4.09745686309342e-06,0.357729793999733,0.326,0.249,0.0737829057337232,"CHMP1B","0"
4.13252674018099e-06,0.362721912999902,0.318,0.243,0.0744144090104391,"RNF7","0"
4.19976990754373e-06,0.275844462319935,0.414,0.327,0.0756252567251399,"NCOA7","0"
4.20117849184585e-06,0.274122298130025,0.384,0.3,0.0756506211026683,"PKD1","0"
4.21917313519742e-06,0.383610375851109,0.275,0.203,0.0759746506454999,"TMEM126B","0"
4.27744229151063e-06,0.368443706809193,0.271,0.199,0.077023903343232,"HERC2","0"
4.28286853341681e-06,0.294979629880428,0.297,0.219,0.0771216136812365,"CFDP1","0"
4.3097489658867e-06,0.364496501363303,0.26,0.19,0.0776056496287218,"MRPS15","0"
4.34894343298521e-06,0.339974799739651,0.278,0.204,0.0783114243977647,"PJA1","0"
4.37248479084069e-06,0.322163458602881,0.328,0.249,0.0787353336286683,"HECTD4","0"
4.41109873705701e-06,0.348252957847985,0.281,0.208,0.0794306549581856,"IMP3","0"
4.42460347756209e-06,0.351852686222553,0.299,0.226,0.0796738348204606,"PSMA5","0"
4.46753179546961e-06,0.301406906948017,0.304,0.227,0.0804468450410214,"MRPL14","0"
4.55772114629395e-06,0.328231372431919,0.276,0.204,0.0820708846813151,"TNR","0"
4.56704838092829e-06,0.332921696690223,0.33,0.254,0.0822388401953758,"IGIP","0"
4.59540699013072e-06,0.369613192651963,0.253,0.184,0.0827494936712838,"CD2BP2","0"
4.68494115357699e-06,0.252304905513303,0.447,0.359,0.0843617353524608,"PDE4DIP","0"
4.77766277679735e-06,0.256876520680959,0.337,0.254,0.08603137362179,"CYHR1","0"
4.82603335871021e-06,0.34759669729885,0.281,0.209,0.0869023826902947,"MRPL18","0"
4.97777639188812e-06,0.348395594166346,0.343,0.266,0.0896348194887294,"IP6K1","0"
5.00527863488914e-06,0.312933781055155,0.299,0.224,0.0901300523784487,"TCEAL8","0"
5.02397611586547e-06,0.368643213641443,0.294,0.223,0.0904667379183894,"TBCD","0"
5.36065710915641e-06,0.405515561322625,0.251,0.184,0.0965293525645794,"HDAC2","0"
5.48625746794746e-06,0.341322182973268,0.288,0.215,0.09879103822533,"IP6K2","0"
5.50685884321964e-06,0.356471673320785,0.284,0.212,0.099162007189856,"TOMM70","0"
5.51271286626934e-06,0.331859893408764,0.27,0.199,0.099267420582912,"TMEM134","0"
5.72216652887481e-06,0.306563644781312,0.29,0.215,0.103039052685449,"RBM5","0"
5.95701944578541e-06,0.30097024797361,0.345,0.267,0.107268049160258,"TRAP1","0"
5.9736656077078e-06,0.351075985600982,0.259,0.189,0.107567796597994,"AKAP8L","0"
6.02909940505831e-06,0.269319117985215,0.474,0.391,0.108565992986885,"SRPK2","0"
6.03627677537613e-06,0.310097619644579,0.348,0.268,0.108695235894198,"HSPBP1","0"
6.08424093007586e-06,0.336523665265878,0.297,0.223,0.109558926427876,"MRPS11","0"
6.11796759212104e-06,0.33731209503733,0.277,0.205,0.110166242431324,"SRP68","0"
6.18287194832317e-06,0.344877868080937,0.32,0.246,0.111334975173455,"TADA3","0"
6.18364224167027e-06,0.378628624351946,0.272,0.202,0.111348845845757,"RHOT1","0"
6.22510501316558e-06,0.425743213023547,0.262,0.195,0.112095465972073,"UBLCP1","0"
6.29187095480625e-06,0.376194987652404,0.275,0.205,0.113297720283196,"RAB22A","0"
6.30518060694898e-06,0.269382784319043,0.388,0.305,0.11353738718933,"AKAP6","0"
6.33249399750219e-06,0.254915791183424,0.439,0.35,0.114029219413022,"BABAM1","0"
6.68259464865318e-06,0.324450832965303,0.272,0.2,0.120333481838298,"VPS39","0"
6.70773394061337e-06,0.355776874065926,0.265,0.195,0.120786165068625,"TIMM23","0"
6.72062767939206e-06,0.270129733380349,0.347,0.268,0.121018342622813,"NUTF2","0"
6.74458903101044e-06,0.332736288774616,0.28,0.208,0.121449814681405,"GPR158","0"
6.76741932377512e-06,0.318179059500094,0.315,0.24,0.121860919763219,"AP3M2","0"
6.78457815865976e-06,0.252020352828618,0.281,0.208,0.122169898902986,"CLDN5","0"
6.84454941061066e-06,0.31082100591629,0.301,0.227,0.123249801236866,"GNA11","0"
6.87127530460642e-06,0.282138791743496,0.324,0.246,0.123731054410048,"LCMT1","0"
7.01870308497447e-06,0.377463450371339,0.255,0.187,0.126385786451135,"GNPAT","0"
7.03470304391256e-06,0.28730159374781,0.349,0.268,0.126673897711734,"AP1B1","0"
7.07720478308006e-06,0.367697375669674,0.286,0.215,0.127439226528923,"ZRANB2","0"
7.25862483365594e-06,0.284437860250542,0.309,0.233,0.130706057379642,"PHACTR3","0"
7.33403078738468e-06,0.341861393378184,0.278,0.208,0.132063892388436,"CTSL","0"
7.36207834430166e-06,0.258838037014245,0.341,0.26,0.13256894474584,"KIAA1191","0"
7.38945753983129e-06,0.251582221011446,0.351,0.267,0.133061961919742,"ASNA1","0"
7.43584265413501e-06,0.323255195513251,0.297,0.223,0.133897218673009,"USP14","0"
7.44694389860678e-06,0.339486466271667,0.261,0.191,0.134097118782212,"TMEM268","0"
7.61569894809765e-06,0.331885022653002,0.302,0.229,0.137135890958394,"CISD2","0"
7.63147976803335e-06,0.258072884495175,0.297,0.221,0.137420056182976,"MRPS18C","0"
7.69345128429376e-06,0.30243109609788,0.34,0.262,0.138535977276278,"TUSC3","0"
7.79564730721427e-06,0.379659667937936,0.255,0.188,0.140376221061007,"PPP4C","0"
7.89638080907298e-06,0.326200139917105,0.293,0.221,0.142190129228977,"NSD3","0"
7.91199568001258e-06,0.315397318608889,0.343,0.266,0.142471306209987,"FUNDC2","0"
8.13538382363664e-06,0.345054901849598,0.289,0.218,0.146493856512225,"XPO1","0"
8.15934797122843e-06,0.324754062800882,0.296,0.223,0.14692537891791,"RAB11FIP3","0"
8.16136143683071e-06,0.382511514467426,0.28,0.21,0.146961635393011,"TMEM33","0"
8.25986056469655e-06,0.33829855322338,0.307,0.234,0.148735309188491,"ARFGEF3","0"
8.38522188548146e-06,0.259522157018002,0.485,0.399,0.150992690491865,"GNB2","0"
8.44716719233562e-06,0.291669429481618,0.327,0.25,0.152108139632388,"UBE2Q1","0"
8.76234919112484e-06,0.317398629893427,0.304,0.23,0.157783621884585,"COPS5","0"
8.94910369688875e-06,0.306818065916067,0.256,0.187,0.161146510269876,"INTS11","0"
9.10696108595119e-06,0.325935311847912,0.303,0.23,0.163989048274723,"BLOC1S2","0"
9.1174743276488e-06,0.259317594381147,0.44,0.356,0.164178360217972,"BRWD1","0"
9.16225482473105e-06,0.316180365104035,0.312,0.237,0.164984722628932,"SUPT4H1","0"
9.57161948225561e-06,0.350369671594424,0.254,0.187,0.172356152016977,"ETF1","0"
9.72281018803385e-06,0.320986285784728,0.292,0.22,0.175078643055926,"ASH1L","0"
9.7949849541195e-06,0.250487473235969,0.432,0.346,0.17637829406883,"TPD52","0"
9.94917412116096e-06,0.259404826148215,0.571,0.484,0.179154778399745,"CTBP1","0"
1.01177792788137e-05,0.45054660402412,0.252,0.188,0.182190851473599,"BOD1L1","0"
1.02419282881216e-05,0.308296909434351,0.297,0.224,0.184426402684205,"AKTIP","0"
1.05678199095876e-05,0.390667873974861,0.269,0.201,0.190294733111943,"LRP11","0"
1.07843745249074e-05,0.300563218357847,0.264,0.194,0.194194232070008,"DGUOK","0"
1.08581064316217e-05,0.261562674350781,0.373,0.292,0.195521922514212,"BCL2L2","0"
1.09226855169892e-05,0.251918623074455,0.412,0.327,0.196684798104424,"CDK16","0"
1.10813833310043e-05,0.312513288569161,0.326,0.251,0.199542469641394,"TAF7","0"
1.12410964611795e-05,0.379659667937936,0.262,0.195,0.202418423976459,"SPAG7","0"
1.12781853976842e-05,0.290213264794897,0.34,0.264,0.203086284456099,"MSL1","0"
1.15015730631301e-05,0.269546618583477,0.335,0.258,0.207108826147784,"HUWE1","0"
1.15459564923167e-05,0.359232713294252,0.27,0.203,0.207908038557147,"COA5","0"
1.16157504828738e-05,0.378059236066731,0.25,0.184,0.209164818945108,"PCGF5","0"
1.21595857423683e-05,0.29304839664965,0.308,0.236,0.218957660462826,"ADIPOR1","0"
1.22205098151254e-05,0.382346594469829,0.256,0.191,0.220054720240963,"ARFGAP1","0"
1.23539718233505e-05,0.275423708404284,0.291,0.217,0.222457970623073,"SIVA1","0"
1.26903786828024e-05,0.30951217508533,0.302,0.23,0.228515648941222,"BTBD1","0"
1.28676206984249e-05,0.313438749573048,0.284,0.213,0.231707245916537,"NCOA4","0"
1.29279401221373e-05,0.312598519476256,0.264,0.195,0.232793417779327,"FAM171A2","0"
1.30759831339559e-05,0.329652612086261,0.277,0.208,0.235459228293144,"LGMN","0"
1.3215587811275e-05,0.329213385370264,0.291,0.221,0.237973089717628,"PNPLA6","0"
1.40506404953458e-05,0.307182428852942,0.302,0.232,0.253009883399692,"HARS","0"
1.40892331290903e-05,0.288703008245282,0.377,0.301,0.253704820955529,"ACTR10","0"
1.41028459601741e-05,0.317544472509125,0.253,0.186,0.253949947204856,"PRPF6","0"
1.42971672636162e-05,0.310060796674356,0.269,0.199,0.257449090915937,"MAGEF1","0"
1.43883888104618e-05,0.298566789428288,0.286,0.215,0.259091717309986,"GCC2","0"
1.44487295711994e-05,0.358011924310313,0.269,0.203,0.260178273388587,"ANAPC15","0"
1.47715685755859e-05,0.26446532855988,0.312,0.237,0.265991635340576,"SLC23A2","0"
1.51242299921867e-05,0.344341446077591,0.256,0.19,0.272342009469306,"UBL4A","0"
1.60522981476339e-05,0.331859893408764,0.272,0.204,0.289053732744444,"IAH1","0"
1.61612017481436e-05,0.288236640174341,0.257,0.189,0.291014759878822,"PEX19","0"
1.63192361931441e-05,0.277639869577559,0.414,0.337,0.293860486129945,"ATPAF1","0"
1.65129348602997e-05,0.346233790211333,0.259,0.192,0.297348418029417,"MTFR1L","0"
1.67769812865954e-05,0.265539697656964,0.297,0.224,0.302103102027724,"MAP3K10","0"
1.69735903110634e-05,0.27457392499353,0.331,0.257,0.305643440731319,"FBXO41","0"
1.84659406388178e-05,0.283778643862152,0.38,0.304,0.332516193083192,"KCNMA1","0"
1.87410924949156e-05,0.41140408947096,0.261,0.198,0.337470852555945,"RNF126","0"
1.8789906727194e-05,0.363865514078646,0.255,0.19,0.338349850436582,"SRSF8","0"
1.91461284482892e-05,0.253780305376905,0.327,0.251,0.344764334968344,"PSMD3","0"
1.91493687403453e-05,0.377513387030137,0.251,0.187,0.344822682907398,"IK","0"
1.94536402562106e-05,0.26989829626186,0.299,0.226,0.350301700093585,"SEL1L","0"
1.95597450620004e-05,0.270565230827089,0.347,0.271,0.352212329331442,"IFI27L2","0"
1.98093276217009e-05,0.252460467243529,0.303,0.229,0.356706562483968,"ZYX","0"
2.00934273168643e-05,0.287612480903491,0.293,0.222,0.361822345694776,"THOP1","0"
2.01852506361838e-05,0.353364279271519,0.251,0.187,0.363475808205761,"MFSD12","0"
2.04546449309656e-05,0.277099288195191,0.352,0.277,0.368326791271898,"VEGFB","0"
2.04767890726142e-05,0.352064027533786,0.261,0.195,0.368725540830564,"MLEC","0"
2.05683015035229e-05,0.318469488825333,0.251,0.186,0.370373405173937,"NEMF","0"
2.0680203002271e-05,0.27936630026286,0.362,0.286,0.372388415461894,"TMED2","0"
2.07198592728515e-05,0.298961922047974,0.272,0.204,0.373102505926237,"FAM32A","0"
2.09084063619324e-05,0.356764457703503,0.286,0.22,0.376497673359317,"MGAT3","0"
2.09691747339236e-05,0.251820957033466,0.369,0.289,0.377591929433762,"PPFIA3","0"
2.10716053472994e-05,0.31317518915582,0.256,0.189,0.37943639748882,"ACAT2","0"
2.13039023434017e-05,0.257612653906673,0.387,0.31,0.383619369497635,"ARHGAP35","0"
2.16152023140203e-05,0.293904433864926,0.287,0.218,0.389224948068563,"CCSER2","0"
2.17691525730674e-05,0.286815580140938,0.281,0.212,0.391997130383225,"HNRNPL","0"
2.21996133858837e-05,0.338065578650263,0.262,0.198,0.399748438239607,"GGNBP2","0"
2.23680276102444e-05,0.336063548840071,0.256,0.191,0.402781073177672,"LETM1","0"
2.38531791843512e-05,0.326280388466222,0.26,0.194,0.429524197572612,"WFS1","0"
2.42895906714004e-05,0.329283721281395,0.25,0.186,0.437382659219906,"BSDC1","0"
2.43433947563554e-05,0.28568135964202,0.355,0.282,0.438351509377691,"DUT","0"
2.4351417893738e-05,0.330580525899847,0.26,0.195,0.43849598201254,"PSMA3","0"
2.60437012519514e-05,0.324080647972783,0.281,0.213,0.468968928443889,"THRAP3","0"
2.78867252144546e-05,0.356420917985035,0.251,0.188,0.502156260936684,"WBP11","0"
2.82265098997625e-05,0.250782131311179,0.326,0.253,0.508274763765024,"IDH2","0"
2.90548259802894e-05,0.305676287475497,0.304,0.234,0.523190251427071,"LAPTM4B","0"
2.9303481324637e-05,0.262394507106104,0.37,0.294,0.527667788212739,"EIF3F","0"
3.20314740822875e-05,0.31317518915582,0.254,0.19,0.576790753799752,"FRA10AC1","0"
3.34017813749139e-05,0.290517883558389,0.321,0.251,0.601465877218074,"MPHOSPH8","0"
3.4009053243931e-05,0.304863355791473,0.257,0.192,0.612401021763465,"ZNF106","0"
3.61325520138471e-05,0.251264817309444,0.324,0.252,0.650638864113344,"EIF3M","0"
3.61360835061696e-05,0.273923388765848,0.318,0.248,0.650702455695596,"VPS41","0"
3.64884131521594e-05,0.307669908175333,0.257,0.193,0.657046855630934,"TUBGCP2","0"
3.65148900562364e-05,0.284056245371742,0.287,0.218,0.657523625242648,"TXN2","0"
3.70621226273652e-05,0.342718828564273,0.283,0.218,0.667377642150966,"CDC42BPA","0"
3.83730546000897e-05,0.271159760032403,0.268,0.201,0.690983594183816,"DCLK2","0"
3.8386780748998e-05,0.344900635912658,0.271,0.208,0.691230760947206,"MOB4","0"
3.93013874123307e-05,0.351361099174169,0.256,0.194,0.70770008313384,"EXOC3","0"
3.93536406013501e-05,0.285420721903018,0.298,0.23,0.708641006308511,"ACTN2","0"
4.23098894059324e-05,0.257422473491791,0.301,0.23,0.761874178532625,"FSD1","0"
4.24212873848165e-05,0.263979582621879,0.369,0.296,0.763880121938391,"AP1M1","0"
4.24332702035714e-05,0.271061013198488,0.257,0.192,0.76409589655571,"NBDY","0"
4.25232197994758e-05,0.318632016878861,0.274,0.209,0.765715618929161,"CSNK2A1","0"
4.2773134971072e-05,0.2531594541858,0.291,0.221,0.770215841424093,"STOML2","0"
4.35855906431508e-05,0.260457353352971,0.415,0.336,0.784845730711216,"SLC25A11","0"
4.46291744287794e-05,0.275924681121751,0.256,0.191,0.80363754393903,"MIB2","0"
4.63852424637738e-05,0.28169811982633,0.33,0.261,0.835259061045175,"PUM2","0"
4.71059329558688e-05,0.315356360298642,0.269,0.204,0.848236534736329,"DHRS7","0"
4.74671066958796e-05,0.368183859823482,0.263,0.202,0.854740190272704,"SMIM10L1","0"
4.99961024331595e-05,0.262199055624352,0.312,0.242,0.900279816513904,"NRDC","0"
5.08319049777365e-05,0.298825275162536,0.25,0.187,0.915330112934101,"TMED3","0"
5.11803675511541e-05,0.281500140194882,0.254,0.19,0.921604878493633,"KIAA0100","0"
5.24481760522696e-05,0.286821581755189,0.284,0.218,0.944434306173218,"SFXN3","0"
5.29797964217843e-05,0.263655053312021,0.384,0.309,0.95400719416707,"SMIM13","0"
5.67539211195485e-05,0.335111858159919,0.262,0.2,1,"DNAJB1","0"
5.70241625831195e-05,0.274191214158952,0.259,0.195,1,"ADGRA1","0"
5.77182720791717e-05,0.330674034344699,0.254,0.193,1,"CHURC1","0"
5.80237984593547e-05,0.253722262934197,0.284,0.218,1,"PITRM1","0"
5.80858770509173e-05,0.257986303225329,0.289,0.222,1,"TSC2","0"
6.0337051026521e-05,0.334339561775475,0.251,0.191,1,"PPP6R2","0"
6.21208600964443e-05,0.264646255715071,0.329,0.26,1,"DLG2","0"
6.27621346598581e-05,0.309438050076791,0.269,0.206,1,"HIKESHI","0"
6.32408116934658e-05,0.261656860415178,0.432,0.358,1,"SON","0"
6.36239120573978e-05,0.281345106716232,0.269,0.205,1,"LARS","0"
6.68862931945978e-05,0.302467197447854,0.275,0.211,1,"PTS","0"
6.79674194866261e-05,0.26019119800845,0.382,0.313,1,"PSMC1","0"
6.92506404342422e-05,0.256024890027029,0.399,0.324,1,"ANXA7","0"
7.06012283712438e-05,0.304747499935888,0.271,0.208,1,"AKIRIN1","0"
7.59145017799213e-05,0.291438209825559,0.278,0.215,1,"KLHL42","0"
7.60015077535961e-05,0.268708281038307,0.263,0.201,1,"PIN4","0"
7.62516469641648e-05,0.257282011293508,0.311,0.243,1,"B4GALNT4","0"
8.00807356371841e-05,0.250928711406291,0.292,0.226,1,"PDIA6","0"
8.13940557367487e-05,0.256512984068001,0.305,0.239,1,"MLLT1","0"
8.60149787532654e-05,0.254775425095004,0.336,0.266,1,"TMEM14B","0"
8.95836534373877e-05,0.26134489262482,0.282,0.218,1,"HECTD1","0"
9.01660803895231e-05,0.274697797768203,0.262,0.199,1,"PC","0"
9.32018379770267e-05,0.32592328663346,0.267,0.207,1,"UFM1","0"
9.42934832592466e-05,0.292936618883147,0.264,0.203,1,"ADSS","0"
0.000102306286013238,0.345006486827331,0.276,0.216,1,"RXRB","0"
0.000103674161171825,0.268243944040127,0.258,0.196,1,"RING1","0"
0.000104225995217452,0.293644371666675,0.312,0.25,1,"USP9X","0"
0.000105107771504021,0.302021493109071,0.276,0.215,1,"SCAF1","0"
0.000110570282523447,0.278925107738672,0.279,0.217,1,"C6orf89","0"
0.00011113152444186,0.266033084169452,0.302,0.237,1,"FAM219A","0"
0.000111960822172715,0.254884843684289,0.306,0.241,1,"RANBP9","0"
0.000114574798931918,0.284018393765635,0.27,0.209,1,"ELL2","0"
0.000118434815826027,0.304863355791473,0.259,0.199,1,"KDELR1","0"
0.000123377872678407,0.323627179926538,0.262,0.202,1,"SNF8","0"
0.000131285284897607,0.253807267355674,0.283,0.22,1,"RABGAP1","0"
0.000135193110584964,0.265603325101543,0.259,0.198,1,"SAFB2","0"
0.000144790053537911,0.28977543819975,0.297,0.235,1,"PPP1R11","0"
0.000146031138097739,0.252002209030431,0.341,0.274,1,"TOP2B","0"
0.000153014535357705,0.271506009854746,0.331,0.268,1,"SLC38A1","0"
0.000155885052495079,0.269400830075154,0.252,0.193,1,"MESP1","0"
0.000158340982935839,0.312921431381588,0.268,0.209,1,"MCFD2","0"
0.000167677173211284,0.252991240598873,0.299,0.236,1,"BTF3L4","0"
0.000169029532963635,0.257754451872337,0.281,0.218,1,"ACTR3","0"
0.000170159165666254,0.265790797656012,0.415,0.35,1,"EWSR1","0"
0.000174305382735693,0.293703543376418,0.255,0.197,1,"SND1","0"
0.000183727849337449,0.268537274691767,0.324,0.26,1,"C1orf216","0"
0.000200038916760597,0.258373326093529,0.287,0.224,1,"ARL1","0"
0.000211219399475924,0.319458957211489,0.274,0.215,1,"LONP1","0"
0.000214038221146845,0.289377617973628,0.296,0.237,1,"OTUD6B-AS1","0"
0.000217042414662162,0.305539134348329,0.253,0.196,1,"RBMX","0"
0.000219434292113809,0.254086246673461,0.264,0.205,1,"CIB1","0"
0.000221035851221269,0.253601388648098,0.263,0.203,1,"SDR39U1","0"
0.000229662766486866,0.264825461359782,0.257,0.199,1,"ETNK1","0"
0.000230703992566367,0.280710217491751,0.254,0.196,1,"ZNF667-AS1","0"
0.000249117977627162,0.274114532164627,0.285,0.227,1,"SHC3","0"
0.000250702209325633,0.26537664664387,0.293,0.232,1,"CHCHD1","0"
0.000263741941303453,0.285828550892557,0.268,0.21,1,"GTF3C6","0"
0.00027378867121389,0.262100145626866,0.252,0.195,1,"PCM1","0"
0.0002919597303778,0.315229218864644,0.256,0.2,1,"MRPL23","0"
0.000305701391931228,0.25916300492662,0.256,0.199,1,"SPRN","0"
0.000307462928685198,0.295147600715558,0.257,0.202,1,"NELFB","0"
0.000309992455943972,0.268100958343213,0.285,0.226,1,"SMARCA5","0"
0.000313819990398211,0.277909036992263,0.272,0.215,1,"FXR2","0"
0.000321052702278888,0.278113106005712,0.25,0.195,1,"C21orf2","0"
0.000350029061754673,0.267551255520449,0.25,0.195,1,"NR2F6","0"
0.00039668091813876,0.253056431930816,0.29,0.232,1,"OGDH","0"
0.000406280927613261,0.256512984068001,0.282,0.225,1,"MED10","0"
0.000437431323466194,0.29402870235554,0.269,0.214,1,"MTCH2","0"
0.000441287401548998,0.256702924828053,0.314,0.255,1,"TAF1D","0"
0.000465907214770551,0.30311440388718,0.253,0.199,1,"SMAP1","0"
0.000563159842881317,0.265425697049005,0.318,0.261,1,"MFN2","0"
0.000567351603197966,0.284337630172282,0.281,0.225,1,"FMR1","0"
0.000992514836486312,0.278331629944465,0.276,0.224,1,"FOXO3","0"
0.00101622428513568,0.264133479793238,0.259,0.208,1,"C9orf78","0"
0.00144540906318939,0.252690883700939,0.269,0.218,1,"GBA","0"
0.00157497011443774,0.265882662729168,0.262,0.212,1,"DPY30","0"
0,3.7550860731888,0.96,0.28,0,"MOBP","1"
0,3.6762810439655,0.873,0.228,0,"MAG","1"
0,3.43205672253513,0.895,0.275,0,"PPP1R14A","1"
0,3.49596042914722,0.975,0.38,0,"TF","1"
0,3.17756269759538,0.997,0.661,0,"CNP","1"
0,3.08604677405236,0.993,0.702,0,"CRYAB","1"
0,2.97982543113476,1,0.711,0,"GFAP","1"
0,3.50167052016768,1,0.867,0,"PLP1","1"
0,3.23663278601071,1,0.976,0,"MBP","1"
2.96870264780358e-303,2.4806007633174,0.994,0.709,5.34574285789991e-299,"S100B","1"
3.42516895980453e-301,3.54649741466355,0.808,0.167,6.16770174592002e-297,"ERMN","1"
9.51769799832311e-301,1.89440877938987,1,0.961,1.71385187855804e-296,"PTGDS","1"
3.05445828054725e-298,3.06095401078597,0.926,0.369,5.50016302578143e-294,"CLDND1","1"
4.4490910050487e-290,3.71435912374181,0.73,0.115,8.01147817279119e-286,"MOG","1"
1.89638782006774e-288,3.052852212289,0.896,0.301,3.41482554759598e-284,"SPP1","1"
4.3175980500525e-281,3.47712991873715,0.799,0.194,7.77469880872954e-277,"CLDN11","1"
6.92282664545862e-277,2.99970559972442,0.89,0.342,1.24659339404773e-272,"RNASE1","1"
6.12063393202929e-275,0.948842994628297,1,1,1.10214255214051e-270,"FTH1","1"
3.56929048921925e-266,2.56339716624644,0.925,0.406,6.42722138393711e-262,"SEPT4","1"
3.39953778952672e-260,3.35450678590693,0.743,0.154,6.12154769760076e-256,"CARNS1","1"
4.07278684164194e-255,2.28490462530257,0.948,0.604,7.33386726574464e-251,"SCD","1"
2.0052304618221e-250,3.38591636573801,0.713,0.143,3.61081849260305e-246,"HSPA2","1"
2.37828220766959e-246,3.19096945876735,0.758,0.182,4.28257277135064e-242,"MAL","1"
3.85511237084182e-239,2.90684599102932,0.792,0.22,6.94190084617487e-235,"BCAS1","1"
1.52159495222735e-236,2.62135548303864,0.86,0.33,2.73993603047578e-232,"PAQR6","1"
2.31070769830692e-236,2.95508375244064,0.789,0.234,4.16089135234127e-232,"LINC00844","1"
1.52259985391825e-235,2.29905410649398,0.939,0.554,2.74174555695059e-231,"MARCKSL1","1"
3.12874784506533e-232,2.83154288985404,0.823,0.278,5.63393624460913e-228,"SELENOP","1"
1.72334186246933e-229,3.28912768378876,0.703,0.154,3.10322169174853e-225,"TMEM144","1"
6.20450114085043e-224,2.25652657701109,0.905,0.445,1.11724452043294e-219,"PLEKHB1","1"
9.27056319325395e-223,3.29777506940608,0.628,0.106,1.66935031420924e-218,"NKX6-2","1"
2.05537071703259e-214,2.31124280326625,0.886,0.427,3.70110605016059e-210,"GPRC5B","1"
1.17479418779217e-212,2.17914851020987,0.912,0.524,2.11545189395737e-208,"APOD","1"
3.57592854759865e-210,2.93683041087435,0.704,0.171,6.43917453566089e-206,"OPALIN","1"
7.73967668849584e-210,2.90299297963857,0.75,0.222,1.39368358129745e-205,"ENPP2","1"
1.65225060722724e-208,2.19049459597954,0.887,0.458,2.97520766843409e-204,"QKI","1"
8.41993688802343e-199,3.13292327605732,0.618,0.122,1.51617803542638e-194,"TTYH2","1"
2.57361878052655e-194,2.92590265881435,0.685,0.18,4.63431533809415e-190,"PLLP","1"
2.46520920593026e-193,1.18000796215556,1,0.976,4.43910221711862e-189,"TUBA1A","1"
1.07651512264422e-191,0.992269555607512,0.999,0.984,1.93848078134545e-187,"RPS12","1"
5.67361077255717e-190,2.76786445378207,0.724,0.222,1.02164709181437e-185,"PMP22","1"
1.37504644163832e-189,2.59763292638762,0.765,0.264,2.47604612745813e-185,"CNTN2","1"
1.93103585782904e-188,2.9900795636157,0.632,0.143,3.47721626919274e-184,"ELOVL1","1"
1.48087438116541e-185,1.31651786959965,0.99,0.869,2.66661049816456e-181,"PTMA","1"
5.83014208634534e-183,2.13980670299337,0.848,0.406,1.0498336854882e-178,"TSC22D4","1"
4.8791757475071e-181,3.29433954734205,0.537,0.092,8.78593176853604e-177,"KLK6","1"
1.96296277964744e-180,2.00530679275306,0.885,0.521,3.53470707731114e-176,"CSRP1","1"
5.27566909371075e-176,0.946957388487817,1,0.99,9.49989733704495e-172,"FTL","1"
2.58741270034037e-175,1.28348907657778,0.988,0.905,4.6591540495029e-171,"APLP1","1"
1.62996545561528e-174,2.64209329872436,0.678,0.189,2.93507879592644e-170,"EFHD1","1"
7.76324223126105e-174,2.47153032014226,0.726,0.239,1.39792702858318e-169,"SLC44A1","1"
1.51233626531821e-172,1.39727636090512,0.983,0.836,2.7232639129585e-168,"GPM6B","1"
1.90796188236742e-171,3.05488193130257,0.571,0.119,3.43566696157902e-167,"MYRF","1"
1.14465659300973e-169,2.52453049087336,0.722,0.248,2.06118312703263e-165,"LAMP2","1"
6.30245975181724e-169,2.49036009052424,0.711,0.231,1.13488392750973e-164,"LHPP","1"
4.8824298814905e-168,3.14585484618117,0.547,0.109,8.79179148759994e-164,"PLEKHH1","1"
9.04177795600683e-164,1.75904445014111,0.885,0.58,1.62815295653815e-159,"QDPR","1"
1.4997780167929e-162,3.02496072384248,0.524,0.098,2.70065027483898e-158,"UGT8","1"
1.96020612762206e-162,3.54658189642506,0.43,0.054,3.52974317400904e-158,"GLDN","1"
3.25121622567311e-162,2.10217283520748,0.808,0.356,5.85446505756956e-158,"GSN","1"
7.8539392518691e-162,2.1656298767757,0.804,0.376,1.41425884108407e-157,"ABCA2","1"
8.25625748576459e-160,2.24400681763479,0.775,0.337,1.48670428546163e-155,"EDIL3","1"
1.84085202891776e-157,3.05069509698328,0.494,0.086,3.31482224847221e-153,"FAM107B","1"
4.19319739237986e-155,2.52268869011407,0.67,0.216,7.55069054445842e-151,"PLA2G16","1"
1.47244244267396e-154,2.88663853821541,0.527,0.106,2.651427106523e-150,"GPR37","1"
7.00519995054614e-153,2.21159577293737,0.753,0.325,1.26142635509484e-148,"OLIG1","1"
5.30600662350462e-152,2.6798635435328,0.6,0.16,9.55452612694477e-148,"CNDP1","1"
9.62338780284e-150,2.76419649163351,0.547,0.121,1.7328834416574e-145,"RASSF2","1"
4.07661253610549e-148,2.90779768938684,0.479,0.085,7.34075619376515e-144,"PRR18","1"
5.30764858050108e-148,2.73090875892682,0.595,0.161,9.55748279890829e-144,"CERCAM","1"
2.32000281162619e-147,2.34676923689539,0.694,0.248,4.17762906289528e-143,"SUN2","1"
3.02251517025544e-147,2.7908323040031,0.525,0.111,5.44264306707898e-143,"LPAR1","1"
9.27998527194085e-145,2.34132762780805,0.674,0.229,1.67104694791839e-140,"PIP4K2A","1"
1.03949427112059e-144,3.38984975857414,0.392,0.05,1.87181733400684e-140,"GJB1","1"
4.37136123721629e-144,2.68729288517185,0.544,0.127,7.87151017985537e-140,"SEMA3B","1"
3.79573473257894e-143,1.62147946970227,0.889,0.597,6.8349795329549e-139,"FEZ1","1"
4.85175126175939e-143,2.43492786393535,0.638,0.202,8.73654849705013e-139,"FGFR2","1"
4.33489725379877e-142,2.99230135527007,0.463,0.083,7.80584948491545e-138,"FA2H","1"
1.17688601262164e-141,3.10868453259836,0.455,0.08,2.11921864292779e-137,"CMTM5","1"
1.92130891308088e-140,2.56901703439924,0.584,0.161,3.45970095978475e-136,"PADI2","1"
9.83755259232715e-138,2.41929577059577,0.623,0.198,1.77144809530035e-133,"SLAIN1","1"
1.08298059061913e-135,3.37728936099683,0.395,0.058,1.95012314952787e-131,"AL359091.1","1"
3.6581363438259e-135,3.06744974747411,0.437,0.077,6.58720611432729e-131,"EVI2A","1"
1.63378875386681e-134,3.49971921027914,0.374,0.049,2.94196340908796e-130,"AQP1","1"
2.10882574193688e-133,2.13868827803081,0.69,0.26,3.79736251350574e-129,"NDRG1","1"
5.57505930183445e-133,2.67740455926999,0.544,0.14,1.00390092848133e-128,"HAPLN2","1"
3.09937053322623e-132,2.80540253675871,0.475,0.098,5.58103651918047e-128,"ANLN","1"
3.59064287204625e-132,3.03632547067517,0.426,0.073,6.46567061969369e-128,"TMEM63A","1"
9.10405921665516e-132,2.20787984599759,0.661,0.231,1.6393679431431e-127,"CD9","1"
3.80929666051317e-131,2.77419046063007,0.456,0.088,6.85940049658606e-127,"CDC42EP1","1"
4.62895163669723e-131,0.700894397242336,1,0.996,8.3353532122007e-127,"EEF1A1","1"
7.80625587236329e-131,2.16816921763168,0.638,0.207,1.40567249493646e-126,"TP53INP2","1"
9.95486499246583e-131,0.902422298534146,0.997,0.958,1.79257253919332e-126,"RPL30","1"
1.591746524378e-130,2.87411141794369,0.463,0.095,2.86625796644746e-126,"CDKN1C","1"
7.73027110428503e-129,2.83787517124198,0.457,0.092,1.39198991774861e-124,"BOK","1"
9.17756104363665e-128,2.40481949123281,0.561,0.158,1.65260341712765e-123,"AIF1L","1"
1.57790097205667e-127,2.54021720847912,0.544,0.148,2.84132628038245e-123,"TPPP3","1"
2.14554183440455e-123,3.07613127682761,0.364,0.051,3.86347718121228e-119,"SLC31A2","1"
6.7008590393965e-123,1.77396088096021,0.789,0.43,1.20662368722413e-118,"SIRT2","1"
1.671083110475e-122,2.45065038072227,0.524,0.136,3.00911935703234e-118,"FGF1","1"
6.99506239817914e-121,2.39845271833257,0.518,0.132,1.25960088604012e-116,"CERS2","1"
5.8089352430837e-119,0.768234702351428,1,0.98,1.04601496922208e-114,"RPL28","1"
3.59173507110832e-117,0.795956382971362,0.999,0.976,6.46763734254475e-113,"RPL37","1"
1.29976929484721e-116,2.77955384884912,0.417,0.082,2.34049456923137e-112,"GJC2","1"
5.44672983743676e-116,3.34461506720972,0.322,0.041,9.80792641827237e-112,"FOLH1","1"
1.27069117119019e-113,2.62037404458221,0.439,0.096,2.28813359196217e-109,"RHOU","1"
5.48817086425986e-112,0.79092402306864,0.999,0.966,9.88254927527274e-108,"RPL10","1"
1.22525952503568e-111,2.05672664710448,0.618,0.221,2.20632482673175e-107,"HIPK2","1"
1.53282985621877e-111,0.648186848331306,0.999,0.995,2.76016672209315e-107,"RPLP1","1"
2.90517959287844e-111,2.90997646921697,0.392,0.075,5.23135689289621e-107,"ADAMTS4","1"
5.54582634386496e-111,0.866622830195437,0.988,0.938,9.98636949739764e-107,"RPS27","1"
2.75822950818032e-110,2.55003223550773,0.456,0.108,4.9667438753803e-106,"PHLDB1","1"
5.72099905229215e-109,2.43825929516678,0.481,0.126,1.03018029934625e-104,"DAAM2","1"
2.93944327853029e-108,2.30124949232472,0.509,0.145,5.29305551164949e-104,"VWA1","1"
2.00571438182116e-107,2.68036490083004,0.43,0.099,3.61168988734536e-103,"GLTP","1"
5.74336013118353e-107,2.15506446788066,0.573,0.201,1.03420685882222e-102,"PREX1","1"
8.16605231407138e-106,3.09452088642737,0.316,0.044,1.47046104019483e-101,"HHIP","1"
2.02992229950918e-105,1.88394170839458,0.693,0.327,3.65528108472618e-101,"CBR1","1"
1.18936499202621e-103,2.28323182054392,0.501,0.144,2.14168954114159e-99,"C1orf198","1"
2.37051257358349e-103,2.78912541069478,0.374,0.073,4.2685819912518e-99,"TMEM98","1"
1.61425313456914e-102,2.93311296801491,0.348,0.061,2.90678561941865e-98,"TMEM125","1"
6.18723437046999e-102,2.11906879177182,0.564,0.198,1.11413529309053e-97,"SEMA4D","1"
7.14003889828768e-101,2.23785490206406,0.505,0.151,1.28570680441466e-96,"SOX8","1"
6.46189466198053e-100,2.42302613301392,0.479,0.14,1.16359337178283e-95,"JAM3","1"
1.64618197978228e-99,2.76286804306737,0.356,0.067,2.96427989099395e-95,"PLPP2","1"
4.29710292490516e-99,0.73691834772339,0.999,0.971,7.73779323687672e-95,"RPS8","1"
5.99264873029553e-98,2.47054164184704,0.433,0.11,1.07909625686432e-93,"SOX10","1"
5.78120600346792e-97,1.00421660953279,0.958,0.809,1.04102176504447e-92,"MTURN","1"
3.83704167590116e-96,0.608722450743944,0.999,0.992,6.90936094579522e-92,"RPL37A","1"
3.98496117498042e-96,3.08798781168091,0.303,0.047,7.17571958778725e-92,"NINJ2","1"
1.4189826023854e-95,2.9371803376131,0.316,0.052,2.55516197211538e-91,"AC018647.1","1"
2.762999102836e-95,0.755378421728228,0.996,0.958,4.97533248447679e-91,"RPL19","1"
1.40439808093961e-93,0.81288743569681,0.983,0.897,2.52889962434796e-89,"RPL11","1"
3.66160598101161e-92,2.42280018037543,0.398,0.095,6.5934538900076e-88,"LITAF","1"
1.20266977364587e-88,2.54239409946163,0.358,0.077,2.16564746140412e-84,"SLCO1A2","1"
7.89645178122627e-87,1.36685823923668,0.801,0.541,1.42191407224542e-82,"NENF","1"
2.33353958716028e-86,1.86937349893703,0.59,0.247,4.20200473459951e-82,"AMER2","1"
1.92746990462569e-84,3.15090235795076,0.255,0.036,3.47079505725948e-80,"S1PR5","1"
3.71102741361789e-84,2.56908913730585,0.351,0.08,6.68244706370173e-80,"ERBB3","1"
7.06455723460148e-84,1.01908160989121,0.895,0.736,1.27211482123469e-79,"B2M","1"
4.95184640123387e-83,0.605610813379025,0.997,0.983,8.91678981470183e-79,"RPS15","1"
1.07679769723944e-81,1.95217546238597,0.547,0.222,1.93898961341907e-77,"SLC12A2","1"
1.32667681494909e-81,2.09611855551743,0.436,0.129,2.38894694067883e-77,"OLIG2","1"
1.95314626846061e-80,0.719584781304643,0.987,0.926,3.51703048561702e-76,"RPS29","1"
2.56399867224349e-79,2.46485749899061,0.341,0.078,4.61699240910885e-75,"PAIP2B","1"
5.70431711852147e-79,2.63633835035589,0.315,0.066,1.02717638353216e-74,"PCSK6","1"
1.25141843591804e-78,1.29876161402329,0.784,0.525,2.25342917755762e-74,"H3F3B","1"
1.5349593225017e-78,3.04741659467551,0.26,0.042,2.76400125202882e-74,"COL4A5","1"
1.03414506939041e-77,2.20496223858875,0.395,0.111,1.8621850264513e-73,"MTUS1","1"
4.88447860835511e-77,1.76913723290378,0.56,0.231,8.79548063006504e-73,"DDR1","1"
1.00099938810563e-76,1.43953550420444,0.723,0.44,1.80249959816181e-72,"BIN1","1"
2.29128286779018e-76,1.76419649163351,0.55,0.224,4.12591306002978e-72,"FMNL2","1"
2.29477870884473e-76,2.38545416636588,0.33,0.076,4.13220802101671e-72,"CHADL","1"
2.04412033815617e-75,2.68817190325337,0.284,0.055,3.68084749291781e-71,"RTKN","1"
2.6832703004066e-75,1.35588143588315,0.759,0.493,4.83176482994217e-71,"SEPT8","1"
2.28041558780351e-74,2.74909947966724,0.264,0.046,4.10634434895778e-70,"EFS","1"
2.37443577754449e-74,0.528459816462662,0.999,0.995,4.27564650462436e-70,"RPL34","1"
2.77026725997691e-74,2.36879477720978,0.332,0.079,4.98842025504042e-70,"RHOG","1"
5.20982653042461e-74,0.657836950962206,0.986,0.95,9.3813346333356e-70,"RPS23","1"
1.61485603746022e-73,2.11779173614725,0.43,0.14,2.90787126665462e-69,"CDK18","1"
2.00801453837409e-73,0.574099412163111,1,0.984,3.61583177925023e-69,"RPS27A","1"
3.95394852852576e-73,1.54256151014458,0.675,0.385,7.11987511531634e-69,"PTP4A2","1"
1.94095108626649e-72,0.664248584312879,0.99,0.952,3.49507062104006e-68,"FAU","1"
6.9524088894769e-72,2.47175132227921,0.287,0.059,1.2519202687281e-67,"LIPE","1"
6.02020632399082e-71,1.89163633203875,0.442,0.148,1.08405855276103e-66,"ZCCHC24","1"
9.65073353687055e-71,1.72153661427768,0.593,0.301,1.73780758798428e-66,"SLC48A1","1"
2.72121639925174e-70,1.82333392720993,0.535,0.237,4.90009437013261e-66,"CFL2","1"
3.24672237247218e-70,1.68369737291191,0.58,0.276,5.84637297611066e-66,"SHTN1","1"
3.57212495675666e-70,0.696799289985518,0.962,0.91,6.43232540963173e-66,"RPS13","1"
4.78509353587051e-69,2.0662771750012,0.388,0.118,8.61651793004203e-65,"ZDHHC9","1"
1.22704378393597e-68,0.765082870328713,0.942,0.847,2.2095377417335e-64,"RPS15A","1"
2.65778339254941e-68,1.68724147962925,0.525,0.22,4.78587055496372e-64,"SPOCK3","1"
3.07718496026691e-68,1.72514327304666,0.524,0.221,5.54108695795262e-64,"MAP4K4","1"
3.13644819198576e-68,1.70852382750126,0.573,0.274,5.64780225930875e-64,"RNF130","1"
5.68190381439562e-68,1.87263186448882,0.475,0.184,1.02314041985822e-63,"CA2","1"
3.05491006453017e-66,1.79383272600977,0.492,0.199,5.50097655319948e-62,"RNF13","1"
3.95905659288429e-66,1.91746778713807,0.414,0.138,7.12907320680674e-62,"SYNGR2","1"
2.71849481517037e-65,2.15655760662569,0.362,0.108,4.89519361367728e-61,"CLIC4","1"
3.06019385352988e-65,0.768216339205627,0.944,0.845,5.51049107205126e-61,"C4orf48","1"
9.26946723867628e-65,1.97498592105186,0.4,0.133,1.66915296566844e-60,"LIPA","1"
2.31648370354536e-64,0.618784058791786,0.984,0.937,4.17129220497413e-60,"RPL21","1"
3.77862006115099e-64,1.90397772859553,0.421,0.147,6.80416114411458e-60,"PLXNB1","1"
4.50602452190915e-64,1.61538409760472,0.563,0.273,8.1139983566018e-60,"HEPACAM","1"
1.05970023663818e-62,1.40686324280506,0.628,0.34,1.90820221611436e-58,"SPARC","1"
1.21782850668665e-62,0.677280884209616,0.968,0.893,2.19294379199066e-58,"SERF2","1"
2.19066344984574e-61,0.543105056243478,0.996,0.984,3.94472767413723e-57,"RPL13","1"
2.06363908694049e-60,1.63497112599191,0.514,0.233,3.71599490385374e-56,"RGCC","1"
2.42136949245978e-60,0.599212231461471,0.991,0.954,4.36016004507233e-56,"RPL13A","1"
3.30873153335178e-60,0.561008618101339,0.986,0.964,5.95803287210654e-56,"RPS14","1"
4.9964414587614e-60,0.717668466248522,0.942,0.861,8.99709213479165e-56,"RPS19","1"
3.89144720219194e-59,1.21449689667153,0.711,0.427,7.00732897698702e-55,"CD74","1"
1.17129197793783e-58,0.741112391236347,0.916,0.821,2.10914546467264e-54,"RPS6","1"
9.34841095365024e-58,2.33370533994816,0.277,0.069,1.6833683604238e-53,"USP54","1"
1.79901613077905e-57,2.09830806767228,0.319,0.091,3.23948834669384e-53,"MTMR10","1"
2.85920900426449e-57,1.6046982672,0.472,0.195,5.14857765397906e-53,"LGALS3BP","1"
3.17052549137372e-57,0.488449949653844,0.997,0.988,5.70916525231666e-53,"RPL32","1"
7.6750082553114e-57,1.94963322818006,0.356,0.116,1.38203873653392e-52,"VAMP3","1"
1.22672159999021e-56,1.38094420535225,0.641,0.396,2.20895758510237e-52,"RAPGEF5","1"
1.63944162566479e-55,0.545967213681066,0.997,0.976,2.95214253533458e-51,"RPS24","1"
7.89105310949052e-55,1.76682654363595,0.404,0.152,1.42094193342596e-50,"RDX","1"
1.11776685299367e-54,2.02837641042997,0.31,0.09,2.0127627721857e-50,"PLEKHG3","1"
1.14473275337399e-54,0.897789839071453,0.828,0.675,2.06132026900054e-50,"PPDPF","1"
1.57345336427158e-54,1.659631774746,0.43,0.171,2.83331747304384e-50,"PHGDH","1"
1.78787618580912e-54,1.27860047703451,0.654,0.403,3.21942864778648e-50,"LAMP1","1"
2.94065750045169e-54,1.39905994240282,0.57,0.302,5.29524196106335e-50,"AATK","1"
7.41972477014175e-54,2.07506939801188,0.297,0.085,1.33606983935942e-49,"SEMA6A","1"
2.05113966666599e-53,0.71538245256506,0.9,0.791,3.69348719776545e-49,"RPS3","1"
1.12223009948982e-52,0.991285150377111,0.792,0.614,2.02079974015132e-48,"H3F3A","1"
4.8454955503388e-52,0.684853044016896,0.928,0.857,8.72528383749507e-48,"RPL12","1"
6.58713100480623e-52,0.861827675468336,0.869,0.729,1.18614468003546e-47,"MT2A","1"
8.2000393219091e-52,1.39721052351755,0.622,0.374,1.47658108069617e-47,"AQP4","1"
1.58426986681756e-51,2.087100296148,0.283,0.08,2.85279474917838e-47,"REEP3","1"
2.31051923519887e-50,2.20173080604586,0.257,0.067,4.1605519868226e-46,"CYP27A1","1"
3.0601912207199e-50,0.541383244155353,0.98,0.938,5.51048633115032e-46,"RPL8","1"
5.27604660640893e-50,1.92434275838718,0.289,0.083,9.50057712416056e-46,"COL9A2","1"
5.69448086975201e-50,0.597933015400779,0.978,0.914,1.02540517021624e-45,"RPL4","1"
2.78694079173407e-49,1.99771485145644,0.291,0.087,5.01844428367554e-45,"NPC1","1"
3.54520677582393e-49,1.95588427567357,0.316,0.104,6.38385384122615e-45,"FAXDC2","1"
7.47450446747269e-49,1.46379059985596,0.488,0.234,1.34593401945781e-44,"PKP4","1"
8.8380375933152e-49,1.05929385913923,0.72,0.508,1.59146542942827e-44,"C1orf122","1"
1.21930495570171e-48,1.48944866523593,0.496,0.24,2.19560243373207e-44,"ANKRD40","1"
1.38683225070705e-48,0.452112976956398,0.994,0.985,2.49726883384819e-44,"RPS28","1"
2.14528895874492e-48,1.4243400304702,0.519,0.266,3.86302182801197e-44,"ZEB2","1"
9.08667748461775e-48,1.78591294565461,0.352,0.128,1.63623801465512e-43,"PXK","1"
1.08790809577251e-47,1.90128752215951,0.302,0.096,1.95899610805755e-43,"COL9A3","1"
2.28597128286904e-47,0.555422972638194,0.974,0.923,4.11634848906229e-43,"RPS18","1"
8.28542551175595e-47,1.25213269161384,0.589,0.342,1.49195657190189e-42,"KIAA0930","1"
9.0065737685092e-47,0.545581616531803,0.968,0.929,1.62181373849545e-42,"RPL18","1"
1.3027767831332e-46,1.66055948410112,0.351,0.128,2.34591015338795e-42,"SYPL1","1"
4.74301842521971e-46,0.709990917855501,0.877,0.768,8.54075327829313e-42,"RPS9","1"
8.48868216644253e-46,0.940760134971737,0.745,0.546,1.52855699771131e-41,"HTRA1","1"
1.1461758111543e-45,0.624269342129618,0.931,0.835,2.06391878314555e-41,"RPL22","1"
1.29332592523243e-45,0.510953680717982,0.994,0.962,2.32889199356604e-41,"RPLP2","1"
1.3682052722586e-45,0.506406539178885,0.994,0.968,2.46372723375607e-41,"DPYSL2","1"
1.99157770015762e-45,1.53419513409934,0.449,0.211,3.58623396467383e-41,"MID1IP1","1"
3.12133372523532e-45,1.51064396142294,0.496,0.26,5.62058563903123e-41,"PACS2","1"
4.96526090199664e-45,0.571201319848407,0.958,0.934,8.94094530622534e-41,"RPL39","1"
8.85242165071142e-45,0.625284161846148,0.938,0.867,1.59405556664361e-40,"RPS2","1"
1.01429900449437e-44,1.37111161573706,0.509,0.266,1.82644821739301e-40,"RNH1","1"
1.49102886363282e-44,0.740020103081937,0.851,0.727,2.68489567474362e-40,"SCD5","1"
2.95416161813806e-44,1.56035964819691,0.397,0.165,5.31955882578121e-40,"HIP1R","1"
1.11006370854799e-43,1.75455706797159,0.351,0.138,1.99889171998236e-39,"CNTNAP4","1"
2.18438650155798e-43,1.81049368135095,0.341,0.131,3.93342477335545e-39,"MVB12B","1"
4.85078997246643e-43,0.610645429505996,0.916,0.85,8.7348175034203e-39,"RPL23A","1"
1.21656590466379e-42,1.70170930538349,0.315,0.11,2.19067022452808e-38,"FNBP1","1"
1.49234040869154e-42,1.35132371768109,0.489,0.246,2.68725737393085e-38,"PAQR8","1"
2.36290240153014e-42,1.15357895577091,0.603,0.367,4.25487835443532e-38,"EEF1D","1"
2.77850868421798e-42,1.01645861998901,0.709,0.515,5.00326058767132e-38,"SORT1","1"
6.02328693717569e-42,1.51786079794616,0.413,0.188,1.08461327877723e-37,"PCBP4","1"
7.07428871612628e-41,1.44566697320802,0.433,0.206,1.27386716911286e-36,"KCNJ10","1"
1.22488936388326e-40,1.35057080705525,0.459,0.225,2.20565827754458e-36,"IPO13","1"
2.39176879314775e-40,1.31200765850306,0.501,0.271,4.30685806582115e-36,"WNK1","1"
5.03891144260424e-40,1.30648614069087,0.489,0.255,9.07356783469746e-36,"GOLGA7","1"
5.64517863876533e-40,0.673653487461713,0.872,0.802,1.01652731748247e-35,"CD81","1"
5.80918445188663e-40,1.28943791893235,0.498,0.265,1.04605984425122e-35,"BACE1","1"
8.64174985571443e-40,1.17464297000998,0.53,0.292,1.5561198965185e-35,"SEPT2","1"
1.41995890963549e-39,1.7618943182074,0.304,0.112,2.55692000858062e-35,"SYNJ2","1"
5.39409572906567e-39,1.17379748446455,0.587,0.368,9.71314817932856e-35,"SCARB2","1"
8.96325029258753e-39,0.645769543960821,0.883,0.767,1.61401248018624e-34,"RPS16","1"
1.46112275785504e-38,1.24551120689935,0.543,0.315,2.63104375006957e-34,"S100A11","1"
2.97392831307635e-38,0.483767734768838,0.974,0.938,5.35515271335658e-34,"RPL29","1"
3.53453233610588e-38,0.8823601214507,0.759,0.596,6.36463237762586e-34,"TPPP","1"
3.9940470446347e-38,1.46606816526774,0.388,0.174,7.1920805132737e-34,"FBXO7","1"
6.21119415205413e-38,0.332591786478701,1,0.997,1.11844973096039e-33,"TMSB4X","1"
1.54687589769427e-37,1.73671575521141,0.277,0.097,2.78545942897807e-33,"ZDHHC20","1"
1.58972212253214e-37,0.539665961926022,0.948,0.896,2.86261262604362e-33,"RPS25","1"
4.42973381635073e-37,1.27647798947291,0.492,0.266,7.97662168310276e-33,"CTNNA1","1"
5.47915336082154e-37,0.808757124135076,0.785,0.663,9.86631145683135e-33,"FIS1","1"
6.67979023847395e-37,0.86739677241939,0.723,0.547,1.202829828242e-32,"DBI","1"
8.19089463298507e-37,1.50723390908864,0.329,0.132,1.47493439656162e-32,"KIF1C","1"
9.68695284039097e-37,1.75028545375548,0.268,0.093,1.7443295979692e-32,"TMBIM1","1"
1.71114948748067e-36,1.59416172528523,0.343,0.146,3.08126688210643e-32,"DNM2","1"
2.18664231443077e-36,1.52016906225525,0.392,0.189,3.9374868155955e-32,"ARHGAP23","1"
2.51565108220653e-36,0.537632305124393,0.934,0.892,4.5299329037293e-32,"RPS4X","1"
3.78697935881013e-36,1.6072645037562,0.281,0.101,6.81921373140939e-32,"MCAM","1"
5.29879300983967e-36,0.638486885911789,0.87,0.773,9.54153657281829e-32,"PEA15","1"
1.05023602052479e-35,1.58657540578355,0.325,0.133,1.891160002159e-31,"MAP7","1"
3.35902348121694e-35,0.819596027286001,0.743,0.589,6.04859358262734e-31,"NCAM1","1"
1.07407884558603e-34,1.21343932668782,0.522,0.305,1.93409377724676e-30,"KRT8","1"
4.5530743148454e-34,1.13380120966751,0.53,0.311,8.19872091874211e-30,"DYNC1I2","1"
2.76299172201239e-33,0.918713588954293,0.661,0.48,4.97531919382771e-29,"TMEM59","1"
3.11271682393779e-33,1.14284443896951,0.534,0.323,5.60506918486478e-29,"PMP2","1"
4.98879574490313e-33,1.49363093872186,0.302,0.121,8.98332449784707e-29,"ITPKB","1"
1.05881157148604e-32,1.7801502256262,0.263,0.098,1.90660199677491e-28,"PLPPR1","1"
1.82546944442812e-32,1.63381584762711,0.28,0.109,3.28712282858171e-28,"PDE1C","1"
2.25954047383264e-32,1.2218682449091,0.511,0.315,4.06875453123044e-28,"LARP6","1"
4.97743027672223e-32,1.40846368993113,0.358,0.168,8.96285869929371e-28,"TMEM165","1"
6.2294227488166e-32,0.843114881483034,0.684,0.489,1.12173215437941e-27,"GSTP1","1"
7.7591722614844e-32,1.22722116807933,0.473,0.274,1.3971941491255e-27,"SECISBP2L","1"
2.12610398750344e-31,0.517165114487207,0.964,0.91,3.82847545029744e-27,"APOE","1"
4.57905629192254e-31,1.3285646415178,0.377,0.185,8.24550666486492e-27,"PSAT1","1"
4.78314337013439e-31,0.794260500696956,0.723,0.54,8.613006266601e-27,"METRN","1"
4.912658813267e-31,0.864780793999701,0.68,0.519,8.84622472504989e-27,"STMN4","1"
1.77080946690658e-30,0.671056329104945,0.797,0.679,3.18869660705868e-26,"YWHAQ","1"
1.88397767302156e-30,1.49246482505703,0.329,0.151,3.39247859580992e-26,"PSEN1","1"
3.03615195493934e-30,0.394645587433732,0.977,0.957,5.46719882525927e-26,"RPS3A","1"
4.67277892816461e-30,1.45472319167373,0.291,0.121,8.41427301594601e-26,"SPTLC2","1"
4.93101497527499e-30,1.12840786769754,0.479,0.276,8.87927866597768e-26,"SNHG25","1"
8.93585259533105e-30,0.340995562192393,0.993,0.983,1.60907897684126e-25,"RPS21","1"
1.08495890678644e-29,0.45336578990678,0.945,0.899,1.95368550345034e-25,"RPL35","1"
2.70380474689802e-29,0.779043683741244,0.704,0.535,4.86874120773927e-25,"TBCB","1"
3.01217114916211e-29,1.08383793225802,0.463,0.263,5.42401658829621e-25,"NEAT1","1"
3.24849516650092e-29,0.459426527362041,0.948,0.901,5.84956524631821e-25,"RPL18A","1"
4.29470008327664e-29,1.53881016080831,0.255,0.099,7.73346643995624e-25,"WASF2","1"
4.62437570473863e-29,1.12344850164195,0.481,0.291,8.32711333152284e-25,"PRKCSH","1"
6.06862602614822e-29,1.35675607899972,0.372,0.191,1.09277748852851e-24,"PAQR4","1"
7.82158893687489e-29,0.41009466612301,0.987,0.955,1.40843351986306e-24,"EIF1","1"
9.5711814976929e-29,1.56710821334588,0.299,0.133,1.72348265228956e-24,"DPYSL5","1"
1.12926457688973e-28,1.33941462022937,0.333,0.156,2.03346672360534e-24,"ANP32B","1"
1.40585395782463e-28,0.497419845905692,0.883,0.816,2.53152122185481e-24,"RPS5","1"
1.68517487324839e-28,0.411628142228846,0.97,0.941,3.03449439425837e-24,"RPL35A","1"
2.72099831054291e-28,0.525796743827149,0.893,0.851,4.89970165779462e-24,"TUBB4A","1"
6.05858613701571e-28,1.02278896749765,0.465,0.264,1.09096960569242e-23,"ADD3","1"
8.02650033181929e-28,0.388010930418885,0.987,0.97,1.4453319147507e-23,"TPT1","1"
3.68969583296136e-27,1.4757828720229,0.266,0.11,6.64403528641352e-23,"ADIPOR2","1"
4.74600550263409e-27,0.683578122670826,0.769,0.67,8.5461321085932e-23,"PRDX1","1"
1.61643638903887e-26,0.785476861529194,0.683,0.528,2.91071700574228e-22,"RHOA","1"
1.99861747163195e-26,0.897914448646125,0.577,0.402,3.59891048116766e-22,"TMEM258","1"
3.87258349812444e-26,1.21700944576736,0.339,0.165,6.97336110507268e-22,"PTTG1IP","1"
6.55768355219173e-26,0.477423751063428,0.892,0.842,1.18084207724316e-21,"SEPT7","1"
7.66482834104164e-26,0.373721583444147,0.981,0.963,1.38020563937137e-21,"RPL36","1"
1.0755400874389e-25,0.665864740279675,0.763,0.655,1.93672503545123e-21,"RHOB","1"
2.14354227536834e-25,0.983185213635844,0.567,0.396,3.85987657525578e-21,"DNAJB2","1"
3.06414772978109e-25,0.83194615836085,0.587,0.41,5.51761081701681e-21,"DNER","1"
3.12393119321718e-25,1.29457302576996,0.351,0.184,5.62526289962617e-21,"FNTA","1"
4.41233075222518e-25,0.889399204736449,0.558,0.375,7.94528398553188e-21,"IFITM3","1"
5.1738981346793e-25,1.01475002378583,0.44,0.255,9.31663837111702e-21,"GATM","1"
7.8504835815454e-25,0.85867971820255,0.566,0.381,1.41363657852888e-20,"HMGN2","1"
8.24145546443909e-25,1.21297199649006,0.361,0.188,1.48403888548155e-20,"ELOVL5","1"
1.08880543583821e-24,1.17606671183367,0.377,0.204,1.96061194831386e-20,"TJP1","1"
1.45469407155383e-24,0.946434346512743,0.566,0.389,2.61946761464697e-20,"AGT","1"
2.0995306941143e-24,1.11255613244806,0.447,0.278,3.78062492089161e-20,"GNAI1","1"
3.3148082344552e-24,1.00151251643233,0.488,0.312,5.96897518778349e-20,"SNORC","1"
6.51210342312348e-24,0.848324261062895,0.584,0.414,1.17263446340185e-19,"DAZAP2","1"
6.78340511217643e-24,1.30709979100967,0.289,0.135,1.22148775854961e-19,"CRYL1","1"
7.07715195674118e-24,1.29251159076768,0.306,0.148,1.27438275285038e-19,"COL16A1","1"
7.57568479188941e-24,0.422087495989664,0.931,0.879,1.36415356047553e-19,"RPSA","1"
8.06090567780436e-24,1.0320087235953,0.457,0.281,1.45152728540223e-19,"CADM4","1"
8.70371964158736e-24,1.23498711571206,0.356,0.192,1.56727879586064e-19,"SREBF1","1"
1.21021639947678e-23,1.32390807869622,0.287,0.135,2.17923667053784e-19,"ERBIN","1"
1.30865035100019e-23,1.35423037110779,0.277,0.128,2.35648668704604e-19,"TMEM189","1"
1.37195484581742e-23,1.22192965417805,0.312,0.153,2.47047909086342e-19,"DOHH","1"
1.60765377434012e-23,1.28022141965366,0.313,0.156,2.89490215145426e-19,"NPC2","1"
2.00875793541782e-23,1.32423396083632,0.263,0.116,3.61717041430688e-19,"MYLK","1"
3.67844689899112e-23,1.07743270223803,0.439,0.269,6.62377933101331e-19,"KRT18","1"
5.95327169623444e-23,0.948425094780724,0.512,0.345,1.07200563434094e-18,"TALDO1","1"
6.79855008663963e-23,0.377232371640999,0.968,0.938,1.2242149141012e-18,"ATP5ME","1"
8.82096016179401e-23,1.20548523842804,0.303,0.149,1.58839029633425e-18,"TXNIP","1"
1.14804845927134e-22,0.393371850524163,0.947,0.917,2.0672908606099e-18,"RPL26","1"
1.73184440866698e-22,0.464367974022361,0.873,0.807,3.11853222668664e-18,"RPS10","1"
2.47831118839777e-22,1.03782537859121,0.46,0.298,4.46269495694787e-18,"CCDC88A","1"
2.98108295762985e-22,1.05082434563947,0.433,0.269,5.36803608180408e-18,"SRCIN1","1"
3.33805533766291e-22,0.358982321677022,0.96,0.932,6.0108362465296e-18,"RPL38","1"
3.64023048531856e-22,0.85193305099459,0.522,0.352,6.55496303491314e-18,"DYNC1LI2","1"
4.44846578609496e-22,0.374271675893866,0.964,0.926,8.0103523410212e-18,"GLUL","1"
4.46485840997618e-22,0.929925599276062,0.508,0.345,8.0398705388441e-18,"TTLL7","1"
5.26751856455918e-22,1.27418260039415,0.278,0.133,9.48522067920171e-18,"A1BG","1"
7.88908418715088e-22,0.285735547388788,1,0.997,1.42058738958026e-17,"ITM2B","1"
1.04574147109182e-21,1.31533672905874,0.261,0.12,1.88306666699505e-17,"NEO1","1"
1.36435037291535e-21,0.861497379921432,0.498,0.325,2.45678571650868e-17,"IGFBP5","1"
1.39880045218821e-21,1.00917517383447,0.444,0.281,2.51881997425532e-17,"SVIP","1"
2.30995793816572e-21,0.499897001801411,0.854,0.809,4.15954125925502e-17,"RPL5","1"
2.90994278279835e-21,0.620314029563172,0.743,0.629,5.239933968985e-17,"RPL27A","1"
3.65666916898613e-21,1.16323275137597,0.309,0.159,6.58456417259333e-17,"CD99","1"
4.55627725657912e-21,0.42886170603418,0.916,0.862,8.20448845592203e-17,"NDRG2","1"
4.918708508417e-21,0.425329134803969,0.913,0.859,8.85711841110648e-17,"MYL6","1"
8.25727467776736e-21,1.14427392162446,0.323,0.172,1.48688745122557e-16,"PHLPP1","1"
1.02499428293278e-20,0.9997501610452,0.418,0.256,1.84570720527706e-16,"DENND5A","1"
1.41967493793916e-20,1.21064694354382,0.317,0.17,2.55640866074705e-16,"RBPJ","1"
1.92618032317192e-20,1.25640789866618,0.268,0.13,3.46847290793568e-16,"MYO10","1"
2.31749499400191e-20,0.921140326348833,0.456,0.291,4.17311323569924e-16,"GCSH","1"
4.17708205326985e-20,1.27765363204056,0.251,0.118,7.52167165332302e-16,"AGPAT4","1"
4.86783653888184e-20,1.13507844756052,0.306,0.16,8.76551325556454e-16,"NKAIN2","1"
1.3419433704415e-19,1.19124331585226,0.303,0.16,2.41643742715401e-15,"TPRN","1"
1.96344498847209e-19,0.577255046204736,0.74,0.624,3.53557539074169e-15,"PFN1","1"
2.79228993773362e-19,1.05343869096751,0.394,0.244,5.02807649087692e-15,"KIF5B","1"
3.34992868698232e-19,0.848039288593834,0.47,0.309,6.03221658664906e-15,"GAMT","1"
4.58203306650241e-19,0.381067461062061,0.912,0.864,8.2508669428509e-15,"UBA52","1"
5.58500056432815e-19,0.575367357507552,0.73,0.636,1.00569105161857e-14,"TMBIM6","1"
1.09321026365992e-18,1.06132793466998,0.307,0.163,1.96854372177241e-14,"RPS6KA2","1"
1.41483543669704e-18,1.18619389981928,0.28,0.143,2.54769417086035e-14,"ZFP36L1","1"
1.45803222236411e-18,1.15797177722541,0.277,0.143,2.62547862281105e-14,"SLC27A1","1"
1.6308691290035e-18,0.367675502592304,0.935,0.891,2.9367060405966e-14,"RPL3","1"
1.93517528053225e-18,0.825872282982321,0.505,0.352,3.48467012765442e-14,"GNAI2","1"
2.01470840464866e-18,0.550375254123219,0.766,0.656,3.62788542425085e-14,"TTYH1","1"
2.41395793286633e-18,1.13956384548234,0.302,0.163,4.3468140497124e-14,"FAR1","1"
3.1330287512043e-18,1.03978482284745,0.358,0.213,5.64164487229358e-14,"NRBP2","1"
3.76380927118067e-18,0.381454057542434,0.919,0.882,6.77749135461503e-14,"RPS11","1"
4.48052575548833e-18,0.738333126502873,0.573,0.421,8.06808272790783e-14,"S100A13","1"
4.72398816007966e-18,1.04492556885099,0.336,0.194,8.50648547985545e-14,"PICALM","1"
4.97000987788003e-18,0.518144459245649,0.781,0.698,8.94949678709858e-14,"RPLP0","1"
5.98553535216509e-18,0.363323612476307,0.918,0.892,1.07781535086437e-13,"RPS7","1"
6.37034781248462e-18,1.17626188263314,0.289,0.154,1.1471085305941e-13,"CTSH","1"
8.67206865832188e-18,1.17310257468368,0.266,0.136,1.56157940330402e-13,"LZTS2","1"
1.06902218599617e-17,1.09801808843291,0.294,0.159,1.92498825032331e-13,"RALGDS","1"
1.38278972602962e-17,1.03672907367033,0.382,0.24,2.48998945966154e-13,"HDAC11","1"
1.48785875682797e-17,0.341435153182714,0.945,0.915,2.67918726342012e-13,"RPL24","1"
1.70026422464383e-17,0.94571032133231,0.397,0.248,3.06166578931615e-13,"NACAD","1"
2.33004129683961e-17,0.733813920426388,0.532,0.386,4.19570536321908e-13,"DAD1","1"
3.52618697494087e-17,0.937457503578711,0.392,0.247,6.34960488577602e-13,"YBX1","1"
4.08803513271069e-17,0.567521946289993,0.737,0.671,7.36132486347214e-13,"RACK1","1"
5.45286123613686e-17,0.558923567247747,0.636,0.483,9.81896722791164e-13,"HLA-A","1"
8.17523318160335e-17,0.923484266817132,0.447,0.312,1.47211423901131e-12,"TMEM151A","1"
1.36016789183095e-16,0.7552308393061,0.522,0.383,2.44925432281999e-12,"DST","1"
1.47626609651286e-16,0.649610084165403,0.635,0.518,2.6583123599907e-12,"MT1E","1"
1.72317269685904e-16,1.01275445158671,0.302,0.169,3.10291707523408e-12,"RAP1A","1"
2.17897223115492e-16,0.652347946211504,0.613,0.488,3.92367529664067e-12,"LANCL1","1"
2.91731940254733e-16,0.944667095675124,0.404,0.265,5.25321704816697e-12,"WSB1","1"
3.54098763210131e-16,1.0782726568477,0.286,0.158,6.37625642912482e-12,"CYTH1","1"
3.98999473135146e-16,0.996547729006856,0.268,0.142,7.18478351274457e-12,"RHOBTB3","1"
4.45437546831764e-16,0.662584025634191,0.574,0.438,8.02099390579958e-12,"INF2","1"
4.62798059007116e-16,1.07789840717871,0.291,0.163,8.33360464854113e-12,"SFT2D1","1"
8.96808332031251e-16,1.06665142870013,0.294,0.167,1.61488276348867e-11,"ENPP4","1"
1.27425414598844e-15,0.703419772066697,0.57,0.452,2.29454944068138e-11,"PCDH9","1"
1.61642602572448e-15,0.989931100014754,0.315,0.184,2.91069834452207e-11,"CENPB","1"
1.92320259751902e-15,0.8990254574669,0.369,0.233,3.4631109173525e-11,"ALCAM","1"
2.2088495228042e-15,0.738928478100518,0.486,0.345,3.97747533571353e-11,"OMG","1"
2.43010369067621e-15,1.02236846370722,0.253,0.133,4.37588771580065e-11,"MYO6","1"
3.19884925670103e-15,1.04815147628113,0.293,0.169,5.76016785654155e-11,"DIP2B","1"
4.35581537199213e-15,0.459672653425711,0.76,0.716,7.84351674034622e-11,"ATP5MC2","1"
4.40039713043016e-15,0.300798027820531,0.968,0.947,7.92379511276558e-11,"RPL7A","1"
6.77438591228725e-15,0.408840374269166,0.866,0.801,1.21986367122557e-10,"PFDN5","1"
9.50250553667105e-15,0.628807013649767,0.603,0.483,1.71111617198836e-10,"FSCN1","1"
1.28627279231868e-14,0.840738819754634,0.426,0.298,2.31619141712824e-10,"COMT","1"
2.28169272597645e-14,0.413113973757825,0.784,0.734,4.10864409166579e-10,"GTF2I","1"
2.99370506728532e-14,1.20817339807566,0.251,0.139,5.39076471466067e-10,"CCND1","1"
3.05548239444062e-14,0.583200258554392,0.629,0.525,5.50200714766922e-10,"HSBP1","1"
4.55980848315016e-14,0.997555340699362,0.309,0.186,8.21084713560848e-10,"ENDOD1","1"
5.89339721920657e-14,1.06512788366897,0.253,0.141,1.06122403726253e-09,"SEC14L5","1"
6.19485896643653e-14,0.825787592929999,0.348,0.217,1.11550825408623e-09,"TPP1","1"
6.69901975440544e-14,0.863764921324174,0.372,0.244,1.20629248717579e-09,"KTN1","1"
6.70621120362035e-14,0.338950072646541,0.87,0.835,1.20758745143592e-09,"NACA","1"
6.71882026208153e-14,0.593548426861937,0.632,0.507,1.20985796459302e-09,"DHCR24","1"
6.76171672184466e-14,0.964375188882446,0.325,0.201,1.21758233010257e-09,"EPN2","1"
8.6340798394045e-14,0.572832081838266,0.619,0.51,1.55473875668157e-09,"MAPK8IP1","1"
2.21196291644002e-13,0.934354759088961,0.339,0.221,3.98308162363355e-09,"LDLRAD4","1"
2.46718136259672e-13,0.91292701950115,0.25,0.137,4.44265347962791e-09,"SERPINB6","1"
2.71807764215339e-13,0.475739696196867,0.73,0.66,4.89444241022561e-09,"FAM107A","1"
4.44318792182096e-13,0.463307944325068,0.742,0.677,8.000848490823e-09,"RPS20","1"
5.63433755884981e-13,0.990843864884308,0.266,0.155,1.01457516422209e-08,"SNX1","1"
7.14327565930169e-13,0.933948102649454,0.253,0.142,1.28628964797046e-08,"ITGB1","1"
8.35308385601043e-13,0.761377809445675,0.414,0.291,1.5041398099518e-08,"ANAPC5","1"
8.59260491593556e-13,0.509811276332799,0.592,0.465,1.54727036721252e-08,"KRT19","1"
1.80838337756148e-12,0.468025298847626,0.729,0.678,3.25635594797495e-08,"CD63","1"
1.87234463126291e-12,0.491934188685165,0.674,0.587,3.37153097751512e-08,"RPL36A","1"
2.17063887826577e-12,0.805962806684548,0.339,0.219,3.90866942809317e-08,"AGAP1","1"
2.38185018440562e-12,0.781021908041928,0.4,0.281,4.28899762705919e-08,"LIMCH1","1"
4.577664334293e-12,0.45671326150309,0.722,0.65,8.24300016676141e-08,"HNRNPA2B1","1"
5.31356506788458e-12,0.915978621233054,0.299,0.187,9.56813661773976e-08,"ITGAV","1"
5.53553040733731e-12,0.92367285193928,0.315,0.204,9.96782960449229e-08,"ATP6V0E1","1"
7.50261530656808e-12,0.835657604905042,0.355,0.242,1.35099593825371e-07,"FAM102A","1"
9.18921263651736e-12,0.682776948100602,0.479,0.369,1.65470151945768e-07,"ARL8A","1"
9.38290426207403e-12,0.701348712754734,0.387,0.263,1.68957957047167e-07,"NUPR1","1"
9.61376707407123e-12,0.562686355436357,0.502,0.371,1.73115103702801e-07,"IFI27","1"
9.76068768863682e-12,0.746003523603752,0.384,0.266,1.75760703209283e-07,"NFASC","1"
9.82670166077883e-12,0.546176494371672,0.632,0.54,1.76949416805644e-07,"DDX5","1"
1.05024158804638e-11,0.626105237645797,0.543,0.435,1.89117002759512e-07,"ROGDI","1"
1.43568954745993e-11,0.944244477361682,0.306,0.196,2.5852461681111e-07,"C3","1"
1.5425204324948e-11,0.708877893285554,0.43,0.313,2.77761654279338e-07,"MT1X","1"
2.416570558379e-11,0.77723091495012,0.381,0.269,4.35151860447307e-07,"SH3GL3","1"
2.45866361046281e-11,0.65590164958831,0.486,0.378,4.42731556336039e-07,"MBNL2","1"
2.79355005583129e-11,0.625891562920769,0.485,0.368,5.0303455855354e-07,"ANKS1B","1"
4.51764737469742e-11,0.583922360436876,0.508,0.392,8.13492762761765e-07,"MUC1","1"
4.99068015211622e-11,0.43761844443447,0.677,0.596,8.98671774991567e-07,"SEC62","1"
5.45632613500344e-11,0.658599065295397,0.483,0.383,9.82520647130069e-07,"ARHGAP21","1"
6.11806739182696e-11,0.514744005999498,0.605,0.51,1.10168039524628e-06,"PABPC1","1"
6.60956563089552e-11,0.87336460177942,0.274,0.169,1.19018448315536e-06,"COL1A2","1"
7.61703884165472e-11,0.893947363458267,0.253,0.152,1.37160018421676e-06,"FAAH","1"
7.703925136889e-11,0.258330094285168,0.961,0.931,1.3872457993996e-06,"RPL6","1"
7.73618941781749e-11,0.761257939474197,0.352,0.24,1.3930556284664e-06,"RNF141","1"
8.66614500722271e-11,0.567896690995263,0.511,0.407,1.56051273145059e-06,"RAB40B","1"
1.73696852592581e-10,0.788459330305404,0.372,0.267,3.1277592246346e-06,"PTK2","1"
1.88618905932522e-10,0.526834772070666,0.616,0.547,3.39646063912692e-06,"NDUFS7","1"
2.03562963525424e-10,0.484128136812728,0.652,0.568,3.66555828420231e-06,"TRIM2","1"
2.45731999724156e-10,0.468059539863925,0.553,0.434,4.42489611903289e-06,"HLA-B","1"
2.56221657708651e-10,0.460266505935323,0.636,0.538,4.61378339035968e-06,"ATOX1","1"
2.62619879761452e-10,0.745690558903281,0.294,0.188,4.72899617486446e-06,"NFIA","1"
2.63004686960739e-10,0.683062639716617,0.414,0.308,4.73592539810203e-06,"TMED10","1"
3.46040120258653e-10,0.797489177483197,0.33,0.228,6.23114444549757e-06,"MAN2A2","1"
4.74418486980665e-10,0.732167054519774,0.382,0.276,8.54285369506083e-06,"COBL","1"
6.31779557176171e-10,0.456409441890933,0.668,0.591,1.13764544860713e-05,"HNRNPDL","1"
6.36012818052501e-10,0.257032247775136,0.88,0.861,1.14526828146714e-05,"RPS26","1"
1.08904397820053e-09,0.859806156741217,0.273,0.177,1.96104149154569e-05,"APBB2","1"
1.27514112366851e-09,0.806784519821652,0.293,0.194,2.29614662138989e-05,"JOSD2","1"
1.69313508768688e-09,0.744328939321281,0.267,0.169,3.04882835239776e-05,"SPART","1"
1.8123856271948e-09,0.787888407200921,0.291,0.194,3.26356279888967e-05,"NACC2","1"
2.98799955901486e-09,0.595518475523147,0.447,0.348,5.38049080591806e-05,"C12orf76","1"
3.12547857278864e-09,0.529856818049309,0.564,0.485,5.6280492660205e-05,"MAP7D1","1"
4.29801678963305e-09,0.52400532385941,0.579,0.497,7.73943883309224e-05,"HNRNPC","1"
4.7903056438303e-09,0.502109757704129,0.541,0.439,8.62590337284522e-05,"SCRG1","1"
4.8422422296262e-09,0.795102256690445,0.271,0.177,8.71942558288789e-05,"ANXA5","1"
6.69345372065276e-09,0.302204323736345,0.964,0.939,0.000120529021147794,"MALAT1","1"
6.78080282775521e-09,0.614654977123795,0.361,0.257,0.000122101916519388,"SLC9A3R1","1"
7.19496989268724e-09,0.319013014012732,0.801,0.771,0.000129559822857619,"RPL10A","1"
8.02261828032625e-09,0.711570107037228,0.359,0.266,0.000144463287373835,"HSPA1A","1"
9.64367136115954e-09,0.383266054155394,0.724,0.685,0.0001736535902004,"HMGB1","1"
1.06714301093435e-08,0.765379513463549,0.274,0.182,0.000192160441978948,"TMCC2","1"
1.5864919184444e-08,0.269040948084069,0.847,0.838,0.000285679599754283,"RPL7","1"
1.65749425747239e-08,0.725004772684709,0.325,0.232,0.000298464990943053,"EPB41L2","1"
1.73528820119988e-08,0.542245635860683,0.468,0.365,0.000312473346390062,"ETFB","1"
1.77293175950753e-08,0.832093803288664,0.296,0.207,0.000319251821934521,"CLK1","1"
1.78114513094344e-08,0.668409741820497,0.385,0.29,0.000320730803728985,"XIST","1"
2.02451838625813e-08,0.606131645401262,0.365,0.265,0.000364555025813502,"PLPP3","1"
2.0399909404236e-08,0.645862324760292,0.397,0.301,0.000367341168642077,"S100A1","1"
2.10236549128093e-08,0.574648978421658,0.38,0.278,0.000378572954014958,"ARPC5","1"
3.33913859388087e-08,0.761168798935945,0.26,0.172,0.000601278686600128,"S100A16","1"
3.36729274213688e-08,0.387822898635731,0.67,0.612,0.000606348404076587,"RPL36AL","1"
3.44030017081717e-08,0.641921943108571,0.342,0.247,0.000619494851759047,"IRF2BP2","1"
3.58998288520636e-08,0.735703692706984,0.31,0.22,0.000646448218139108,"C6orf48","1"
3.88132532896125e-08,0.611332395500076,0.355,0.259,0.000698910251986053,"NUMA1","1"
4.52754533068609e-08,0.370542341939465,0.709,0.676,0.000815275087696645,"CIRBP","1"
4.66981496050403e-08,0.674084766941002,0.32,0.227,0.00084089357993796,"NIPAL3","1"
5.48998337048885e-08,0.788081387462449,0.253,0.169,0.000988581305523927,"POU3F3","1"
9.93656916675818e-08,0.563527966760093,0.475,0.393,0.00178927800985815,"PPIB","1"
1.04546413084252e-07,0.623843095998495,0.325,0.232,0.00188256726040812,"RPS27L","1"
1.05855782330057e-07,0.620070836359135,0.326,0.235,0.00190614507241733,"SLC44A2","1"
1.22316062194468e-07,0.695507452731954,0.3,0.214,0.00220254533193579,"HADHB","1"
1.91852080250656e-07,0.655954743247569,0.296,0.208,0.00345468040907356,"EML2","1"
2.0739218717658e-07,0.631222626364092,0.276,0.189,0.00373451111448868,"VKORC1","1"
2.17809764451071e-07,0.473681349377612,0.599,0.528,0.00392210042847044,"DDX17","1"
2.27370756744396e-07,0.54463729181091,0.4,0.31,0.00409426521669634,"ZFAS1","1"
2.81762048648537e-07,0.546258236506774,0.442,0.356,0.0050736892100142,"SBDS","1"
3.23424146432195e-07,0.569559999320437,0.404,0.314,0.00582389860480454,"GRHPR","1"
3.33501893186269e-07,0.411371447582265,0.609,0.536,0.00600536859060515,"SQSTM1","1"
3.44970496725968e-07,0.399177823867075,0.592,0.505,0.0062118837345445,"B3GAT1","1"
4.00948001506322e-07,0.535081894041755,0.443,0.362,0.00721987066312434,"GRM3","1"
4.39615153831634e-07,0.304390853604866,0.734,0.692,0.00791615007504623,"HNRNPA1","1"
4.59709569963457e-07,0.287189879547271,0.798,0.782,0.00827799022633197,"JUND","1"
7.35532165053698e-07,0.583770801089268,0.291,0.207,0.0132447276961219,"POLR2G","1"
7.58438937777632e-07,0.610953133501173,0.398,0.319,0.0136572099525618,"MPC1","1"
7.61072849482003e-07,0.646517946239827,0.283,0.202,0.0137046388006224,"CDK5RAP3","1"
8.0517919599779e-07,0.538170075829325,0.289,0.203,0.0144988617823322,"RHOC","1"
8.22910282909274e-07,0.604026951203708,0.38,0.296,0.0148181454643473,"PTPRD","1"
1.30178730059529e-06,0.79741168689896,0.264,0.191,0.0234412839218193,"LRIG1","1"
1.30854333592379e-06,0.510071729272935,0.439,0.36,0.0235629398499797,"GNG7","1"
1.38676101092703e-06,0.484342899712218,0.46,0.379,0.024971405523763,"AHCYL1","1"
1.91184422495024e-06,0.679150467677591,0.254,0.179,0.034426578958679,"EFCAB14","1"
1.91971761404483e-06,0.680518956519218,0.302,0.226,0.0345683550761052,"AC009041.2","1"
1.9468471138943e-06,0.622643988502611,0.326,0.247,0.0350568759798946,"SLC6A8","1"
2.31925693338804e-06,0.540954030904867,0.313,0.235,0.0417628595995185,"HBB","1"
2.35651980111665e-06,0.681081056238587,0.261,0.186,0.0424338520587076,"SAR1B","1"
2.6906127150774e-06,0.569971363424872,0.266,0.187,0.0484498631603988,"TMED7","1"
2.74219814177646e-06,0.734313264996102,0.254,0.183,0.0493787619389688,"VSTM2B","1"
2.78268492573954e-06,0.355767146511843,0.599,0.526,0.0501078074577918,"ABHD17A","1"
3.41643237598263e-06,0.475546501597175,0.306,0.222,0.0615196977943191,"HADHA","1"
3.70676621163294e-06,0.311562390319212,0.745,0.726,0.0667477391728743,"NUCKS1","1"
3.93530885030152e-06,0.619493894703117,0.294,0.219,0.0708631064673794,"PHC2","1"
5.5520519090848e-06,0.421286297622785,0.574,0.511,0.0999757987268899,"TECR","1"
5.93582524646306e-06,0.4352584381799,0.469,0.395,0.10688640521306,"KCNMB4","1"
8.27223819223271e-06,0.630406853065065,0.294,0.224,0.148958193127534,"FAM177A1","1"
9.1652284720339e-06,0.537970477732592,0.403,0.329,0.165038269095914,"EMC10","1"
9.25702130692846e-06,0.388419806808816,0.502,0.425,0.166691182673861,"TIMP2","1"
1.12558981435719e-05,0.564894374805884,0.329,0.255,0.202684957871299,"CNN3","1"
1.15072343345085e-05,0.402860012187915,0.54,0.478,0.207210768661494,"IGSF8","1"
1.15161481506382e-05,0.52685200839895,0.33,0.257,0.207371279748542,"PON2","1"
1.20532178344361e-05,0.581596688544499,0.26,0.188,0.217042293544692,"GNG5","1"
1.21114114483489e-05,0.544502686567309,0.349,0.277,0.218090185950418,"SGTA","1"
1.22495272927629e-05,0.546285098334452,0.345,0.272,0.220577237960782,"SIK3","1"
1.26318156486791e-05,0.607982441089203,0.258,0.189,0.227461104385764,"MXI1","1"
1.69461180266357e-05,0.50637838719706,0.284,0.21,0.305148747305628,"MTDH","1"
1.71220555740651e-05,0.623904436377376,0.289,0.221,0.30831685472219,"FN1","1"
1.83942562110324e-05,0.329908635791268,0.569,0.496,0.33122537159206,"HSPE1","1"
1.86630732844872e-05,0.522413921201255,0.312,0.239,0.336065960633761,"RAB21","1"
2.11945907141627e-05,0.358204131957676,0.582,0.528,0.381650994989928,"KIF1B","1"
3.75257382102166e-05,0.438287442842418,0.281,0.209,0.675725967951371,"H2AFJ","1"
4.21576938704246e-05,0.53954193614274,0.429,0.371,0.759133593524737,"BCAN","1"
4.74812357941643e-05,0.380401504317152,0.492,0.421,0.854994612945517,"PRDX6","1"
4.78526214463209e-05,0.639930692676526,0.261,0.198,0.8616821543839,"HSD17B4","1"
5.02635916937451e-05,0.391109399220144,0.569,0.524,0.905096495629268,"TCEAL4","1"
5.17717835956456e-05,0.487637395726331,0.316,0.244,0.93225450720679,"PIGT","1"
7.38331548403172e-05,0.274372541154205,0.675,0.622,1,"EEF1B2","1"
7.58504423177622e-05,0.541791537709873,0.28,0.214,1,"BHLHE41","1"
8.86650973698896e-05,0.369920251107339,0.449,0.375,1,"UBL3","1"
9.08046644840517e-05,0.460880067154522,0.381,0.315,1,"CNDP2","1"
9.87914484717364e-05,0.466542814076391,0.361,0.292,1,"PARP1","1"
0.000101293375195026,0.448590368414781,0.307,0.239,1,"SNRPG","1"
0.000103461744453524,0.522142838334257,0.341,0.278,1,"ANP32A","1"
0.000110154831791951,0.289912165705945,0.626,0.584,1,"CANX","1"
0.000114794109220521,0.415965851521325,0.483,0.419,1,"NDUFAF3","1"
0.000119873612373099,0.358515024112933,0.56,0.517,1,"HNRNPU","1"
0.000121204076777036,0.612844097049237,0.267,0.207,1,"SDC4","1"
0.000127689268411377,0.452287889100559,0.372,0.307,1,"POLR2F","1"
0.000146612782442595,0.502758582242036,0.307,0.244,1,"SCCPDH","1"
0.000146946434657072,0.453615726323506,0.281,0.216,1,"NBR1","1"
0.000166523332168266,0.514323333874958,0.278,0.216,1,"VPS4B","1"
0.000176602818608779,0.393388390313162,0.473,0.424,1,"SHISA4","1"
0.000184504905309137,0.546660794734718,0.251,0.193,1,"CYB5A","1"
0.000217457381348449,0.361307370497458,0.391,0.323,1,"ENOPH1","1"
0.000226896540691754,0.546669868316967,0.251,0.193,1,"COL1A1","1"
0.000232875778677158,0.369296276165302,0.444,0.388,1,"PSMB1","1"
0.00027403083833559,0.420732469428653,0.414,0.357,1,"SNRNP70","1"
0.000327441143509878,0.385625172712416,0.421,0.361,1,"NFIX","1"
0.000339299706828747,1.64183508596773,0.328,0.273,1,"NPY","1"
0.000347699811544344,0.410116220600146,0.452,0.396,1,"TAF10","1"
0.000368499253811085,0.339757715903478,0.496,0.434,1,"ST13","1"
0.00039937411959071,0.288941469520562,0.599,0.552,1,"PTGES3","1"
0.000410616701639121,0.416087134810178,0.342,0.28,1,"LMBRD1","1"
0.000466508091208005,0.47978154891403,0.333,0.278,1,"HMGN3","1"
0.000469701881079864,0.30513652123571,0.524,0.469,1,"FUS","1"
0.000487768918727178,0.351571039625229,0.439,0.377,1,"CYB5R3","1"
0.000488085455559336,0.379302525598565,0.381,0.318,1,"SSNA1","1"
0.000504118646961061,0.449260983887689,0.375,0.316,1,"HSPB8","1"
0.000515030999219502,0.36252035070707,0.42,0.357,1,"ZNHIT1","1"
0.000550907981518733,0.275135669995532,0.569,0.522,1,"SSR4","1"
0.000592162402559226,0.329867653745909,0.459,0.401,1,"CNBP","1"
0.000610839944280751,0.37117881002882,0.411,0.353,1,"SF3B6","1"
0.000622745241717073,0.30368345325621,0.584,0.542,1,"POLR2I","1"
0.000654451867553103,0.359146515583117,0.512,0.461,1,"CLASP2","1"
0.000665988816109451,0.465553468494212,0.391,0.344,1,"ATP8A1","1"
0.000687847007940277,0.456275072773996,0.368,0.313,1,"RTF2","1"
0.000692937043225563,0.414153647990883,0.374,0.316,1,"MACF1","1"
0.000734674943411613,0.445206180767135,0.316,0.264,1,"ALDH6A1","1"
0.000743121727813866,0.433202280022542,0.286,0.229,1,"DLG1","1"
0.000795291552832159,0.359424170119932,0.384,0.321,1,"MAT2A","1"
0.000847743748054045,0.502372253128605,0.264,0.212,1,"IST1","1"
0.000874417986296154,0.392791609004393,0.319,0.259,1,"TMEM256","1"
0.000894341395804987,0.325723467990511,0.466,0.414,1,"PFKL","1"
0.000940902291188565,0.391219189185639,0.319,0.262,1,"GIPC1","1"
0.00100820814036024,0.427325713685872,0.276,0.219,1,"EIF5B","1"
0.00122011715821212,0.352673833697719,0.541,0.511,1,"LGI3","1"
0.00124714803464713,0.300286998522499,0.569,0.546,1,"BLOC1S1","1"
0.00131765886792945,0.401815363178291,0.381,0.329,1,"SNHG8","1"
0.00148562436627839,0.367747904628547,0.313,0.259,1,"TMEFF2","1"
0.00150763991081561,0.455174220424495,0.306,0.256,1,"NIPA1","1"
0.00154157842958744,0.455906647649636,0.276,0.226,1,"PHLDA3","1"
0.0015918535859757,0.392534853476916,0.388,0.339,1,"TMEM230","1"
0.00164629434558737,0.352572263878346,0.286,0.23,1,"HNRNPH3","1"
0.00165612121233893,0.305824304731725,0.492,0.442,1,"ELAVL3","1"
0.00169243204312563,0.402502585055633,0.312,0.261,1,"TPM4","1"
0.00186229593572801,0.37957319448526,0.369,0.322,1,"SPAG9","1"
0.00191515915501624,0.364937529044161,0.405,0.356,1,"CTTN","1"
0.00211256044033875,0.451655043047613,0.284,0.232,1,"JUNB","1"
0.00218591147077565,0.488384101249091,0.284,0.237,1,"POMGNT1","1"
0.00226202592547912,0.32922506498591,0.361,0.308,1,"FADS2","1"
0.00231287743749265,0.260499340432522,0.556,0.505,1,"C4orf3","1"
0.00279918771976611,0.393270330905617,0.368,0.316,1,"XBP1","1"
0.0033158808588456,0.377300308061484,0.429,0.389,1,"ADAP1","1"
0.00339605243334805,0.3454011667173,0.436,0.393,1,"PFDN2","1"
0.00359265756928795,0.347662823198899,0.449,0.41,1,"TMEM219","1"
0.00369448428910916,0.401531563621777,0.257,0.209,1,"KXD1","1"
0.00395698354440794,0.372365669381411,0.289,0.242,1,"MRPL43","1"
0.00421590934093904,0.371215729360374,0.333,0.286,1,"IFI27L2","1"
0.00433439324356647,0.307557147687909,0.494,0.454,1,"ROMO1","1"
0.00482892718791599,0.391979617296029,0.28,0.234,1,"SCAMP3","1"
0.00486242202244658,0.278616965269462,0.511,0.466,1,"CALR","1"
0.00499522006967243,0.297321889810654,0.45,0.407,1,"RAB5B","1"
0.0053399532228963,0.379595721846893,0.312,0.268,1,"TBC1D9B","1"
0.00539430983427639,0.324491441824054,0.42,0.378,1,"HLA-C","1"
0.00554060660947452,0.273927690532171,0.47,0.437,1,"HSPB1","1"
0.00567736163993552,0.36402760855455,0.391,0.346,1,"NME3","1"
0.00575659614108984,0.313108977207392,0.284,0.236,1,"SMARCA5","1"
0.00609835934065305,0.273894811741287,0.468,0.422,1,"COMMD6","1"
0.00635404633739112,0.41113107809276,0.336,0.297,1,"TMEM259","1"
0.00653149004637483,0.356187786359171,0.306,0.259,1,"RNF181","1"
0.00680966372963277,0.436712090147382,0.268,0.226,1,"SH3BP5","1"
0.0068139578460601,0.36943138738093,0.289,0.244,1,"ARHGAP1","1"
0.00700336319066459,0.263123539690674,0.541,0.509,1,"PGRMC1","1"
0.00742775384909054,0.363112735851362,0.38,0.343,1,"NOP53","1"
0.00898471979696691,0.402422666207791,0.261,0.22,1,"ADORA1","1"
0.00903016561517165,0.283828994779754,0.281,0.235,1,"NECTIN1","1"
0.0091619195966688,0.376575231651064,0.374,0.339,1,"GNPTG","1"
0.0095934057276447,0.288700933486289,0.479,0.443,1,"WDR83OS","1"
0.0107832720507122,0.281393418371287,0.47,0.432,1,"SEC11C","1"
0.0109194350261177,0.415249396618876,0.277,0.238,1,"PYCR2","1"
0.012203049369136,0.301419416948762,0.335,0.291,1,"LTBP3","1"
0.012752382532395,0.33094117726153,0.291,0.25,1,"PHACTR3","1"
0.0130576110900031,0.294996213280057,0.271,0.229,1,"DPM3","1"
0.0131511625828023,0.302435284949902,0.319,0.278,1,"MEGF9","1"
0.0135631807313472,0.320330572470815,0.255,0.215,1,"FAM229B","1"
0.0169416566517495,0.252619214019134,0.352,0.309,1,"EIF3G","1"
0.0182395271758407,0.261674300117141,0.306,0.27,1,"HBA2","1"
0.0190167432102543,0.269546512137279,0.499,0.475,1,"ARL2","1"
0.0204964427194161,0.287326751141785,0.287,0.249,1,"PSME1","1"
0.0206698942922765,0.315883397058043,0.341,0.303,1,"LUC7L3","1"
0.0223042841900172,0.302934533591864,0.291,0.254,1,"CMC2","1"
0.0236950630118088,0.281823296189276,0.392,0.361,1,"PUF60","1"
0.0241636974180721,0.356272037064794,0.303,0.269,1,"DACT3","1"
0.0249242655474671,0.319781220759964,0.267,0.229,1,"ZSCAN16-AS1","1"
0.0261765301947398,0.313128181859027,0.307,0.271,1,"OGFRL1","1"
0.0272907859067283,0.336330161306071,0.307,0.275,1,"RETREG1","1"
0.0275238514374412,0.274525636611545,0.333,0.298,1,"SELENOF","1"
0.0280883675355474,0.285206699267416,0.351,0.316,1,"PRMT2","1"
0.0329078770019537,0.354930061728947,0.267,0.234,1,"CD164","1"
0.0343236716207212,0.250404652781553,0.547,0.528,1,"SPOCK1","1"
0.0517319561214353,0.285103641033408,0.322,0.29,1,"ZCRB1","1"
0.0553696258224284,0.258084489550017,0.328,0.298,1,"SBF1","1"
0.0592922387981232,0.427923062513178,0.302,0.277,1,"PTPRZ1","1"
0.0620471020783736,0.251978388049932,0.325,0.293,1,"ALKBH7","1"
0.0711805933446054,0.272583706404392,0.319,0.293,1,"HLA-E","1"
0.0717782629108739,0.26587646426421,0.293,0.264,1,"EZR","1"
0.0769170678974866,0.260759607834168,0.289,0.261,1,"RALY","1"
0.085370192264077,0.279263555618208,0.319,0.292,1,"HCN2","1"
0.108986251092072,0.293414403713841,0.284,0.259,1,"HBS1L","1"
0.110463744884606,0.275630888413126,0.254,0.231,1,"TRPC4AP","1"
0.112875547667723,0.26804925458874,0.26,0.235,1,"TRIM8","1"
0.160919356181809,0.265282200120664,0.307,0.288,1,"MLC1","1"
0.389230369641182,0.280337460551662,0.27,0.264,1,"PPM1B","1"
0.768658133823745,0.637920845763563,0.33,0.359,1,"IGKC","1"
1.64580023110556e-70,2.86866313678613,0.284,0.056,2.96359247615178e-66,"CPB1","2"
2.99388519930628e-37,0.899994068883027,0.741,0.553,5.39108907839082e-33,"DIRAS2","2"
1.29045962272423e-36,1.5364879492582,0.37,0.157,2.32373064263953e-32,"KRT17","2"
2.29449013024661e-36,0.506908114505283,0.99,0.936,4.13168837753507e-32,"SLC17A7","2"
5.21729353076428e-36,0.441359522283796,1,0.958,9.39478046084725e-32,"SYT1","2"
8.38926864575142e-32,0.576555981782463,0.992,0.994,1.51065560504046e-27,"COX6C","2"
3.7749001819915e-31,1.00313157093867,0.672,0.453,6.79746275771209e-27,"KRT19","2"
2.2266346793192e-24,1.28766953826792,0.334,0.163,4.00950106705008e-20,"B3GALT2","2"
2.47407744587069e-23,0.58592886329255,0.834,0.689,4.45507125677935e-19,"CPLX2","2"
1.81430670740128e-22,0.270992655216752,1,0.996,3.26702208801749e-18,"SNAP25","2"
1.01441978311279e-21,0.437633756608425,0.928,0.854,1.8266657034512e-17,"DKK3","2"
2.06712152748697e-20,0.820773691572832,0.551,0.366,3.72226573454578e-16,"IFI27","2"
1.15314163492806e-18,0.302123697257889,0.995,0.966,2.07646214201496e-14,"CHN1","2"
2.58093927674014e-18,0.95963340388966,0.405,0.243,4.64749735562597e-14,"SLC35F1","2"
1.11035693192394e-17,0.271101995462388,1,0.984,1.99941972731544e-13,"GPM6A","2"
3.75720949746727e-16,0.863943959723752,0.432,0.28,6.76560714208931e-12,"TBR1","2"
4.77918206164117e-16,0.557121777783939,0.708,0.573,8.60587313839725e-12,"SCN3B","2"
5.14976376815128e-16,0.272134395772999,0.997,0.983,9.27317961731e-12,"RTN1","2"
4.70103947433391e-15,0.713586983588247,0.575,0.433,8.46516178143308e-11,"HLA-B","2"
3.78693395769372e-14,0.415176214021181,0.842,0.745,6.81913197761908e-10,"PRKCB","2"
4.47620342171426e-14,0.262666120102439,0.995,0.972,8.06029950148087e-10,"THY1","2"
2.60752509856242e-13,0.273071378913252,0.976,0.918,4.69537044498136e-09,"DNM1","2"
3.31783271027688e-13,0.599683203837478,0.63,0.505,5.97442136139557e-09,"MAP2K1","2"
3.70521503079803e-13,0.467136370912979,0.731,0.612,6.67198070595802e-09,"NELL2","2"
4.17545975115469e-13,0.412931087716531,0.8,0.688,7.51875037390426e-09,"TUBA4A","2"
1.93975186626193e-12,0.28963098428955,0.95,0.909,3.49291118557786e-08,"TMEM59L","2"
2.18061185732006e-12,0.283046728040779,1,0.97,3.92662777147623e-08,"CCK","2"
2.28548271140284e-12,0.256761745913937,0.988,0.951,4.1154687184231e-08,"YWHAG","2"
3.55302070375275e-12,0.325602600884866,0.906,0.849,6.39792438124758e-08,"MAP2","2"
4.97836974080554e-12,0.265169742028981,0.988,0.96,8.96455039226853e-08,"CPE","2"
6.53999892780706e-12,0.43294490790132,0.758,0.662,1.17765760693022e-07,"ATP2B1","2"
7.3754621523733e-12,0.718503912890825,0.42,0.289,1.32809946977786e-07,"MMD","2"
9.9723398118428e-12,0.37877355901867,0.78,0.667,1.79571922991853e-07,"MOAP1","2"
2.53621797640228e-11,0.264973571177858,0.97,0.925,4.56696771010758e-07,"TSPAN7","2"
5.52898923185383e-11,0.524877127169882,0.63,0.535,9.95605090979918e-07,"SV2B","2"
5.5525157751532e-11,0.31626454704408,0.879,0.8,9.99841515631837e-07,"PPP3CA","2"
1.51756914978042e-10,0.301294386910758,0.874,0.775,2.7326867680096e-06,"NAPB","2"
2.09898433299193e-10,0.4467957333859,0.655,0.534,3.77964108841857e-06,"SYT4","2"
3.72371110109277e-10,0.262103739341947,0.926,0.887,6.70528657973775e-06,"FBXL16","2"
5.49390562979597e-10,0.55509174021689,0.561,0.449,9.89287586757361e-06,"UBE2QL1","2"
2.90941697932739e-09,0.373664207365521,0.756,0.667,5.23898715467483e-05,"SYN2","2"
4.79372749991504e-09,0.317649715225306,0.84,0.777,8.63206510909701e-05,"LY6H","2"
9.27716930069827e-09,0.314806171594975,0.824,0.778,0.000167053987597674,"PI4KA","2"
1.33525341898509e-08,0.5140138355992,0.481,0.37,0.000240439083156645,"SLC25A22","2"
2.35048832802012e-08,0.275494542445824,0.911,0.863,0.000423252433226582,"KLC1","2"
2.38447453394487e-08,0.509713482539658,0.511,0.412,0.000429372329327453,"NDFIP2","2"
3.78669543037952e-08,0.780428151263013,0.304,0.207,0.000681870246148441,"H2AFJ","2"
6.24322609821688e-08,0.528632965928636,0.395,0.285,0.00112421772350591,"EFHD2","2"
6.81305140333754e-08,0.494395975862418,0.459,0.35,0.00122682616619899,"EFR3A","2"
7.00637873018856e-08,0.392557125239231,0.615,0.523,0.00126163861794505,"CHGB","2"
1.16899405897295e-07,0.326340048314982,0.713,0.621,0.00210500760199259,"DGKZ","2"
2.17162381714768e-07,0.424949751895765,0.613,0.543,0.00391044300753782,"SLC24A2","2"
2.7759440355836e-07,0.26608962022297,0.778,0.705,0.00499864242487538,"CAMK2B","2"
3.26175518326782e-07,0.377203505297741,0.597,0.496,0.00587344255851036,"CAP2","2"
3.90280488970326e-07,0.257071804253203,0.834,0.76,0.00702778076488866,"SYN1","2"
5.04278616654204e-07,0.323512708626157,0.716,0.643,0.00908054505009225,"PPP3CB","2"
5.10112414228997e-07,0.28796324411867,0.519,0.393,0.00918559424302155,"MUC1","2"
6.39446913751175e-07,0.262174888939983,0.787,0.726,0.0115145205759174,"SNCA","2"
6.39673254344543e-07,0.393510908833115,0.563,0.475,0.0115185962909822,"BSN","2"
6.39675423315008e-07,0.480056351446177,0.573,0.5,0.0115186353476334,"HLA-A","2"
7.6617090839911e-07,0.560014057340974,0.348,0.255,0.0137964395475428,"CLSTN2","2"
9.47659294794763e-07,0.484851619734123,0.462,0.371,0.0170645009213693,"HLA-C","2"
1.19209577444964e-06,0.445045208729471,0.545,0.462,0.0214660686105146,"ADCY1","2"
1.59662673089428e-06,0.409575836775979,0.523,0.437,0.0287504575432133,"DDAH1","2"
2.0778888293585e-06,0.305474579593633,0.689,0.612,0.0374165441502584,"C16orf45","2"
2.52836329098023e-06,0.500020185105951,0.405,0.318,0.045528237780681,"TFF3","2"
3.02150276643206e-06,0.589803763790655,0.323,0.238,0.0544082003151421,"NPTX1","2"
3.95098180216006e-06,0.255451953455209,0.714,0.638,0.0711453293114963,"DCLK1","2"
4.17791526934832e-06,0.348548648612789,0.583,0.492,0.0752317202551552,"SH3GL2","2"
4.24133552714242e-06,0.521104764201457,0.334,0.249,0.0763737288372535,"KCNN1","2"
5.19830056453657e-06,0.274846480268441,0.797,0.743,0.09360579826561,"SCG5","2"
5.33215163413199e-06,0.306572643970034,0.682,0.618,0.0960160544758148,"EVL","2"
5.58411785619273e-06,0.327914808625124,0.61,0.516,0.100553210236462,"RBFOX1","2"
5.9827906753866e-06,0.285493082378342,0.677,0.589,0.107732111691686,"KIF3C","2"
6.03549494573731e-06,0.589803763790655,0.329,0.245,0.108681157487892,"ISG15","2"
6.15964913649505e-06,0.470317271464345,0.375,0.284,0.110916802000866,"SLC8A1","2"
6.71556901865655e-06,0.562002819834021,0.296,0.214,0.120927251318949,"RASGRP1","2"
9.40727652312196e-06,0.492489330156419,0.413,0.332,0.169396828351857,"PCDH10","2"
1.04373607525693e-05,0.341853685495916,0.62,0.532,0.187945555071516,"STX1A","2"
1.04986218622514e-05,0.334872338384763,0.531,0.437,0.189048683873561,"PWAR6","2"
1.35286651831046e-05,0.340933962468004,0.492,0.4,0.243610673952164,"MICAL2","2"
1.57082475279067e-05,0.336403417403242,0.59,0.503,0.282858413235017,"MTPN","2"
1.62428179952709e-05,0.544914808193123,0.291,0.211,0.292484423640843,"EXTL1","2"
1.6382786267003e-05,0.273524467771678,0.739,0.685,0.295004832309923,"CLIP3","2"
1.65375345534756e-05,0.310811784053885,0.709,0.666,0.297791384704435,"AK5","2"
1.67860180487871e-05,0.46560932926961,0.368,0.283,0.302265827004509,"IPCEF1","2"
1.69109426242711e-05,0.528475068278193,0.326,0.248,0.30451534383525,"CPNE5","2"
1.70686561565753e-05,0.256754464285289,0.676,0.588,0.307355291411452,"MAPK8IP2","2"
1.73482635986359e-05,0.290243481931747,0.595,0.506,0.312390182620637,"SPRYD3","2"
2.16826783233206e-05,0.578052758098298,0.324,0.25,0.390439988568033,"GNG2","2"
2.45294977120614e-05,0.355885537173635,0.521,0.444,0.44170266530109,"DLGAP1","2"
2.88496792087069e-05,0.416221250778746,0.508,0.435,0.519496173511184,"COX7A1","2"
3.00575358590956e-05,0.34325748074543,0.608,0.535,0.541246048214734,"SYNGR3","2"
3.2427862733503e-05,0.252196028464398,0.696,0.627,0.58392852424219,"SEPT3","2"
3.43204897471415e-05,0.256896107710347,0.734,0.667,0.618009058876777,"WSB2","2"
4.13433673442608e-05,0.30095842912198,0.647,0.567,0.744470015768104,"DDN","2"
4.70983006707574e-05,0.30948545230128,0.635,0.583,0.848099100178328,"CNTN1","2"
5.41508750762523e-05,0.432728184615354,0.447,0.375,0.975094807498075,"BAIAP2","2"
5.81146314118666e-05,0.366674145176599,0.551,0.485,1,"ITFG1","2"
7.52846361631921e-05,0.491369804719313,0.336,0.264,1,"UHMK1","2"
7.66901211986939e-05,0.290756379386064,0.603,0.536,1,"LMO3","2"
8.28483190289341e-05,0.364988680187352,0.392,0.311,1,"BMPR2","2"
8.98591909072435e-05,0.258994254559674,0.697,0.634,1,"ANXA6","2"
9.05554659115343e-05,0.279367492354324,0.659,0.588,1,"SIRPA","2"
9.07459365770407e-05,0.347366262563975,0.462,0.385,1,"PEX5L","2"
9.46624909172431e-05,0.497088161787559,0.303,0.232,1,"GNPTAB","2"
9.75566315502071e-05,0.257576790848225,0.42,0.333,1,"KRT8","2"
0.000103220544773528,0.279882970326026,0.62,0.553,1,"KLHDC3","2"
0.000107221120938016,0.400382586722546,0.434,0.365,1,"TMEM178A","2"
0.000119037991835184,0.443076585011863,0.392,0.319,1,"IGSF21","2"
0.000135712786147058,0.97622713838123,0.303,0.24,1,"HBB","2"
0.000147248561989241,0.309151944481812,0.516,0.437,1,"CAMK2G","2"
0.000154427205858515,0.262212054342484,0.618,0.554,1,"BNIP3","2"
0.000165957695805409,0.361220634572282,0.444,0.374,1,"EHD3","2"
0.000173089066742248,0.46878836282929,0.328,0.258,1,"TMEFF2","2"
0.000255941122465151,0.454487799278484,0.254,0.189,1,"RAB26","2"
0.000279841426910584,0.410660232318964,0.292,0.223,1,"RAP1GAP2","2"
0.000291317323808058,0.369650729021799,0.422,0.352,1,"DOC2A","2"
0.000309090718008498,0.363567929387927,0.466,0.392,1,"PIP5K1C","2"
0.00039717176680126,0.28585492365908,0.519,0.446,1,"EPHB6","2"
0.000442223961563155,0.399887287160877,0.333,0.266,1,"SLC9A3R1","2"
0.00053519300159238,0.416349950868097,0.318,0.255,1,"PPP1R1A","2"
0.000664307207019722,0.314169321177228,0.45,0.386,1,"SYNJ1","2"
0.000689008942338255,0.259024751321027,0.587,0.526,1,"HK1","2"
0.000698147252313428,0.261709282553015,0.578,0.522,1,"SPOCK1","2"
0.000809830592156309,0.284079544810657,0.387,0.314,1,"XBP1","2"
0.000815140077938352,0.290536266314465,0.506,0.443,1,"SYT5","2"
0.000849381422108641,0.274592185063845,0.582,0.516,1,"PDZD4","2"
0.000871665315391423,0.404154410055326,0.365,0.301,1,"SLIT1","2"
0.0011053201668617,0.30671719897037,0.529,0.47,1,"KIFAP3","2"
0.00118573152218624,0.447264650143422,0.361,0.31,1,"NELL1","2"
0.00135508831177184,0.251893989411148,0.521,0.456,1,"PHACTR1","2"
0.00136051472627155,0.372025639086511,0.4,0.343,1,"IFI6","2"
0.00139855659247826,0.255460823254572,0.556,0.494,1,"SNAP91","2"
0.00157211424403192,0.288005740695573,0.492,0.434,1,"PGM2L1","2"
0.00162105302349864,0.310389614768004,0.477,0.416,1,"CELF2","2"
0.00163393778742186,0.346119404002714,0.392,0.33,1,"SSX2IP","2"
0.00169544142681285,0.26739081087793,0.501,0.435,1,"CCND2","2"
0.00170605204918776,0.252344516830307,0.582,0.527,1,"MYO5A","2"
0.00179218430568485,0.476568180475181,0.279,0.226,1,"RABGAP1L","2"
0.00197240137661439,0.330957154920295,0.412,0.356,1,"TIMM17A","2"
0.00228645337825784,0.297931459884794,0.323,0.268,1,"HBA2","2"
0.00233978542137405,0.349192063531253,0.375,0.318,1,"DOCK3","2"
0.00254092313003965,0.26354133398368,0.487,0.423,1,"PPP3R1","2"
0.00287407514146435,0.261351316163147,0.612,0.574,1,"ADGRB2","2"
0.00294342272726825,0.285150268755123,0.466,0.409,1,"ENTPD6","2"
0.00302144938638571,0.344175634560477,0.351,0.298,1,"HIVEP2","2"
0.00329321673818068,0.266154075571444,0.464,0.407,1,"GUCY1B1","2"
0.00334589528969798,0.288937284431123,0.292,0.233,1,"CHD3","2"
0.0034042680027519,0.262797028865532,0.452,0.39,1,"PRKCE","2"
0.00384869316697219,0.27968422188712,0.576,0.541,1,"NNAT","2"
0.00447380261064445,0.308126951582963,0.41,0.357,1,"KIDINS220","2"
0.00452479130260066,0.269187806366084,0.539,0.487,1,"PNMA8A","2"
0.00466212520191061,0.465442622347269,0.393,0.346,1,"SYNPR","2"
0.00485404687694275,0.290916974864211,0.382,0.329,1,"WDR47","2"
0.00521469387309919,0.283356775119468,0.45,0.398,1,"UNC13A","2"
0.00545933070452908,0.26616259325271,0.387,0.33,1,"PCLO","2"
0.00549621633119527,0.29404354632371,0.348,0.293,1,"KRT18","2"
0.00650323109698402,0.311674624253279,0.378,0.328,1,"PCSK2","2"
0.0068264276991145,0.251848431408224,0.415,0.358,1,"PPP1R9B","2"
0.00732085774219463,0.282031043191577,0.439,0.392,1,"TAPBP","2"
0.00767394553922651,0.270705626043924,0.412,0.358,1,"TSPAN13","2"
0.00800137303209666,0.287540961551924,0.432,0.386,1,"CACNG3","2"
0.00818808056359487,0.480609109881529,0.296,0.255,1,"APOC1","2"
0.00948567824439813,0.254169799768334,0.529,0.479,1,"MGLL","2"
0.00957859382653917,0.287571470244213,0.415,0.367,1,"FAM171B","2"
0.00963491367817253,0.286208994632397,0.504,0.472,1,"TMEM30A","2"
0.0111508989602366,0.290711097766472,0.445,0.404,1,"CDK5R2","2"
0.0112195826628591,0.314943922560072,0.319,0.273,1,"RFPL1S","2"
0.0120185634548265,0.264642300249291,0.518,0.486,1,"PEG3","2"
0.0122389504293665,0.261282991592864,0.459,0.406,1,"CHMP4B","2"
0.0137092954489631,0.31518138368165,0.289,0.242,1,"STXBP5","2"
0.0140446591562749,0.343009998964073,0.274,0.231,1,"GCC2","2"
0.0145524212251639,0.250163317888153,0.454,0.406,1,"FAM49A","2"
0.0158217327195562,0.268653611785928,0.43,0.386,1,"CADPS","2"
0.0236339953388208,0.267875668903293,0.417,0.372,1,"FAM49B","2"
0.0236807769872276,0.250086355459765,0.452,0.412,1,"DYNC1I1","2"
0.0238333823478808,0.280888996537544,0.365,0.325,1,"OXCT1","2"
0.0294994913912053,0.256744531088344,0.403,0.365,1,"ADIRF","2"
0.0306250199713071,0.29114544822614,0.301,0.264,1,"FUT9","2"
0.0316085968721533,0.259306390178123,0.382,0.34,1,"NEUROD2","2"
0.0344605892954441,0.275745354932394,0.324,0.286,1,"CACNB1","2"
0.038585925673046,0.282375238598408,0.348,0.313,1,"RB1CC1","2"
0.0391341332022409,0.309605566130953,0.257,0.221,1,"SEC23A","2"
0.0421559585477616,0.303959475048776,0.313,0.278,1,"ETS2","2"
0.042984568801337,0.275190570699931,0.331,0.293,1,"PRR36","2"
0.0453657824100585,0.269573956375319,0.341,0.306,1,"KIF3B","2"
0.0471884497651281,0.252544772935134,0.39,0.356,1,"GMFB","2"
0.0562415259679598,0.311104762793569,0.286,0.252,1,"METTL7A","2"
0.0645959059119163,0.251898094139528,0.408,0.382,1,"PRRT2","2"
0.0648950104104485,0.289869775145332,0.261,0.229,1,"TANC2","2"
0.0652136900321399,0.262742532289003,0.366,0.338,1,"RAB18","2"
0.0683092946573641,0.291044627439846,0.387,0.362,1,"CAMSAP2","2"
0.0864172992731528,0.307051123342356,0.277,0.252,1,"NCOA1","2"
0.0946011458239256,0.264953350355106,0.286,0.258,1,"ADGRB3","2"
0.160720327480178,0.263629769144852,0.25,0.227,1,"GPR158","2"
0.166838423768761,0.273382145209837,0.309,0.29,1,"CEP170B","2"
0.169441513927686,0.271447478154405,0.333,0.316,1,"GALNT8","2"
0.19044573937662,0.250418471826747,0.289,0.272,1,"MEIS3","2"
0.244994416508978,0.268539129499437,0.309,0.295,1,"ZMYND11","2"
3.88763090028806e-112,2.04901705755941,0.833,0.393,7.00045696214872e-108,"PCP4","3"
1.76754997569396e-110,0.82840274337788,1,0.998,3.18282724123212e-106,"TMSB10","3"
8.5930350366267e-84,0.583968755598268,1,1,1.54734781904537e-79,"TUBA1B","3"
1.81903984585756e-81,0.660558043859109,1,0.997,3.27554505043571e-77,"SNAP25","3"
1.12102900005e-63,0.697198742763767,0.998,0.96,2.01863692039003e-59,"SYT1","3"
1.04565293269505e-60,0.69158840320599,1,0.969,1.88290723590397e-56,"TUBB2A","3"
5.14341280378585e-46,0.519251233920289,0.995,0.993,9.26174343577718e-42,"STMN1","3"
1.18708853449106e-44,1.64628356675978,0.433,0.159,2.13759032405805e-40,"PCP4L1","3"
3.91264907773516e-38,0.452345957677674,1,0.983,7.0455071942777e-34,"UCHL1","3"
1.780006616873e-37,0.834832191341839,0.83,0.551,3.20525791500321e-33,"DIRAS2","3"
2.30965574029138e-37,1.45894106148596,0.447,0.186,4.15899709154269e-33,"SMYD2","3"
5.93118948826719e-36,0.59935785279414,0.961,0.888,1.06802929115227e-31,"STMN2","3"
4.10878130340383e-35,1.01442143768202,0.716,0.429,7.39868249303928e-31,"FAM3C","3"
9.03115480676933e-35,1.02217268715933,0.674,0.389,1.62624004605495e-30,"NREP","3"
1.11019211200685e-34,0.440991028937841,1,0.983,1.99912293609073e-30,"RTN1","3"
2.92416011701012e-34,0.591602512190981,0.959,0.873,5.26553512270012e-30,"NDRG4","3"
6.35222980953462e-34,0.473571739805927,0.989,0.902,1.1438460218029e-29,"NEFL","3"
1.62496970110817e-33,1.56389699232504,0.326,0.113,2.92608294078548e-29,"HS3ST2","3"
1.66338657755364e-32,1.44334688245086,0.39,0.16,2.99526021020084e-28,"RORB","3"
2.34475701937345e-32,1.45305383709873,0.39,0.158,4.22220396478577e-28,"FRMPD2","3"
7.04504500111236e-32,1.15630430520736,0.502,0.239,1.2686012533503e-27,"CLSTN2","3"
3.06398883624971e-31,0.733585020205569,0.86,0.685,5.51732469743486e-27,"TTC9B","3"
4.91160315798531e-31,1.22667509553664,0.477,0.226,8.84432380658415e-27,"GABRA5","3"
1.2929602978354e-30,0.48414030977961,0.982,0.94,2.3282336083122e-26,"SLC17A7","3"
1.45421360305435e-30,0.792893739320063,0.807,0.542,2.61860243501997e-26,"HPCA","3"
4.74701689136628e-30,0.701384014755478,0.865,0.657,8.54795331628327e-26,"SYN2","3"
9.06411485362115e-30,1.52277010691693,0.312,0.114,1.63217516169156e-25,"ETV1","3"
5.16333449826581e-29,0.514754758419623,0.972,0.921,9.29761643102725e-25,"BASP1","3"
9.50404611165516e-29,0.50427482959654,0.977,0.899,1.71139358332574e-24,"SNCB","3"
1.65326803236835e-28,1.15222971493134,0.475,0.232,2.9770397458857e-24,"CAMK2D","3"
4.748011769294e-28,0.865618026912696,0.716,0.479,8.5497447929677e-24,"PFKP","3"
1.84502925219094e-27,0.682478043966225,0.86,0.719,3.32234417442023e-23,"SNCA","3"
3.63615693573107e-27,0.441347944158084,0.982,0.938,6.54762779417094e-23,"SNRPN","3"
1.17529398422517e-26,1.06975196890418,0.509,0.275,2.11635187739427e-22,"EFHD2","3"
1.66201325537061e-26,0.619588249340264,0.899,0.776,2.99278726894585e-22,"NAPB","3"
2.5458070982609e-26,0.441054476157646,0.982,0.954,4.58423484183841e-22,"YWHAG","3"
2.55230096103046e-26,0.811931160553963,0.677,0.415,4.59592834052755e-22,"COX7A1","3"
1.03513741794075e-25,0.360666672464922,1,0.994,1.86397194848591e-21,"RTN3","3"
1.28469286323699e-25,0.456227474664011,0.972,0.927,2.31334643883086e-21,"TSPAN7","3"
1.40734323575028e-25,0.715420006016218,0.78,0.524,2.53420296461552e-21,"SLC24A2","3"
8.84179116709553e-25,0.800505275327809,0.654,0.392,1.59214133545889e-20,"TRIM37","3"
1.29996820924388e-24,0.354683971566963,1,0.991,2.34085275438546e-20,"HSP90AB1","3"
1.49111789074169e-23,0.355073942806786,0.998,0.982,2.68505598585856e-19,"VSNL1","3"
5.06068771611741e-23,0.41783490020077,0.97,0.912,9.11278037041261e-19,"MDH1","3"
1.32343559900745e-22,1.21250973324728,0.365,0.17,2.38311048313272e-18,"PDE1A","3"
2.18273404611557e-22,0.432254341060599,0.961,0.912,3.93044919684031e-18,"ENO2","3"
2.31075578284423e-22,0.340999694799587,1,0.985,4.16097793816761e-18,"MAP1B","3"
2.55742044531926e-22,0.90860001486605,0.534,0.308,4.60514699588639e-18,"CDK14","3"
2.8845513131073e-22,0.672336172283552,0.745,0.519,5.19421154951232e-18,"STX1A","3"
4.70621810042663e-22,0.777532109783448,0.693,0.469,8.47448693343824e-18,"NRN1","3"
9.58630682206282e-22,0.608687578659157,0.828,0.623,1.72620626944885e-17,"SNCG","3"
1.26092446121431e-21,0.700715067896845,0.729,0.487,2.2705466773086e-17,"PNMA8B","3"
1.57646293493262e-21,0.883989490937964,0.541,0.316,2.83873680693316e-17,"SATB1","3"
2.08527766107201e-21,0.671467718422108,0.766,0.533,3.75495948429237e-17,"NAP1L3","3"
2.9368146945466e-21,0.61739032757424,0.817,0.633,5.28832222047006e-17,"CPLX1","3"
3.97110931981278e-21,0.586779002517508,0.828,0.639,7.15077655218688e-17,"TOLLIP","3"
4.79330892332698e-21,1.00700996082055,0.461,0.249,8.6313113782349e-17,"PARM1","3"
5.27044547154405e-21,0.294248056239275,1,0.995,9.49049116060938e-17,"PPIA","3"
1.50470661156825e-20,0.718013461776701,0.667,0.435,2.70952519545095e-16,"NAP1L2","3"
1.67916964387384e-20,0.957876695007826,0.477,0.273,3.02368077772363e-16,"IPCEF1","3"
2.14874867555618e-20,0.716425179512333,0.644,0.415,3.86925174007401e-16,"MPPED1","3"
3.45632788904027e-20,0.329642478851435,0.998,0.984,6.22380962979481e-16,"HSPA8","3"
1.65746167882004e-19,0.800262396617026,0.562,0.35,2.98459124505125e-15,"KCNC2","3"
2.74259884371801e-19,0.554282280965185,0.805,0.627,4.93859773788302e-15,"NCALD","3"
2.78542798203677e-19,0.784218063641792,0.603,0.385,5.01572016725361e-15,"NAP1L5","3"
3.60746703153723e-19,0.693816016481538,0.663,0.44,6.49596588368909e-15,"EPS15","3"
4.97700281839476e-19,0.277484937384739,0.998,0.996,8.96208897508345e-15,"NDUFA4","3"
5.23152992510874e-19,0.322827725945389,0.993,0.968,9.42041593614331e-15,"CHN1","3"
6.37399368378044e-19,0.652569246869526,0.761,0.566,1.14776504263834e-14,"NUDT4","3"
6.53538077763515e-19,0.499841927914596,0.888,0.738,1.17682601662876e-14,"NSF","3"
1.22173164684898e-18,0.605578808761767,0.803,0.629,2.19997217648095e-14,"DCLK1","3"
1.57941007692237e-18,0.569766390797484,0.791,0.573,2.84404372551411e-14,"ATP6V1A","3"
1.59026908701836e-18,1.10017943049003,0.312,0.145,2.86359754499397e-14,"PCSK1","3"
1.69481673589398e-18,0.652524979629084,0.681,0.461,3.05185649632428e-14,"MGLL","3"
2.67122240702767e-18,0.295424788263528,0.998,0.992,4.81007018833472e-14,"HSP90AA1","3"
3.49254483251053e-18,0.635268416202921,0.718,0.515,6.28902547990172e-14,"TMOD2","3"
3.80559769942045e-18,0.608653248208859,0.768,0.578,6.8527397773464e-14,"ATP6V1B2","3"
5.78740563126184e-18,1.28096302905354,0.255,0.109,1.04213813202132e-13,"RAB27B","3"
8.39341309841741e-18,0.52488647296199,0.835,0.674,1.51140189663202e-13,"CHGA","3"
1.06375379101902e-17,0.582294096892863,0.773,0.605,1.91550145148795e-13,"C16orf45","3"
1.40934844318296e-17,0.405283115819735,0.92,0.863,2.53781374163956e-13,"PRKAR1B","3"
1.96129601469999e-17,0.627580282783303,0.663,0.44,3.53170573367027e-13,"UBE2QL1","3"
2.23384403386352e-17,0.615253267244164,0.709,0.505,4.02248295177803e-13,"MAPK10","3"
2.34216888864053e-17,0.5301027531514,0.828,0.639,4.21754351777501e-13,"PNMA2","3"
4.66575304241661e-17,0.77953597330282,0.468,0.271,8.40162150347959e-13,"PRUNE2","3"
5.9431736402459e-17,0.641714873697156,0.69,0.479,1.07018727739908e-12,"SNAP91","3"
6.55412829629553e-17,0.937434015536492,0.381,0.204,1.18020188231394e-12,"CADPS2","3"
7.8424420143368e-17,0.783684247225087,0.511,0.316,1.41218853352163e-12,"PCLO","3"
1.26585982600055e-16,1.20934035146611,0.264,0.119,2.27943378867919e-12,"CYP26B1","3"
1.28292764840243e-16,0.698304168454553,0.564,0.356,2.31016781647825e-12,"KCNF1","3"
1.59769231836444e-16,0.792868002415728,0.468,0.274,2.87696455767884e-12,"BCL11A","3"
1.88924156952086e-16,0.276985667830056,0.998,0.989,3.40195729423622e-12,"CALM3","3"
2.81209538938709e-16,0.360627568715415,0.972,0.93,5.06374016766933e-12,"EIF4A2","3"
3.87537069415992e-16,0.367516583475212,0.963,0.924,6.97838000897376e-12,"PGAM1","3"
5.14429473423961e-16,0.357202128498983,0.975,0.915,9.26333152794526e-12,"STXBP1","3"
5.3085191123463e-16,0.524888175633051,0.771,0.562,9.55905036560199e-12,"G3BP2","3"
5.88405085656824e-16,0.678666025156954,0.61,0.413,1.05954103774224e-11,"SSBP3","3"
6.14227106168677e-16,0.822964593207878,0.42,0.239,1.10603875007794e-11,"ELAVL2","3"
7.13451869819321e-16,0.280043505856849,1,0.979,1.28471278198365e-11,"OLFM1","3"
7.37561885016405e-16,0.345108392335973,0.982,0.909,1.32812768634904e-11,"EEF1A2","3"
1.005615708183e-15,0.391424075546767,0.936,0.876,1.81081220572512e-11,"SERPINI1","3"
1.43569935775072e-15,0.445064026142645,0.897,0.77,2.58526383350172e-11,"PREPL","3"
1.49009586252273e-15,0.404408223391783,0.938,0.862,2.68321561964468e-11,"SYP","3"
1.95833177740979e-15,0.32111517495303,0.963,0.936,3.52636803158181e-11,"ATP5F1B","3"
1.99758139638065e-15,0.70370584217419,0.491,0.295,3.59704482046264e-11,"NELL1","3"
2.00826365314231e-15,0.53551862053237,0.722,0.51,3.61628036021336e-11,"MYO5A","3"
2.06511605303423e-15,0.582720866616694,0.672,0.461,3.71865447669874e-11,"CRYM","3"
2.12474989587778e-15,0.790309428865035,0.45,0.263,3.82603713750712e-11,"PVALB","3"
3.37287522173774e-15,0.502371219151561,0.796,0.671,6.07353641178316e-11,"MOAP1","3"
7.12591014306276e-15,0.657984516778034,0.61,0.42,1.28316263946131e-10,"PGM2L1","3"
7.2128045898908e-15,0.807427153791388,0.502,0.324,1.29880972250164e-10,"SLC30A3","3"
7.64502256193856e-15,0.56626635495637,0.665,0.465,1.37663921272828e-10,"BSN","3"
8.5637070389879e-15,0.315252921990149,0.984,0.937,1.54206672651055e-10,"CLSTN1","3"
1.34437184120796e-14,0.375584786077309,0.913,0.865,2.42081037446318e-10,"KLC1","3"
1.55517789749599e-14,0.610278831587656,0.626,0.426,2.80040884002103e-10,"OAT","3"
1.59498979308638e-14,0.378983463987676,0.897,0.814,2.87209812041065e-10,"CCNI","3"
2.02819691576615e-14,0.286845132949899,0.993,0.988,3.65217418622011e-10,"CFL1","3"
2.13692396602923e-14,0.314588593143222,0.97,0.942,3.84795898562883e-10,"COX7C","3"
2.32676252113766e-14,0.629170431603457,0.651,0.474,4.18980127181259e-10,"FABP3","3"
2.57193976067339e-14,0.390030157594292,0.911,0.8,4.63129192704457e-10,"TUBB","3"
2.6835578942151e-14,0.395359608297451,0.92,0.844,4.83228270011313e-10,"STMN3","3"
2.72718827774285e-14,0.324800819099935,0.979,0.921,4.91084793173155e-10,"DNM1","3"
2.95654152969446e-14,0.515016985892051,0.757,0.578,5.32384433252081e-10,"NRCAM","3"
3.61664730070462e-14,0.552211137251073,0.681,0.484,6.5124967943788e-10,"PHYHIPL","3"
4.10398489443341e-14,0.792020106393151,0.436,0.267,7.39004559940625e-10,"TUSC3","3"
5.21777903194542e-14,0.538120868550665,0.631,0.44,9.39565470282412e-10,"SLC39A10","3"
5.80703484770618e-14,0.44971810217985,0.837,0.693,1.04567276502645e-09,"TUBB4B","3"
6.55318956804645e-14,0.585108318033248,0.557,0.366,1.18003284551812e-09,"CNRIP1","3"
7.29455463712628e-14,0.334670781323061,0.966,0.927,1.31353045350733e-09,"ATP5MD","3"
7.70256469632901e-14,0.736765413693575,0.472,0.3,1.38700082486797e-09,"GPRASP1","3"
8.13867954952551e-14,0.574757984956806,0.569,0.369,1.46553202648306e-09,"CADPS","3"
8.94738307096439e-14,0.426412812966538,0.869,0.779,1.61115526958856e-09,"PFN2","3"
9.77994147761877e-14,0.509124630066726,0.69,0.496,1.76107406187481e-09,"IQSEC1","3"
9.81230911717059e-14,0.647365404239551,0.532,0.347,1.76690250272891e-09,"GLRB","3"
1.08204121810173e-13,0.458084059464212,0.807,0.637,1.94843162143579e-09,"DNAJC6","3"
1.37503973233378e-13,0.537159045825906,0.656,0.46,2.47603404601344e-09,"OXR1","3"
1.53863560028598e-13,0.409943688213559,0.86,0.76,2.77062112543496e-09,"SYN1","3"
1.7329689275198e-13,0.724670295397821,0.413,0.244,3.1205571477849e-09,"AP3M2","3"
2.34939540037251e-13,0.667593061027533,0.509,0.334,4.23055629745077e-09,"ELAVL4","3"
2.51707987394798e-13,0.581883550841078,0.663,0.487,4.53250572901813e-09,"SCOC","3"
3.51287476173161e-13,0.491081147666738,0.759,0.591,6.32563358345011e-09,"ATP6AP2","3"
4.48933474837751e-13,0.574970763676723,0.631,0.447,8.08394508140338e-09,"SORL1","3"
4.62815204522218e-13,0.332625516490398,0.938,0.89,8.33391338783159e-09,"BEX1","3"
4.81222069656501e-13,0.629352240876695,0.548,0.366,8.66536580830461e-09,"SLC25A22","3"
4.81691356867922e-13,0.35345793222306,0.906,0.819,8.67381626312067e-09,"ATP5F1A","3"
4.9430938031731e-13,0.836306735823299,0.319,0.171,8.90102901137381e-09,"ERC2","3"
5.07814415000068e-13,0.541622636253338,0.544,0.35,9.14421417090623e-09,"KCNA2","3"
5.10191467460347e-13,0.540480327893871,0.64,0.45,9.18701775455847e-09,"VPS35","3"
5.10422090823514e-13,0.516081220959828,0.764,0.61,9.19117058945901e-09,"GOT1","3"
5.41491239134239e-13,0.372952494060777,0.917,0.818,9.75063274309025e-09,"UQCRH","3"
5.52775457159397e-13,0.722292810512931,0.438,0.273,9.95382765706925e-09,"SMARCD3","3"
6.23317392562476e-13,0.856469232414114,0.337,0.19,1.12240762878725e-08,"PDE4A","3"
6.89591180430658e-13,0.336936596926018,0.92,0.889,1.24174683860149e-08,"MTCH1","3"
7.27328046014434e-13,0.497557062381003,0.69,0.49,1.30969961245819e-08,"SULT4A1","3"
7.74615272636776e-13,0.545982845154702,0.654,0.474,1.39484972143704e-08,"PNMA8A","3"
1.12605392081883e-12,0.575989222336401,0.585,0.398,2.02768529521847e-08,"KIF21A","3"
1.17754734871322e-12,0.424022233637058,0.839,0.679,2.1204095108279e-08,"GABRA1","3"
1.75637695163332e-12,0.542148768284057,0.617,0.427,3.16270797680612e-08,"CAMK2G","3"
1.99451005189712e-12,0.59262845684415,0.587,0.415,3.59151425045114e-08,"SNX10","3"
2.08547745384575e-12,0.314363187869142,0.954,0.906,3.75531925114004e-08,"LDHB","3"
2.14556417323393e-12,0.392333456060819,0.867,0.752,3.86351740674234e-08,"GHITM","3"
2.1501702330356e-12,0.374112825432458,0.897,0.813,3.87181153862721e-08,"FXYD6","3"
2.18422881854968e-12,0.532812242209485,0.603,0.413,3.93314083356241e-08,"RAB3C","3"
2.32847841491255e-12,0.673369502737388,0.489,0.325,4.19289108173302e-08,"PCDH10","3"
2.54077007471433e-12,0.455219157812231,0.807,0.66,4.5751646735381e-08,"MLLT11","3"
2.62461537152945e-12,0.569861406935952,0.578,0.404,4.72614489951307e-08,"RAP1GAP","3"
2.75299401506768e-12,0.691002582632426,0.47,0.306,4.95731632293237e-08,"ASPH","3"
3.7681859770554e-12,0.550434732518477,0.553,0.371,6.78537248888366e-08,"PHF24","3"
3.9452721032261e-12,0.654882346470673,0.427,0.262,7.10425147627924e-08,"SCAMP1","3"
4.15826004953455e-12,0.343720986039951,0.888,0.827,7.48777887119686e-08,"PPP2R1A","3"
4.69980092158926e-12,0.38097858104891,0.883,0.803,8.46293151950577e-08,"RAB3A","3"
5.21290100759204e-12,0.459520391340027,0.7,0.508,9.38687084437098e-08,"SPOCK1","3"
5.82196032446843e-12,0.758659723378845,0.362,0.213,1.04836039562703e-07,"GPR158","3"
6.07681536652782e-12,0.592657055198247,0.562,0.392,1.09425214305067e-07,"RTN4R","3"
6.22244174686851e-12,0.455734535035836,0.718,0.514,1.12047508535861e-07,"SCN1B","3"
7.61894036011292e-12,0.549031642761115,0.571,0.394,1.37194259064553e-07,"MICAL2","3"
7.75960188228904e-12,0.455341560140466,0.782,0.62,1.39727151094379e-07,"AP2S1","3"
7.79609160010305e-12,0.31039996533977,0.954,0.906,1.40384221443056e-07,"SERINC1","3"
8.25981777079145e-12,0.432542476833736,0.766,0.598,1.48734538598642e-07,"SV2A","3"
8.63655990619286e-12,0.627034154762388,0.479,0.311,1.55518534230815e-07,"OXCT1","3"
8.65977257540459e-12,0.454272501150541,0.823,0.676,1.5593652476531e-07,"ATP6V1G2","3"
9.30809183252143e-12,0.91962257843916,0.294,0.162,1.67610809628213e-07,"CCDC85A","3"
1.02803788409144e-11,0.473137801002627,0.709,0.533,1.85118781788345e-07,"SYT4","3"
1.05225690704376e-11,1.00321279598765,0.289,0.16,1.89479901251371e-07,"DPY19L1","3"
1.09527244360859e-11,0.53546459865861,0.576,0.406,1.97225708920598e-07,"GABRG2","3"
1.3362208310608e-11,0.83389936515258,0.278,0.147,2.40613285049118e-07,"SEZ6","3"
1.3526268574663e-11,0.336192186150322,0.929,0.828,2.43567518223957e-07,"GPI","3"
1.59373762030412e-11,0.483335677580455,0.697,0.527,2.86984333288162e-07,"SYNGR3","3"
1.64116657308684e-11,0.564164946286271,0.553,0.379,2.95524864815747e-07,"PRKCE","3"
2.06143591840633e-11,0.392167616029476,0.791,0.626,3.71202765827427e-07,"ACOT7","3"
2.21672103957398e-11,0.476103309707817,0.727,0.542,3.99164957596086e-07,"BNIP3","3"
2.25655023195382e-11,0.870811457156966,0.284,0.156,4.06337000267924e-07,"PTPRT","3"
2.44324925438612e-11,0.441078460812401,0.665,0.484,4.39955893237308e-07,"ITPK1","3"
2.49325883976439e-11,0.468473685107076,0.734,0.568,4.48961119276374e-07,"SYNGR1","3"
2.53368670159093e-11,0.498255938634098,0.606,0.426,4.56240964355478e-07,"UBE2V2","3"
2.61124380400437e-11,0.368504486505818,0.883,0.765,4.70206671787067e-07,"TAGLN3","3"
2.72763530279308e-11,0.712991751182746,0.408,0.257,4.91165288973951e-07,"LIMK1","3"
2.94375182165299e-11,0.522598758501043,0.606,0.436,5.30081390525055e-07,"UGP2","3"
2.97795455048317e-11,0.496172239427294,0.622,0.435,5.36240275905505e-07,"EPHB6","3"
3.57229418666015e-11,0.37790023694201,0.881,0.771,6.43263014191894e-07,"ATP2A2","3"
3.68162498500241e-11,0.478116407622159,0.649,0.456,6.62950211049384e-07,"KIFAP3","3"
3.69271831987259e-11,0.461260560159191,0.608,0.422,6.64947787859457e-07,"SCG2","3"
5.46184107544278e-11,0.877508523477415,0.296,0.168,9.83513722454981e-07,"KCNAB1","3"
5.57823876548155e-11,0.424563681502893,0.819,0.727,1.00447345450026e-06,"ARL6IP1","3"
5.63090901850285e-11,0.483926569863297,0.695,0.531,1.01395778696181e-06,"SV2B","3"
5.73950105713103e-11,0.446967498409746,0.773,0.649,1.03351195535758e-06,"PJA2","3"
6.42904871064691e-11,0.59613016983945,0.486,0.328,1.15767880132619e-06,"NEUROD2","3"
6.59346195398084e-11,0.394198018254663,0.8,0.669,1.18728469405333e-06,"LGALS1","3"
6.83822490052876e-11,0.695226517505339,0.381,0.234,1.23135915783821e-06,"HTATSF1","3"
7.00575003259999e-11,0.611762437590018,0.489,0.331,1.26152540837028e-06,"DNM1L","3"
7.85923032894715e-11,0.674150073242526,0.417,0.267,1.41521160533351e-06,"MAT2B","3"
7.86370200972457e-11,0.738623138221427,0.337,0.199,1.4160168208911e-06,"HTR2A","3"
8.02947130911778e-11,0.458701840940259,0.583,0.405,1.44586689863284e-06,"CELF2","3"
9.42079607291192e-11,0.461635889564027,0.617,0.435,1.69640274884925e-06,"DLGAP1","3"
9.62310402719285e-11,0.805304639507357,0.333,0.197,1.73283234217662e-06,"FH","3"
1.01117395653448e-10,0.4757753542992,0.573,0.398,1.82082094353164e-06,"DYNC1I1","3"
1.23736830704233e-10,0.457067519863105,0.718,0.57,2.22812911049112e-06,"PAFAH1B1","3"
1.257100743865e-10,0.428382327810774,0.771,0.622,2.2636613094777e-06,"CYFIP2","3"
1.32165454183486e-10,0.615967143500716,0.491,0.34,2.37990333348202e-06,"NRSN1","3"
1.51869159211952e-10,0.471794055697765,0.688,0.516,2.73470794992962e-06,"INPP5F","3"
1.58859514643423e-10,0.697616469418437,0.362,0.221,2.86058328018412e-06,"GPRASP2","3"
1.62906947275236e-10,0.403783763621047,0.796,0.677,2.93346539958517e-06,"GABARAPL1","3"
1.66415209990139e-10,0.279634206104148,0.966,0.926,2.99663868629244e-06,"BEX3","3"
1.71060989181745e-10,0.557269217931361,0.573,0.421,3.08029523219567e-06,"PFKM","3"
1.76597433722024e-10,0.607270496190507,0.475,0.318,3.17998998903249e-06,"WDR47","3"
1.80812152372306e-10,0.366538635519152,0.837,0.689,3.25588442776812e-06,"TUBA4A","3"
1.91646526798677e-10,0.350102847165539,0.853,0.755,3.45097900806378e-06,"PGK1","3"
1.92375585778327e-10,0.5323001474307,0.505,0.347,3.46410717311033e-06,"SUCLA2","3"
2.15008360311377e-10,0.47867664799381,0.624,0.447,3.87165554412697e-06,"VDAC3","3"
2.15580378471446e-10,0.482802566080142,0.624,0.453,3.88195587513532e-06,"TSPYL4","3"
2.20487220789759e-10,0.834209144713779,0.303,0.177,3.97031338476119e-06,"PRDM8","3"
2.36042197123337e-10,0.362223280453338,0.858,0.708,4.25041184359994e-06,"PINK1","3"
2.41307904177679e-10,0.464996195811412,0.622,0.445,4.34523143052746e-06,"PHACTR1","3"
2.46202331491819e-10,0.852656829207992,0.287,0.164,4.43336538317318e-06,"NEUROD6","3"
2.51874616812738e-10,0.609828579804866,0.459,0.306,4.53550622494698e-06,"HERC1","3"
2.53130394581756e-10,0.511016470915458,0.656,0.503,4.55811901523368e-06,"PNMA1","3"
2.5402491751047e-10,0.370049292352113,0.768,0.627,4.57422668961103e-06,"ANXA6","3"
3.12146847616407e-10,0.458328962248773,0.658,0.495,5.62082828502865e-06,"PGRMC1","3"
3.19895968192354e-10,0.45710857063135,0.654,0.485,5.76036669923971e-06,"PLEKHB2","3"
3.8332885985513e-10,0.734723960061744,0.335,0.203,6.90260277941133e-06,"TTC7B","3"
4.10698243623598e-10,0.481333859635762,0.594,0.425,7.39544327293012e-06,"CDKN2D","3"
4.6992322349516e-10,0.53704329222205,0.516,0.353,8.46190748547735e-06,"YARS","3"
4.79100914722178e-10,0.440612127910272,0.69,0.517,8.62717017140225e-06,"CHGB","3"
4.98560411161945e-10,0.661167353091663,0.307,0.175,8.97757732379314e-06,"B3GALT2","3"
5.13490972759677e-10,0.481317324164769,0.596,0.425,9.2464319464835e-06,"CCND2","3"
5.41373848239558e-10,0.529086097572661,0.553,0.395,9.74851888524971e-06,"FAM49A","3"
5.73154492335115e-10,0.487218014331547,0.587,0.425,1.03207929434784e-05,"KIF3A","3"
5.83132909715462e-10,0.483900987601227,0.589,0.433,1.05004743052463e-05,"PWAR6","3"
6.51474652495163e-10,0.274080133458073,0.931,0.833,1.17311040674804e-05,"ATP1A3","3"
7.62814427985545e-10,0.686042021730692,0.372,0.234,1.37359994047357e-05,"KCNQ3","3"
7.79640080767388e-10,0.568630820210459,0.472,0.323,1.40389789343784e-05,"FTO","3"
8.07061667899664e-10,0.399241598575241,0.755,0.582,1.45327594538693e-05,"MAPK8IP2","3"
9.19699429903538e-10,0.844705189726828,0.266,0.151,1.6561027634273e-05,"CPNE4","3"
1.01840843499556e-09,0.418392875869506,0.794,0.675,1.8338480688965e-05,"BEX4","3"
1.11406145759921e-09,0.456348155791695,0.544,0.379,2.0060904666989e-05,"NEGR1","3"
1.25027865466498e-09,0.564798958619432,0.454,0.304,2.25137677345523e-05,"CAMLG","3"
1.43468281754233e-09,0.473871965832968,0.459,0.3,2.58343334954847e-05,"GALNT8","3"
1.66020891055434e-09,0.350730564305815,0.8,0.672,2.9895381852352e-05,"ANK2","3"
1.7210985391055e-09,0.489354093302015,0.456,0.305,3.09918213936727e-05,"PCDH7","3"
1.82416582312899e-09,0.498349446044198,0.548,0.396,3.28477539770837e-05,"HPRT1","3"
1.90736671098779e-09,0.358348081152005,0.812,0.707,3.43459523647571e-05,"B4GAT1","3"
2.16560826490902e-09,0.406042912469399,0.649,0.479,3.89961080262167e-05,"NRSN2","3"
2.60986971817788e-09,0.488646008473607,0.532,0.377,4.69959240152291e-05,"MYCBP2","3"
2.81533789394756e-09,0.645782189885491,0.401,0.267,5.06957894563137e-05,"PTEN","3"
2.89255552268666e-09,0.357224549328384,0.757,0.594,5.20862472970186e-05,"SCG3","3"
2.89894417785156e-09,0.435713590555936,0.677,0.523,5.22012878105731e-05,"UBE2M","3"
2.99358870384901e-09,0.537955635991657,0.5,0.352,5.39055517902092e-05,"ARPC1A","3"
3.21270284007837e-09,0.417025457881773,0.677,0.528,5.78511400412912e-05,"MAGED1","3"
3.25319156436441e-09,0.358855593124165,0.8,0.669,5.858022049951e-05,"ATP5PO","3"
3.66601714864362e-09,0.504055687029277,0.525,0.376,6.60139707956257e-05,"AP2A2","3"
3.67282275813347e-09,0.530769815333216,0.55,0.398,6.61365194057094e-05,"GUCY1B1","3"
3.7544489326734e-09,0.558738363321369,0.392,0.253,6.760636193065e-05,"DYNLT3","3"
3.85164089073881e-09,0.75439559073068,0.287,0.17,6.93564975195338e-05,"LRRN3","3"
3.99724001770467e-09,0.412921267846536,0.702,0.545,7.19783009988081e-05,"PPP2CA","3"
4.05501379375289e-09,0.413964512497004,0.654,0.503,7.30186333841083e-05,"SELENOH","3"
4.44829543958258e-09,0.362464189624237,0.761,0.622,8.01004559805635e-05,"CEND1","3"
4.47551827752873e-09,0.435007685875184,0.713,0.573,8.05906576234599e-05,"USP22","3"
4.51091262767429e-09,0.461338561067029,0.615,0.475,8.1228003686531e-05,"TCEAL2","3"
4.60024090095231e-09,0.64298474147101,0.328,0.201,8.28365379034482e-05,"UBLCP1","3"
5.1826255898388e-09,0.435738113822963,0.539,0.378,9.33235389962273e-05,"FGF12","3"
5.33970304226226e-09,0.650263606972928,0.358,0.23,9.61520326820166e-05,"CKMT1A","3"
5.74318284710132e-09,0.43773696600094,0.661,0.519,0.000103417493527754,"HK1","3"
5.88436858521729e-09,0.348658722316519,0.796,0.674,0.000105959825114008,"COX5A","3"
6.23123613167479e-09,0.543058419357989,0.459,0.316,0.000112205869023068,"SMIM13","3"
6.58176112480466e-09,0.429196695418871,0.587,0.435,0.000118517772574358,"ATP6V1C1","3"
7.30924792745874e-09,0.277229871722865,0.901,0.853,0.00013161762742975,"TSPYL1","3"
7.31479798241513e-09,0.492649172863596,0.528,0.378,0.000131717567269349,"SYNJ1","3"
7.42058066524104e-09,0.6560640164185,0.314,0.192,0.000133622396038995,"EID2","3"
7.86849494997051e-09,0.725073790028025,0.303,0.184,0.000141687988564119,"NCK2","3"
7.96976921197188e-09,0.485789751272804,0.55,0.409,0.000143511634199978,"LSM4","3"
8.15054753322284e-09,0.657170815776575,0.411,0.281,0.000146766909430744,"MAP7D2","3"
8.24171736456406e-09,0.683091191646422,0.335,0.212,0.000148408604583705,"LARGE1","3"
8.56268871040095e-09,0.492790495784892,0.461,0.315,0.00015418833560819,"PPM1A","3"
8.82493895419153e-09,0.488850105386133,0.505,0.358,0.000158910675748127,"RASGRF1","3"
8.82581725756218e-09,0.370032503915895,0.787,0.655,0.000158926491356922,"MORF4L2","3"
9.41408715794311e-09,0.432234347164164,0.571,0.414,0.000169519467453082,"PPP3R1","3"
9.63755597964542e-09,0.352948914914649,0.789,0.663,0.000173543470525475,"WSB2","3"
1.02175300065225e-08,0.41346283115966,0.651,0.499,0.000183987062827451,"MTPN","3"
1.03000468060164e-08,0.542669303670821,0.484,0.345,0.000185472942835937,"GMFB","3"
1.05867839238277e-08,0.486946220305383,0.447,0.302,0.000190636218116365,"USP33","3"
1.06921417944341e-08,0.271518099256805,0.869,0.794,0.000192533397292374,"CLTC","3"
1.10557857512804e-08,0.409327899341611,0.672,0.531,0.000199081534023306,"STX1B","3"
1.10903230895868e-08,0.428021608958816,0.622,0.467,0.00019970344787419,"PDXK","3"
1.12330978108544e-08,0.799911279419849,0.28,0.169,0.000202274392280055,"ATP8A2","3"
1.12884397896999e-08,0.579347267188587,0.394,0.26,0.000203270935293125,"VOPP1","3"
1.20355572151473e-08,0.696726696819962,0.3,0.183,0.000216724278773158,"PIGX","3"
1.28224367812316e-08,0.508281607406852,0.541,0.395,0.000230893619119638,"NUAK1","3"
1.33975069171914e-08,0.531175890496955,0.388,0.253,0.000241248907057866,"SLC35F1","3"
1.37595623811298e-08,0.368700803296396,0.8,0.684,0.000247768439797005,"ARHGDIG","3"
1.39582484531393e-08,0.391268329822865,0.69,0.546,0.000251346179895678,"KLHDC3","3"
1.48992553287449e-08,0.413807802405445,0.594,0.443,0.000268290890704709,"SMDT1","3"
1.56240244988122e-08,0.554515985357571,0.424,0.292,0.000281341809150111,"ASNS","3"
1.65305310810446e-08,0.448560456253363,0.622,0.476,0.00029766527317637,"HCFC1R1","3"
1.66851292171957e-08,0.388307387891592,0.667,0.513,0.000300449121814042,"FBXW7","3"
1.68739301400047e-08,0.731385159587782,0.317,0.199,0.000303848860031065,"GLRX2","3"
1.68810827844169e-08,0.386564323601202,0.635,0.48,0.000303977657698995,"BEX5","3"
1.71499843863369e-08,0.352295411029747,0.826,0.714,0.000308819768844768,"PRKAR1A","3"
1.80934630146689e-08,0.560380828624942,0.392,0.26,0.000325808988505142,"TCEAL6","3"
2.00111933692879e-08,0.59656152100422,0.381,0.253,0.000360341559000767,"OGDHL","3"
2.01741556951123e-08,0.559026291283385,0.456,0.325,0.000363276021601887,"SVOP","3"
2.08554710929212e-08,0.428830790385284,0.606,0.466,0.000375544467970232,"CELF4","3"
2.10689733917478e-08,0.675244098942984,0.314,0.197,0.000379389003865202,"JAZF1","3"
2.1658849304766e-08,0.55925402592748,0.463,0.328,0.000390010899430921,"KHDRBS3","3"
2.24203074933231e-08,0.389639362906529,0.658,0.505,0.000403722477032269,"MDH2","3"
2.30742176743246e-08,0.611705447961314,0.381,0.253,0.000415497437661563,"HINT3","3"
2.33913275779976e-08,0.503591850088839,0.459,0.321,0.000421207635697002,"WASF3","3"
2.36322926743394e-08,0.395586575142159,0.729,0.584,0.000425546694186829,"PAK1","3"
2.42084704599167e-08,0.298781060918206,0.853,0.738,0.000435921927571721,"SCG5","3"
2.64602432530172e-08,0.485537200717956,0.5,0.359,0.00047646960025708,"TMEM178A","3"
2.82900553100194e-08,0.357842203157954,0.789,0.663,0.00050941902596752,"BEX2","3"
2.91194315615268e-08,0.590772471021948,0.399,0.272,0.000524353604128414,"DMXL2","3"
2.9920418180686e-08,0.271500477533839,0.904,0.868,0.000538776970179613,"PRDX5","3"
3.02719365143422e-08,0.566846787268291,0.413,0.285,0.00054510676081376,"WDR7","3"
3.0636790349045e-08,0.302713382179187,0.706,0.519,0.000551676683815254,"RAB6A","3"
3.1189975119563e-08,0.310141901323576,0.872,0.78,0.000561637881977971,"ATP5MC3","3"
3.17357213249469e-08,0.406956209467841,0.635,0.496,0.000571465133898319,"SLC25A5","3"
3.34348645935933e-08,0.322400845479936,0.459,0.31,0.000602061606736834,"NEFH","3"
3.35757754485393e-08,0.617661752430334,0.436,0.309,0.000604598988501847,"KLHDC2","3"
3.6983634037176e-08,0.488209912564471,0.477,0.336,0.000665964298107429,"ZYG11B","3"
3.81261658836724e-08,0.285149921286175,0.929,0.863,0.000686537869067289,"COX7A2","3"
3.84511416021222e-08,0.435738113822963,0.528,0.379,0.000692389706829414,"LONRF2","3"
3.8896634057538e-08,0.601068908192811,0.415,0.29,0.000700411689474087,"TBR1","3"
4.10758486287517e-08,0.48822492195425,0.472,0.339,0.000739652806257932,"PITPNA","3"
4.12503773885639e-08,0.363376650345085,0.681,0.517,0.00074279554563587,"LINGO1","3"
4.13620254236655e-08,0.364982967915864,0.702,0.547,0.000744805991803945,"NDUFB10","3"
4.3466161972262e-08,0.511399264029921,0.443,0.308,0.000782695178634523,"RUSC2","3"
4.37573426023871e-08,0.584928299451887,0.326,0.206,0.000787938468241185,"POLR1D","3"
4.44937708852114e-08,0.761347786686685,0.25,0.147,0.000801199332330002,"LINC01106","3"
4.73162044379562e-08,0.369474780481155,0.69,0.54,0.000852022893314278,"NCKAP1","3"
4.77781690951726e-08,0.44159867111543,0.537,0.398,0.000860341490896773,"CHMP4B","3"
4.90999750818394e-08,0.486147606921641,0.385,0.251,0.000884143251298682,"ABTB1","3"
4.94860598447297e-08,0.52947083695194,0.433,0.304,0.000891095479624049,"UBE2E3","3"
4.96386783359964e-08,0.365563211193696,0.617,0.462,0.000893843680796286,"SCN2A","3"
4.99504259075469e-08,0.43679134624336,0.599,0.448,0.000899457319317198,"NDUFS2","3"
5.16904885770556e-08,0.449823984908968,0.555,0.417,0.00093079062780704,"EIF3L","3"
5.26037662399971e-08,0.360509173395889,0.734,0.598,0.000947236018683627,"NLRP1","3"
5.38935200460883e-08,0.711303071659992,0.284,0.175,0.000970460615469912,"PNMA8C","3"
5.67900884466759e-08,0.347187376660258,0.757,0.625,0.00102261912265929,"SCAMP5","3"
5.69563530309066e-08,0.488563372792347,0.534,0.399,0.00102561304902753,"ATP6V1D","3"
5.75109662198877e-08,0.434199632032056,0.594,0.447,0.00103559996872152,"DCTN2","3"
5.8175225105603e-08,0.377265294494635,0.658,0.51,0.00104756127847659,"PPA1","3"
6.41020772226429e-08,0.449384053910482,0.491,0.348,0.00115428610454813,"TIMM17A","3"
6.85341537418753e-08,0.340809752348654,0.819,0.713,0.00123409450642995,"MAP1LC3A","3"
6.90420112107604e-08,0.454452849302647,0.454,0.316,0.00124323949587216,"KCNK1","3"
7.1098045310009e-08,0.452116811484033,0.525,0.393,0.00128026250189733,"CCDC92","3"
7.29549710732323e-08,0.532286145100941,0.411,0.282,0.00131370016411569,"REEP1","3"
7.31688126537734e-08,0.421459408994952,0.612,0.466,0.0013175508094565,"RHEB","3"
7.31888943940759e-08,0.599299034033983,0.372,0.251,0.00131791242135412,"R3HDM2","3"
7.46731575277593e-08,0.522014092122635,0.472,0.342,0.00134463954760236,"ADD2","3"
7.60237767145608e-08,0.455440202582876,0.511,0.37,0.0013689601472991,"PRKCG","3"
7.90698564356737e-08,0.548582064994657,0.367,0.245,0.00142381090483718,"NDUFAF4","3"
8.16835551238559e-08,0.403781552717839,0.546,0.4,0.00147087577711527,"CHD5","3"
8.30117391908281e-08,0.444292063819593,0.532,0.394,0.00149479238760924,"UBE2N","3"
8.41731989115033e-08,0.658225822587701,0.365,0.248,0.00151570679279944,"RANBP9","3"
8.4217295600937e-08,0.427693023974475,0.528,0.389,0.00151650084188607,"HDGFL3","3"
8.5651908027117e-08,0.264824168772932,0.911,0.852,0.0015423339078443,"NDFIP1","3"
8.57948379290945e-08,0.509850549221541,0.445,0.312,0.00154490764658921,"SDHC","3"
8.98818524701395e-08,0.351490500786763,0.725,0.587,0.0016185025174298,"KIF3C","3"
9.29951808587371e-08,0.329884022117118,0.768,0.64,0.00167456422172328,"PPP3CB","3"
9.54436823103877e-08,0.638606996738294,0.335,0.222,0.00171865438736315,"HCN1","3"
1.00931963955068e-07,0.635852969794132,0.326,0.212,0.0018174818749389,"TMEM126B","3"
1.0126563913446e-07,0.566348300140332,0.381,0.26,0.00182349036389422,"SLC25A46","3"
1.02885949229603e-07,0.388079755085797,0.564,0.413,0.00185266728777747,"COPRS","3"
1.05198617540473e-07,0.480224131984321,0.509,0.382,0.0018943115060513,"CHRM1","3"
1.06755759674073e-07,0.271846748584287,0.924,0.89,0.00192235096445103,"AES","3"
1.07088590954172e-07,0.347539506782814,0.702,0.557,0.00192834425731177,"MAPK1","3"
1.10171257750467e-07,0.35372742049818,0.612,0.455,0.00198385383831265,"CAMTA1","3"
1.20781930790343e-07,0.473364741491928,0.433,0.299,0.0021749202277417,"PPFIA3","3"
1.20863498997395e-07,0.410697069258477,0.587,0.461,0.00217638902644609,"NDUFA8","3"
1.2261011305739e-07,0.615150533274285,0.312,0.199,0.00220784030582443,"GRIA1","3"
1.25973248738254e-07,0.575149806872669,0.452,0.329,0.00226840029002973,"NECAP1","3"
1.26300545437039e-07,0.730902249109336,0.28,0.175,0.00227429392168476,"IRGQ","3"
1.26936151670371e-07,0.339146208119397,0.727,0.582,0.00228573928312838,"NDUFA5","3"
1.27106772230976e-07,0.555939825210578,0.358,0.237,0.00228881164756318,"CHCHD1","3"
1.27436434457452e-07,0.546100079566192,0.408,0.284,0.00229474787527534,"SLC8A1","3"
1.29115341692053e-07,0.387574219684576,0.64,0.495,0.0023249799578488,"CAP2","3"
1.29961356637572e-07,0.629097452113805,0.317,0.205,0.00234021414897277,"C1orf52","3"
1.33887045972112e-07,0.405416334808784,0.502,0.362,0.00241090403681983,"FAM49B","3"
1.3536059451735e-07,0.40089377611809,0.56,0.413,0.00243743822547392,"NUDT3","3"
1.36760709539488e-07,0.574481512016771,0.351,0.234,0.00246265009667756,"C3orf14","3"
1.40593927931583e-07,0.417624397191211,0.624,0.482,0.00253167486026401,"RAB1A","3"
1.41025751984143e-07,0.438426465211837,0.461,0.326,0.00253945071597847,"SCN2B","3"
1.42707871694215e-07,0.423129578569983,0.507,0.37,0.00256974064559772,"PRDX3","3"
1.6122814543635e-07,0.440647571127029,0.518,0.385,0.00290323521487235,"MYT1L","3"
1.69689313880263e-07,0.505189469481277,0.44,0.315,0.0030555954750419,"FEM1B","3"
1.84872260930909e-07,0.616628957015165,0.367,0.253,0.00332899480258289,"NBEA","3"
1.87794481998062e-07,0.431116845140134,0.557,0.419,0.0033816152373391,"PTPRN2","3"
1.92749259125462e-07,0.646723616328341,0.326,0.214,0.0034708359090722,"OPN3","3"
1.97499804140271e-07,0.51249008535339,0.39,0.265,0.00355637897315386,"C1orf216","3"
1.98696831231585e-07,0.530583243281519,0.433,0.309,0.00357793383998715,"PRPF19","3"
2.05576868535919e-07,0.258167961181533,0.865,0.767,0.00370182267172629,"COX7B","3"
2.07564399822423e-07,0.474123362864318,0.456,0.326,0.00373761214760237,"CCT2","3"
2.18468738061407e-07,0.504073387722987,0.392,0.268,0.00393396656627175,"NUDT21","3"
2.20055849191685e-07,0.429769358078424,0.523,0.392,0.00396254567639468,"NDN","3"
2.32295272217629e-07,0.32912829620446,0.784,0.665,0.00418294096682285,"ATP6V0A1","3"
2.33013704344927e-07,0.382534035619439,0.606,0.468,0.00419587777413911,"VDAC2","3"
2.33573333917451e-07,0.515362973706931,0.362,0.241,0.00420595502385154,"PKIA","3"
2.34941423734718e-07,0.354506014857611,0.622,0.474,0.00423059021719106,"CLSTN3","3"
2.56837726504885e-07,0.442776862312712,0.491,0.356,0.00462487694117347,"CSPG5","3"
2.66569075716257e-07,0.500518207287169,0.466,0.346,0.00480010934642264,"CDIPT","3"
2.75262005296213e-07,0.561204977783931,0.429,0.309,0.00495664292936891,"TLN2","3"
2.9858400060011e-07,0.661710931174161,0.31,0.203,0.00537660209880617,"ADGRA1","3"
3.03209702710067e-07,0.334582952059402,0.683,0.531,0.00545989711670018,"ARL6IP5","3"
3.19399767401535e-07,0.3560197934831,0.615,0.47,0.00575143161159944,"RNPS1","3"
3.21052557482545e-07,0.395942368405118,0.599,0.457,0.00578119340258819,"TPRG1L","3"
3.23344847690659e-07,0.406078121536393,0.486,0.347,0.0058224706723657,"DUSP3","3"
3.26090659599283e-07,0.310092912544784,0.727,0.57,0.00587191450740428,"PACSIN1","3"
3.3309007522646e-07,0.443713981566765,0.482,0.35,0.00599795298460287,"SERP2","3"
3.39160654979639e-07,0.533227964537083,0.356,0.239,0.00610726591421836,"FSD1","3"
3.41377954359164e-07,0.362200406647612,0.624,0.476,0.00614719282414546,"CYC1","3"
3.42814309918643e-07,0.395197270885192,0.633,0.49,0.006173057278705,"SH3GL2","3"
3.63627730806567e-07,0.617082349552174,0.282,0.178,0.00654784454863384,"ANKRD24","3"
3.68363749337378e-07,0.406414739721218,0.606,0.47,0.00663312603431817,"GLS","3"
3.69479955376097e-07,0.409628586095699,0.466,0.332,0.00665322555645738,"DCAF6","3"
3.73135793696648e-07,0.438774931755215,0.5,0.377,0.00671905623709555,"ITGB1BP1","3"
3.806927553428e-07,0.477249079569851,0.374,0.253,0.0068551344454578,"VAMP1","3"
3.86523402823717e-07,0.621932189808563,0.33,0.222,0.00696012691464667,"TOMM70","3"
3.97607503070047e-07,0.492649172863596,0.385,0.266,0.00715971830778234,"SMS","3"
4.0706064440889e-07,0.438262916861723,0.443,0.312,0.00732994102387088,"USP5","3"
4.11921540898225e-07,0.475406581950513,0.475,0.352,0.00741747118695435,"AASDHPPT","3"
4.12584136011629e-07,0.482319743581039,0.431,0.308,0.00742940253716141,"ISCA1","3"
4.15924506170185e-07,0.445580294148175,0.486,0.355,0.00748955258260653,"FBXO9","3"
4.23747033029219e-07,0.682504276931485,0.28,0.179,0.00763041282375715,"NANOS3","3"
4.26739973908465e-07,0.366220924923295,0.61,0.468,0.00768430671016973,"KIAA0513","3"
4.28539193047981e-07,0.603188789372229,0.326,0.218,0.007716705249215,"PTS","3"
4.51487837152854e-07,0.397986971600238,0.603,0.475,0.00812994148361144,"CAMKV","3"
4.59767509237955e-07,0.563820661273415,0.362,0.251,0.00827903353884785,"CACNB4","3"
4.67928083851563e-07,0.534875817418565,0.401,0.283,0.00842598100591509,"UBL7","3"
4.84639483435732e-07,0.444358389631273,0.55,0.43,0.00872690317822723,"ATP13A2","3"
4.89778502908186e-07,0.370208236362066,0.567,0.425,0.0088194415018677,"PITHD1","3"
4.92558342038014e-07,0.628448958082025,0.312,0.207,0.00886949806507851,"FBXO3","3"
4.93467901126258e-07,0.617934008210117,0.31,0.204,0.00888587649558052,"ANAPC13","3"
5.22278011623722e-07,0.400050883455127,0.452,0.318,0.00940466015530837,"ATXN7L3","3"
5.29768191864214e-07,0.401495965437441,0.612,0.472,0.0095395358308989,"UQCRC2","3"
5.42861467774197e-07,0.433838280736269,0.534,0.406,0.00977530645020996,"RAB11A","3"
5.43534174876568e-07,0.434336681882748,0.518,0.394,0.00978741988700237,"RCN2","3"
5.74570790325492e-07,0.397115070353657,0.631,0.495,0.0103462962213911,"EIF5","3"
5.82682343524658e-07,0.374614672938991,0.553,0.41,0.0104923609598485,"ATXN7L3B","3"
6.02257908910433e-07,0.579588872039166,0.44,0.326,0.0108448581657502,"APC","3"
6.08621713527227e-07,0.423076395904105,0.518,0.39,0.0109594511954848,"AZIN1","3"
6.11629374175476e-07,0.403334196842479,0.534,0.402,0.0110136101407778,"TRAPPC1","3"
6.24567820799125e-07,0.396695824443537,0.578,0.449,0.0112465927491298,"ALDOA","3"
6.29220834574786e-07,0.283463615973692,0.842,0.758,0.0113303795681882,"RAB6B","3"
6.32111657543663e-07,0.378541183880386,0.486,0.349,0.0113824346173887,"KIDINS220","3"
6.50240163123779e-07,0.34698786681647,0.578,0.438,0.0117088746173699,"CLPTM1","3"
6.74394513096843e-07,0.350790120875737,0.642,0.506,0.0121438219973349,"NDUFA12","3"
7.12535451477617e-07,0.738065467151132,0.257,0.163,0.0128306258747575,"FBXO32","3"
7.23250070418181e-07,0.654575665708018,0.273,0.174,0.0130235640180202,"RALYL","3"
7.26521707869245e-07,0.347473336354235,0.78,0.693,0.0130824763936015,"FXYD7","3"
7.42628104093082e-07,0.380432907372529,0.569,0.435,0.0133725042704041,"CXXC5","3"
7.75393083555999e-07,0.358141257978991,0.537,0.393,0.0139625032555929,"KALRN","3"
7.82776059073846e-07,0.434924524444992,0.56,0.43,0.0140954484957427,"DDX3X","3"
7.93113402734863e-07,0.43720117784266,0.507,0.384,0.0142815930430467,"CISD1","3"
8.22333246910529e-07,0.485164141161556,0.394,0.279,0.0148077547771179,"CEP170B","3"
8.28466244260797e-07,0.389218273704713,0.539,0.418,0.0149181916604042,"PIK3R1","3"
8.42766841688323e-07,0.366556894427538,0.594,0.452,0.0151757025182816,"APBA2","3"
8.60021859785586e-07,0.438741861002749,0.53,0.407,0.015486413629159,"EMC4","3"
8.66222279907632e-07,0.458424799164873,0.452,0.332,0.0155980645942967,"TMEM151B","3"
8.73628340514725e-07,0.273837140089769,0.757,0.622,0.0157314255276487,"SEPT3","3"
8.80382326493968e-07,0.414920458295453,0.544,0.409,0.0158530445531769,"EIF5A","3"
8.91649711368086e-07,0.637207454147482,0.252,0.157,0.0160559363526051,"HSDL1","3"
9.00700421339585e-07,0.441207654536827,0.507,0.385,0.0162189124870619,"MMP24OS","3"
9.70523910310985e-07,0.311972934573494,0.755,0.62,0.0174762240529699,"DGKZ","3"
9.75877146975588e-07,0.429990868642102,0.459,0.334,0.0175726197855894,"WASL","3"
9.91686152678309e-07,0.470457008197502,0.422,0.303,0.0178572925512783,"FLOT2","3"
1.02564828424759e-06,0.506824663330283,0.408,0.296,0.0184688486544463,"MAP6","3"
1.03264766172791e-06,0.435891026360864,0.452,0.327,0.0185948864447345,"RAB18","3"
1.04500468246149e-06,0.3914748607606,0.573,0.455,0.018817399317084,"ARHGEF4","3"
1.09313934368074e-06,0.390270960242258,0.482,0.348,0.0196841601616591,"ABHD14A","3"
1.11578464666742e-06,0.622286471734189,0.291,0.191,0.0200919341325402,"LGI1","3"
1.13140421676741e-06,0.366842526161103,0.759,0.679,0.0203731957313308,"LDHA","3"
1.13818321238935e-06,0.417826923343139,0.484,0.354,0.0204952651054951,"DDX1","3"
1.16737294816054e-06,0.26068039479822,0.858,0.799,0.0210208846775269,"MGST3","3"
1.16801447806671e-06,0.45239821561919,0.397,0.276,0.0210324367065473,"KCNJ3","3"
1.21749898767578e-06,0.347149874547142,0.53,0.389,0.0219235042710779,"UNC13A","3"
1.23071713938729e-06,0.619374161060164,0.271,0.173,0.022161523528947,"NKIRAS1","3"
1.23241364912075e-06,0.405226394048733,0.516,0.385,0.0221920725797174,"PSMD2","3"
1.25355430651673e-06,0.363770968997626,0.532,0.402,0.0225727523974467,"SRPK2","3"
1.26268589773832e-06,0.303235940002306,0.573,0.423,0.0227371849605739,"NUDCD3","3"
1.26345855720998e-06,0.363779044966071,0.612,0.48,0.0227510982396801,"ITFG1","3"
1.29872747517199e-06,0.372344084374199,0.596,0.462,0.0233861856454221,"ARPC4","3"
1.30795103253241e-06,0.334297718673952,0.495,0.356,0.0235522742428111,"NSG1","3"
1.31785342023372e-06,0.470124202561365,0.438,0.322,0.0237305865381486,"CASKIN1","3"
1.3837775324685e-06,0.62095508510417,0.278,0.179,0.0249176820271603,"STXBP5L","3"
1.38452464840538e-06,0.403257015354768,0.528,0.401,0.0249311353438357,"RRAGA","3"
1.43030305513386e-06,0.316601454524569,0.716,0.573,0.0257554671137954,"USP11","3"
1.43605299826022e-06,0.389349816193257,0.495,0.367,0.0258590063396718,"TMEM141","3"
1.46087722069927e-06,0.486452906899691,0.392,0.278,0.0263060161131318,"CD200","3"
1.48430896997605e-06,0.645456621964657,0.275,0.179,0.0267279516223587,"RASD2","3"
1.51279254540728e-06,0.55933709459259,0.33,0.226,0.0272408553651488,"GCC2","3"
1.51646423517254e-06,0.432057767335015,0.509,0.395,0.0273069714827519,"YPEL5","3"
1.57067310804138e-06,0.518259293966299,0.376,0.265,0.0282831106565012,"RAB15","3"
1.58052786671297e-06,0.626271521006834,0.273,0.175,0.0284605652959005,"KCMF1","3"
1.59706477279204e-06,0.511316628348661,0.383,0.27,0.0287583453636662,"RAB40C","3"
1.66792994836666e-06,0.437955091600396,0.482,0.367,0.0300344145802384,"GALNT17","3"
1.69537428655903e-06,0.45642279757464,0.376,0.262,0.0305286047780685,"DNAJC7","3"
1.69596161071555e-06,0.483084308828062,0.356,0.244,0.0305391807241549,"FAM219A","3"
1.6969719355161e-06,0.352018585434376,0.589,0.458,0.0305573736428384,"NME1","3"
1.74569148521832e-06,0.497214378371849,0.369,0.257,0.0314346665743263,"ARMCX3","3"
1.78945123392691e-06,0.577182683075264,0.303,0.201,0.032222648369322,"MARF1","3"
1.8001611893846e-06,0.334069738029621,0.571,0.438,0.0324155025372485,"PSMC5","3"
1.87070838258282e-06,0.44464095650636,0.498,0.38,0.0336858458451688,"SYT7","3"
1.89018688533844e-06,0.490224474745138,0.411,0.299,0.0340365952442893,"NMNAT2","3"
2.04573334099538e-06,0.295655018562524,0.764,0.662,0.0368375202713039,"NPTXR","3"
2.04882219132658e-06,0.573955897921344,0.305,0.205,0.0368931411992177,"SMAP1","3"
2.09688291985769e-06,0.408629835594828,0.47,0.352,0.0377585707378774,"PGP","3"
2.10807681488144e-06,0.67417081339018,0.259,0.167,0.0379601392055701,"PRPS1","3"
2.11612521700357e-06,0.474392841868359,0.408,0.298,0.0381050667825833,"SLIT1","3"
2.11903711397202e-06,0.471066225187842,0.356,0.244,0.0381575013112941,"INSIG1","3"
2.12572535193924e-06,0.333207600436519,0.479,0.346,0.0382779364123698,"HNRNPH2","3"
2.15561435828645e-06,0.327850654060203,0.695,0.563,0.0388161477496642,"DDX24","3"
2.21626838896902e-06,0.554069083471655,0.319,0.216,0.0399083448801651,"MOB4","3"
2.23670365496386e-06,0.520564987459055,0.394,0.286,0.0402763227149342,"PLK2","3"
2.24360883780141e-06,0.458481267671034,0.424,0.309,0.04040066434229,"PTGES2","3"
2.2616027327178e-06,0.418355390516282,0.436,0.318,0.0407246804080494,"AKAP6","3"
2.26411491714605e-06,0.262665880642408,0.828,0.705,0.0407699173130489,"APLP2","3"
2.30487603378966e-06,0.608443431278301,0.291,0.194,0.0415039027404504,"CRIM1","3"
2.34810728534366e-06,0.454946290393374,0.443,0.33,0.0422823678871832,"FNDC4","3"
2.40131684414235e-06,0.455556826713165,0.427,0.311,0.0432405124124713,"FOXG1","3"
2.42957698829596e-06,0.405124851821453,0.401,0.281,0.0437493928282454,"PDS5B","3"
2.44799016300006e-06,0.310063876004125,0.679,0.547,0.0440809588651422,"INA","3"
2.4671931883882e-06,0.384994921217748,0.482,0.362,0.0444267477433062,"COX7A2L","3"
2.49035401344545e-06,0.310368052250184,0.603,0.458,0.0448438047201122,"EPB41L1","3"
2.60720539256071e-06,0.57598443131129,0.323,0.223,0.0469479475038407,"STK24","3"
2.63727270460363e-06,0.356623509190574,0.562,0.444,0.0474893695917976,"NDUFB5","3"
2.65643962140815e-06,0.615349539418595,0.284,0.189,0.0478345082626965,"ERG28","3"
2.71093804120632e-06,0.448250999163113,0.456,0.341,0.0488158613080023,"NCOA7","3"
2.72453416290079e-06,0.349158472884416,0.647,0.524,0.0490606866713546,"MAPRE3","3"
2.78850110246754e-06,0.437177771844056,0.424,0.306,0.050212539352133,"ACTR1B","3"
2.83185148991465e-06,0.554196427659793,0.296,0.197,0.0509931497788931,"UCHL5","3"
2.9073581373092e-06,0.380174443605184,0.573,0.442,0.0523527979785267,"ATXN10","3"
3.02201906159185e-06,0.414815032811034,0.466,0.346,0.0544174972420845,"AAK1","3"
3.20928997453841e-06,0.495642078354351,0.479,0.367,0.0577896845715131,"TUBG2","3"
3.31570520419533e-06,0.311855638005775,0.663,0.541,0.0597059036119452,"UQCRFS1","3"
3.49466209047684e-06,0.462246916230604,0.388,0.277,0.0629283802632165,"INPP4A","3"
3.5040208138349e-06,0.602273664038095,0.255,0.163,0.0630969027947251,"MRPL1","3"
3.51937086705629e-06,0.291267386089738,0.706,0.569,0.0633733112030827,"NDUFC1","3"
3.65558922024316e-06,0.566169690352846,0.312,0.213,0.0658261950889186,"ZNF25","3"
3.75927757294938e-06,0.284244747310415,0.722,0.619,0.0676933112560995,"NELL2","3"
3.85852032673004e-06,0.297371297701333,0.649,0.517,0.0694803755234278,"FLOT1","3"
3.88233901178445e-06,0.346263173613906,0.569,0.446,0.0699092785852026,"EIF1B","3"
3.89049562826817e-06,0.528273082594318,0.411,0.306,0.0700561547782249,"GNB5","3"
3.93899729183777e-06,0.292922235446238,0.578,0.433,0.0709295242341227,"DDAH1","3"
4.11109821796184e-06,0.414758645597922,0.413,0.297,0.0740285456108388,"IDH3B","3"
4.11172175944668e-06,0.340092671444737,0.576,0.442,0.0740397737223564,"MAPK9","3"
4.11862197570941e-06,0.264720560381858,0.677,0.529,0.0741640259165993,"NNAT","3"
4.12066808914526e-06,0.44275501140826,0.443,0.332,0.0742008702812387,"SLC9A6","3"
4.15307877864553e-06,0.317087789937576,0.514,0.383,0.07478448956707,"SYT13","3"
4.1841553323532e-06,0.301189659356676,0.596,0.46,0.075344085069684,"HMGCS1","3"
4.38925680778981e-06,0.371342876641463,0.429,0.309,0.0790373473378712,"LDB2","3"
4.52936786199706e-06,0.334297718673952,0.489,0.359,0.0815603270909811,"ID2","3"
4.63485226157031e-06,0.544621076681801,0.294,0.197,0.0834597846740966,"PNMA6A","3"
4.66380838959767e-06,0.403117951272028,0.518,0.398,0.0839811976714852,"HSPA12A","3"
4.7175512113396e-06,0.551289735319289,0.287,0.191,0.0849489446625922,"DYNC1LI1","3"
4.79196748139275e-06,0.476226334824722,0.374,0.266,0.0862889584374392,"IGIP","3"
4.80100681284831e-06,0.559351393779761,0.255,0.163,0.0864517296789594,"MCRIP2","3"
4.81054867693087e-06,0.271830099035687,0.743,0.62,0.0866235500254942,"CYCS","3"
4.84775266359836e-06,0.4232166228141,0.427,0.313,0.0872934822134157,"RNF157","3"
4.88535255091032e-06,0.517132524989117,0.275,0.18,0.0879705433842421,"MAPK8","3"
4.91534755545526e-06,0.368172199103973,0.534,0.42,0.0885106634310829,"ACYP2","3"
4.95307247632706e-06,0.507468467455021,0.339,0.237,0.0891899760812213,"THRB","3"
5.01778227554154e-06,0.520280291840787,0.294,0.197,0.0903552054356766,"EIF2S3","3"
5.01976630450808e-06,0.394888278649882,0.484,0.365,0.0903909318452769,"NARS","3"
5.16311765445196e-06,0.566793927880704,0.319,0.221,0.0929722596037164,"BAG4","3"
5.16655036388114e-06,0.331152793491865,0.663,0.559,0.0930340724024076,"RPH3A","3"
5.17024884074601e-06,0.412528476601493,0.447,0.333,0.0931006708753134,"NDUFV3","3"
5.20012390192592e-06,0.494720522883291,0.433,0.331,0.09363863110198,"CDK5","3"
5.22596693042037e-06,0.261207995517171,0.624,0.481,0.0941039865160796,"GABRB2","3"
5.40421945704327e-06,0.466180311119233,0.365,0.257,0.0973137797629782,"TTYH3","3"
5.42959147018232e-06,0.508561755966572,0.353,0.25,0.097770653603573,"RAB3GAP1","3"
5.45397832412926e-06,0.35898517325372,0.507,0.388,0.0982097876825956,"STRAP","3"
5.52642994205099e-06,0.568788242333032,0.271,0.178,0.0995144239665122,"FAM69B","3"
5.77337779324417e-06,0.457586383777227,0.424,0.315,0.103961213922948,"MAGEH1","3"
5.88080502734471e-06,0.472316676620302,0.349,0.244,0.105895656127396,"IPO7","3"
5.96307567354273e-06,0.410024115924328,0.381,0.267,0.107377103653484,"RETREG1","3"
6.22475690719682e-06,0.262052159637607,0.75,0.627,0.112089197627893,"DYNLL2","3"
6.36017091464578e-06,0.318331658438108,0.755,0.66,0.114527597660027,"GRINA","3"
6.47739045801314e-06,0.333895037427466,0.688,0.582,0.116638369977443,"DNAJA1","3"
6.77010423555053e-06,0.473196810197424,0.394,0.284,0.121909266969558,"SCN1A","3"
6.8934190267688e-06,0.462302425969925,0.399,0.292,0.124129796415026,"SOD2","3"
6.90949562268192e-06,0.429320433921368,0.422,0.312,0.124419287677633,"ACTR10","3"
6.96703984430236e-06,0.431282333271257,0.528,0.423,0.125455486476353,"ELOC","3"
7.20326218814051e-06,0.498497831644658,0.381,0.277,0.129709142221846,"FAM217B","3"
7.31202348149306e-06,0.331782524700627,0.502,0.379,0.131667606831246,"GPR162","3"
7.35820248164201e-06,0.538054103386903,0.296,0.2,0.132499152086928,"DUSP26","3"
7.36393933464273e-06,0.464248170659021,0.424,0.32,0.132602455598912,"ZNF428","3"
7.42221010203026e-06,0.27964911968469,0.658,0.522,0.133651737307259,"PSMB4","3"
7.54393895178763e-06,0.526284529500864,0.291,0.196,0.13584370870484,"CPEB3","3"
7.69413938768213e-06,0.341187529993823,0.447,0.329,0.138548367953992,"OSBPL1A","3"
7.71818660334207e-06,0.286361968326278,0.688,0.546,0.138981386166381,"NSG2","3"
7.72593150872675e-06,0.337818023687935,0.631,0.504,0.139120848677643,"ISCU","3"
7.82692160814521e-06,0.551113058952429,0.349,0.251,0.140939377397871,"CNTNAP1","3"
7.82942875643728e-06,0.291796888243399,0.67,0.538,0.140984523617166,"ATP9A","3"
7.86423381752791e-06,0.357276567956685,0.537,0.417,0.141611258352225,"ARL8B","3"
8.19175802027104e-06,0.405611333125076,0.495,0.386,0.147508986671021,"SUMO3","3"
8.20278215305206e-06,0.431699822899265,0.392,0.284,0.147707498230008,"KCNV1","3"
8.28599329638446e-06,0.506502459923099,0.333,0.232,0.149205881287995,"SLC20A1","3"
8.45132429408523e-06,0.368431861881036,0.468,0.356,0.152182996563593,"CNTNAP2","3"
8.47852520172224e-06,0.396401426923713,0.45,0.328,0.152672803307412,"GAD1","3"
8.56104078810737e-06,0.61507791013159,0.268,0.179,0.154158661471449,"SEC61A2","3"
8.61208178154889e-06,0.251194514579959,0.842,0.787,0.155077756640351,"SPTAN1","3"
8.66116769994998e-06,0.262264046756413,0.56,0.424,0.155961646772999,"TCEA2","3"
8.7072629205855e-06,0.453053837098725,0.394,0.291,0.156791683410983,"RUSC1","3"
8.81960906042969e-06,0.491698467695164,0.305,0.207,0.158814700351157,"CYTH2","3"
8.83502607823831e-06,0.499703930397547,0.328,0.23,0.159092314590837,"IMMT","3"
8.86955067341365e-06,0.466872537930174,0.406,0.299,0.15971399897616,"SERPINF1","3"
8.90516562756019e-06,0.257064745314824,0.663,0.507,0.160355317455476,"MAP2K1","3"
8.93456931209898e-06,0.315536924770193,0.745,0.651,0.160884789602966,"PCMT1","3"
9.06607418851308e-06,0.492867746463119,0.305,0.209,0.163252797912555,"FAM102B","3"
9.09195866431528e-06,0.370760645377169,0.548,0.428,0.163718899668325,"LARP1","3"
9.09512707982834e-06,0.342181996802088,0.567,0.444,0.163775953326469,"ACTR2","3"
9.12660065823979e-06,0.577530613871811,0.284,0.193,0.164342698052924,"GDAP1L1","3"
9.16052416290158e-06,0.350267703048122,0.564,0.449,0.164953558601369,"REX1BD","3"
9.34478036920228e-06,0.35047081228194,0.484,0.368,0.168271460108225,"KIAA1549L","3"
9.36710510357e-06,0.461748463793798,0.356,0.254,0.168673461599985,"TMEM222","3"
9.54433784158881e-06,0.596063172136283,0.25,0.163,0.17186489151349,"RAB11FIP5","3"
9.7109715059426e-06,0.312572613548895,0.693,0.603,0.174865463907508,"NDUFB11","3"
9.97290426728895e-06,0.538689698539656,0.282,0.191,0.179582087141072,"NGRN","3"
9.97347168886867e-06,0.280847879476852,0.739,0.65,0.179592304701458,"ATP6V0D1","3"
9.97418627032275e-06,0.406101212600373,0.452,0.341,0.179605172169702,"DNM3","3"
1.00462449448233e-05,0.340023422938925,0.631,0.516,0.180902732721433,"CDIP1","3"
1.03177084929559e-05,0.319435971149336,0.633,0.518,0.185790976832656,"REEP2","3"
1.03600203369897e-05,0.456692920924298,0.344,0.241,0.186552886208173,"SLC2A3","3"
1.05274929758384e-05,0.507808980034602,0.36,0.261,0.189568566015922,"BRINP1","3"
1.0677510014397e-05,0.601685169214153,0.259,0.172,0.192269922829246,"PRPS2","3"
1.07139711621015e-05,0.639566727021404,0.259,0.173,0.192926478715961,"ARHGEF25","3"
1.07204196316759e-05,0.421168809148554,0.401,0.295,0.193042596307587,"AKAP12","3"
1.12557244760327e-05,0.283490981096299,0.661,0.526,0.202681830639922,"HSPH1","3"
1.16144900976919e-05,0.569405332483545,0.321,0.227,0.209142123189139,"SHOC2","3"
1.16762349235672e-05,0.391881462591822,0.433,0.322,0.210253962268675,"PSMC1","3"
1.17190738602129e-05,0.447442007981273,0.353,0.253,0.211025363000854,"BCAS2","3"
1.20092342971885e-05,0.420213336736865,0.495,0.392,0.216250281989473,"NDUFS3","3"
1.23589612785303e-05,0.498829304701836,0.365,0.265,0.222547815742496,"CCSAP","3"
1.24391419203726e-05,0.519811503846122,0.365,0.269,0.223991628560149,"KLF9","3"
1.26731677967389e-05,0.625468617690716,0.264,0.177,0.228205732515878,"CIAPIN1","3"
1.26903511414819e-05,0.308027949717955,0.573,0.449,0.228515153004665,"DIRAS1","3"
1.28466774734465e-05,0.531977051357736,0.305,0.212,0.23133012126435,"FBLL1","3"
1.29525814825974e-05,0.444722506627681,0.447,0.343,0.233237134757132,"EIF3I","3"
1.30144611621724e-05,0.290976238174132,0.702,0.565,0.234351402147239,"CLTB","3"
1.34965571875126e-05,0.474797137639266,0.296,0.201,0.243032505275539,"PITPNM3","3"
1.35347015278924e-05,0.562220414517655,0.264,0.176,0.243719370412758,"SEH1L","3"
1.35779222069805e-05,0.346405778480534,0.47,0.356,0.244497645181098,"AHSA1","3"
1.43616916894978e-05,0.452378233555036,0.296,0.2,0.258610982252786,"NARF","3"
1.43799020624079e-05,0.652663944831508,0.259,0.175,0.25893889643778,"STOX2","3"
1.44271788397142e-05,0.351993297842623,0.5,0.384,0.259790209366734,"TCF4","3"
1.44693593894893e-05,0.490580792522367,0.28,0.188,0.260549754526535,"ATXN1","3"
1.4756465470089e-05,0.424962365352022,0.42,0.313,0.265719673719892,"CAMTA2","3"
1.49045815688922e-05,0.393088631905852,0.482,0.371,0.268386800311042,"RNF208","3"
1.49751227650008e-05,0.435163678202836,0.394,0.287,0.269657035629369,"SCRT1","3"
1.55946659931712e-05,0.304301670458016,0.516,0.389,0.280813150539034,"ABAT","3"
1.60552877153786e-05,0.334965153714055,0.491,0.372,0.289107565890823,"GSK3A","3"
1.61970866293587e-05,0.427640719487827,0.452,0.35,0.291660938934862,"WAC","3"
1.62715449242132e-05,0.321438815530989,0.516,0.397,0.293001709450308,"PAFAH1B2","3"
1.63253217312937e-05,0.375673957312288,0.443,0.33,0.293970068415406,"HMGCR","3"
1.63935058632073e-05,0.332880804266493,0.686,0.573,0.295197860078773,"SLC12A5","3"
1.67623306180481e-05,0.436510103910353,0.376,0.274,0.301839287439193,"FABP5","3"
1.68861847936539e-05,0.334478488423653,0.553,0.436,0.304069529579326,"NISCH","3"
1.70997270421684e-05,0.358348081152005,0.489,0.372,0.307914784848327,"PRELID1","3"
1.72872212362375e-05,0.406393439513177,0.397,0.292,0.311290992800929,"PDHB","3"
1.75148361388258e-05,0.290404156892805,0.644,0.531,0.315389654351835,"MYL6B","3"
1.7622557410927e-05,0.415769954106745,0.445,0.342,0.317329391298563,"COPS8","3"
1.81774530097568e-05,0.520280291840787,0.287,0.197,0.327321396346691,"ZC3H7B","3"
1.84840335117363e-05,0.533090098892094,0.333,0.242,0.332841991445836,"BTBD1","3"
1.85622455167199e-05,0.295282302917807,0.706,0.591,0.334250355019575,"SLC25A4","3"
1.86255829419143e-05,0.405148698217554,0.408,0.302,0.335390872035051,"PSMF1","3"
1.91024363686783e-05,0.349399124424522,0.383,0.275,0.34397757169079,"SLC38A1","3"
1.91376000676327e-05,0.291340779306105,0.622,0.491,0.344610764417862,"PPP2R2C","3"
1.94597483618699e-05,0.410821717830875,0.372,0.268,0.350411688752191,"TAF13","3"
1.97905254909102e-05,0.45018071384356,0.33,0.233,0.35636799251482,"CLEC2L","3"
1.97905822094483e-05,0.487631098096972,0.307,0.214,0.356369013845536,"CGGBP1","3"
2.00657078055367e-05,0.26344873231145,0.711,0.593,0.3613232004543,"NDUFAB1","3"
2.02938515848579e-05,0.396110901639062,0.44,0.331,0.365431385488536,"AMPH","3"
2.03984782767106e-05,0.347048181415065,0.466,0.352,0.367315398328727,"MAL2","3"
2.05747475623884e-05,0.3746615052228,0.45,0.338,0.370489479355928,"ARHGEF9","3"
2.05799493428544e-05,0.49340881923879,0.287,0.195,0.37058314781678,"KRAS","3"
2.06219392401565e-05,0.449321741199496,0.367,0.268,0.371339259897499,"GALNT9","3"
2.06438842183174e-05,0.39008305155525,0.376,0.273,0.371734423119241,"PLEKHM2","3"
2.06724474293985e-05,0.347700836952497,0.587,0.476,0.372248760861178,"RANGAP1","3"
2.09698624791814e-05,0.291780464213016,0.651,0.526,0.377604313662619,"PPP2CB","3"
2.11997653869651e-05,0.390769558844383,0.401,0.296,0.38174417532308,"BRSK2","3"
2.12666191398349e-05,0.377372229707813,0.587,0.478,0.382948010851007,"ATL1","3"
2.16660167914516e-05,0.482225715074881,0.296,0.203,0.390139964363668,"SSBP2","3"
2.17956517694565e-05,0.536039965638008,0.296,0.207,0.392474301412603,"SH3BGRL2","3"
2.21355305907275e-05,0.596259920270411,0.255,0.171,0.398594499347231,"LINC01963","3"
2.21516000917727e-05,0.493551703415952,0.31,0.218,0.398883862852551,"ARHGEF17","3"
2.23909787850768e-05,0.422978139754719,0.463,0.361,0.403194354982878,"CDC42SE2","3"
2.27063466428366e-05,0.402546726620736,0.44,0.335,0.408873183997558,"WDR82","3"
2.2877641087153e-05,0.459010420157204,0.356,0.257,0.411957683056364,"MRPL27","3"
2.3402140098699e-05,0.498872166153759,0.28,0.191,0.421402336757273,"TOM1","3"
2.34298518184625e-05,0.559808656027424,0.287,0.2,0.421901341695055,"ACAT2","3"
2.3832204390376e-05,0.411986044754079,0.454,0.353,0.4291465044575,"CDS2","3"
2.38356673109717e-05,0.29623049122415,0.518,0.393,0.429208861268668,"KCNQ2","3"
2.40391012253359e-05,0.30830739865241,0.729,0.632,0.432872095764624,"BAALC","3"
2.46607661636818e-05,0.394068657105476,0.385,0.28,0.444066416309417,"AL162231.1","3"
2.52342365572727e-05,0.291011778443536,0.628,0.505,0.45439289768681,"SPRYD3","3"
2.54967246027922e-05,0.412038175598034,0.383,0.283,0.459119519922479,"DBP","3"
2.57453119583434e-05,0.374397574816497,0.427,0.32,0.46359583243389,"SYBU","3"
2.58278669197849e-05,0.362263131155389,0.555,0.452,0.465082399624566,"ATF4","3"
2.59241353977607e-05,0.422724243707382,0.33,0.233,0.466815906107478,"RASL10A","3"
2.6273395620571e-05,0.419309727001999,0.362,0.262,0.473105034939622,"TAF1D","3"
2.63506833744765e-05,0.268510625445086,0.686,0.572,0.474496755524198,"TERF2IP","3"
2.63924321518917e-05,0.363338118195919,0.452,0.344,0.475248525759113,"SUMO1","3"
2.6643020482899e-05,0.376659959428947,0.408,0.302,0.479760869835561,"ZC3H15","3"
2.67353420831941e-05,0.370208236362066,0.344,0.244,0.481423304892076,"JAKMIP1","3"
2.71754328994757e-05,0.313332964961569,0.624,0.502,0.489348020220859,"PRKCZ","3"
2.73751932452076e-05,0.535738532840883,0.3,0.211,0.492945104766454,"NR2F1-AS1","3"
2.79142219879724e-05,0.380824797372879,0.365,0.263,0.502651395337419,"LRPPRC","3"
2.82193918563188e-05,0.307541961961657,0.7,0.598,0.508146589156732,"MAP1LC3B","3"
2.93624847785639e-05,0.386292611757894,0.427,0.325,0.528730263407601,"CS","3"
2.93721027500956e-05,0.346599122472925,0.431,0.322,0.528903454220972,"TNPO2","3"
2.99567120012463e-05,0.537318222197325,0.257,0.173,0.539430513006442,"MGAT5","3"
3.01728454876357e-05,0.38937497677263,0.369,0.268,0.543322428695856,"RFPL1S","3"
3.03855956299939e-05,0.55093368000549,0.294,0.207,0.5471534205093,"SPRN","3"
3.05632603847476e-05,0.597435107101714,0.268,0.186,0.550352629748149,"PNPO","3"
3.07122364945927e-05,0.261534707997105,0.619,0.486,0.55303524255813,"CACYBP","3"
3.12564692749168e-05,0.370731805607838,0.461,0.358,0.562835242233426,"DEAF1","3"
3.1547548884764e-05,0.535936819292487,0.289,0.203,0.568076712767945,"ZNF106","3"
3.17066287268123e-05,0.3135059170689,0.688,0.597,0.570941263483709,"EIF4G2","3"
3.19598438578993e-05,0.428161597804113,0.33,0.235,0.575500908349193,"SRGAP3","3"
3.28178537079701e-05,0.431488020059438,0.369,0.272,0.590951091719418,"ATP1B3","3"
3.28486731251866e-05,0.361453992019827,0.413,0.307,0.591506056965236,"SURF1","3"
3.37436383102113e-05,0.304767040947161,0.516,0.389,0.607621695051975,"RIMS3","3"
3.38039821866187e-05,0.398705818768146,0.417,0.317,0.608708307234443,"AKT3","3"
3.44583474210338e-05,0.497503538637442,0.326,0.232,0.620491462010555,"MED10","3"
3.47019790063894e-05,0.37759417009665,0.406,0.304,0.624878535968054,"AMZ2","3"
3.48166194469319e-05,0.469317675286975,0.346,0.252,0.626942866380902,"BOLA3","3"
3.49552026888223e-05,0.512220677308952,0.289,0.202,0.629438334817622,"ACSL4","3"
3.5150168160571e-05,0.401318639684788,0.47,0.371,0.632949078067402,"NFE2L1","3"
3.5367329341855e-05,0.310528787271401,0.511,0.394,0.636859499458784,"TMX4","3"
3.56179131624951e-05,0.433661653037604,0.344,0.249,0.641371762317049,"SLC26A4-AS1","3"
3.57982801486416e-05,0.464310023862353,0.303,0.212,0.644619630636589,"LRP11","3"
3.59988705367064e-05,0.445580294148175,0.289,0.199,0.648231661754471,"NRBP1","3"
3.61261498729994e-05,0.403758540841952,0.399,0.296,0.650523580763101,"CMIP","3"
3.66219069547823e-05,0.330008932150762,0.404,0.296,0.659450678534765,"ABHD8","3"
3.69256862871314e-05,0.54878567992003,0.312,0.226,0.664920832972375,"MAGEE1","3"
3.69307350929094e-05,0.531930106202407,0.303,0.215,0.665011746818019,"RIPOR1","3"
3.69462467607659e-05,0.413964512497004,0.411,0.31,0.665291065421111,"CLCN4","3"
3.7167561559792e-05,0.549156849534106,0.307,0.222,0.669276281007175,"ACTL6B","3"
3.75661422967753e-05,0.553164258136029,0.291,0.206,0.676453524338033,"RAB5IF","3"
3.77199695009235e-05,0.489719841824925,0.452,0.362,0.67922349080313,"SPIN1","3"
3.82208411674246e-05,0.364394143420085,0.468,0.367,0.688242686901815,"BABAM1","3"
3.8395528456454e-05,0.382856709294896,0.482,0.377,0.691388280915368,"BRSK1","3"
3.84192941375303e-05,0.444041829549289,0.326,0.232,0.691816229534508,"STOML2","3"
3.90708391820388e-05,0.532972419130139,0.25,0.168,0.703548601150973,"JADE2","3"
3.93849407871749e-05,0.336254310301389,0.495,0.384,0.709204628754659,"PODXL2","3"
4.107950496066e-05,0.419566823151818,0.383,0.288,0.739718645826606,"UBE2K","3"
4.12165539435702e-05,0.368794868587121,0.431,0.328,0.742186486861868,"TUSC2","3"
4.14878020023085e-05,0.359060699117045,0.459,0.356,0.747070850655569,"EFR3A","3"
4.17108727671193e-05,0.325627868392792,0.454,0.345,0.751087685917517,"MAP2K4","3"
4.26442813352545e-05,0.392994223958896,0.424,0.323,0.767895574003928,"ARHGAP35","3"
4.31341170056309e-05,0.272005795619847,0.661,0.539,0.776716044920396,"RAB2A","3"
4.33358679332969e-05,0.475263398066514,0.328,0.237,0.780348973874878,"FBXL17","3"
4.38943615574699e-05,0.293098481221515,0.578,0.454,0.79040576856536,"CRMP1","3"
4.41621453104333e-05,0.330758267879813,0.452,0.343,0.795227750604972,"APMAP","3"
4.4266741992103e-05,0.342941033753768,0.466,0.356,0.797111223051799,"MFSD4A","3"
4.5107829462504e-05,0.526256736995813,0.282,0.196,0.81225668513131,"VTA1","3"
4.54233409920186e-05,0.34427603999488,0.491,0.39,0.817938101243278,"SNRNP25","3"
4.5451828094455e-05,0.45198129626311,0.307,0.217,0.818451068496851,"MCFD2","3"
4.5669715550818e-05,0.537550896182329,0.298,0.212,0.822374567923579,"PSMD12","3"
4.62380094524744e-05,0.47168955422795,0.314,0.225,0.832607836210707,"RXRB","3"
4.62979394070743e-05,0.469929096363513,0.273,0.187,0.833686994903187,"FBXL2","3"
4.73482349359726e-05,0.3196864607829,0.557,0.455,0.852599666492058,"PSMB3","3"
4.75291024246965e-05,0.544265115362218,0.257,0.176,0.85585654736151,"C12orf49","3"
4.79209756283521e-05,0.55377056583189,0.273,0.19,0.862913008139737,"BCKDK","3"
4.81280611527768e-05,0.395362670144861,0.466,0.372,0.866641997178051,"BRWD1","3"
4.96062904172873e-05,0.322210862198447,0.5,0.392,0.893260471544093,"CCT4","3"
4.96428158039986e-05,0.278244386585287,0.479,0.366,0.893918184182603,"RAPGEF4","3"
4.96802668922441e-05,0.50348062114303,0.298,0.211,0.894592565928639,"CKMT1B","3"
4.98966923005794e-05,0.468330542138035,0.266,0.182,0.898489738256534,"RALB","3"
5.00531400441294e-05,0.341034027302728,0.452,0.349,0.901306892774638,"SPTBN2","3"
5.04823632460347e-05,0.276230692150797,0.681,0.579,0.909035914971347,"CNTN1","3"
5.11782464691543e-05,0.496148879538679,0.303,0.217,0.921566684170061,"BECN1","3"
5.15493265875308e-05,0.500975867919556,0.33,0.242,0.928248723861666,"ZYX","3"
5.16799092864269e-05,0.368604416696987,0.417,0.318,0.930600126520689,"NUDT14","3"
5.20249940139574e-05,0.473077428352193,0.36,0.267,0.936814067209332,"STOML1","3"
5.20819543533619e-05,0.551628479260348,0.268,0.187,0.937839752040988,"ASPDH","3"
5.21105539596007e-05,0.421044056023292,0.372,0.277,0.93835474515053,"C6orf106","3"
5.28264392754681e-05,0.33267888697916,0.491,0.381,0.951245692033355,"RPL17","3"
5.35486870049143e-05,0.53704329222205,0.314,0.228,0.964251206897492,"HECTD1","3"
5.3683953720187e-05,0.326881426586134,0.468,0.356,0.966686954639407,"PSMA1","3"
5.53349840588544e-05,0.285276429997069,0.511,0.399,0.996417057947791,"EIF1AX","3"
5.53882005521643e-05,0.397408756207418,0.475,0.381,0.997375327342823,"GDI2","3"
5.61653829954624e-05,0.254687622765561,0.615,0.488,1,"SLIRP","3"
5.63549584054442e-05,0.509164259646613,0.252,0.171,1,"FNDC10","3"
5.67204008012577e-05,0.468386091299273,0.303,0.215,1,"TIMM50","3"
5.72596156427904e-05,0.319474689033398,0.47,0.362,1,"PCNP","3"
5.80068730149107e-05,0.265238676760524,0.534,0.414,1,"FBXO44","3"
5.83033259740881e-05,0.345857136968808,0.429,0.324,1,"CAB39","3"
5.93008018755353e-05,0.433609886947755,0.337,0.245,1,"PPM1L","3"
5.96798520526209e-05,0.455138377964102,0.369,0.279,1,"MAST1","3"
6.18555047604664e-05,0.425513508169117,0.307,0.217,1,"HINT2","3"
6.26521842868318e-05,0.480627710359209,0.278,0.194,1,"DENR","3"
6.5300532789619e-05,0.504952008359699,0.271,0.188,1,"VPS13D","3"
6.63148220182838e-05,0.429869378533323,0.312,0.223,1,"IMP4","3"
6.71707270049244e-05,0.542078882119348,0.259,0.179,1,"ZDHHC17","3"
6.71766864020309e-05,0.326026395203394,0.511,0.399,1,"SLC6A17","3"
6.71771902103566e-05,0.359930378080124,0.411,0.308,1,"HDDC2","3"
7.08370962622329e-05,0.347133293656079,0.493,0.392,1,"PIP5K1C","3"
7.09029145085818e-05,0.514151974349665,0.255,0.175,1,"TERF2","3"
7.11614915993302e-05,0.345409025444507,0.369,0.269,1,"FBXO41","3"
7.15205601369023e-05,0.637620478782678,0.252,0.176,1,"ALAS1","3"
7.1939389888735e-05,0.288199825203835,0.498,0.388,1,"TCP1","3"
7.20360524089227e-05,0.519685586757594,0.268,0.187,1,"RNF146","3"
7.29057784463803e-05,0.401963627884499,0.429,0.333,1,"RAD23B","3"
7.48483566852378e-05,0.347700836952497,0.484,0.385,1,"HLF","3"
7.50317871443033e-05,0.491383983761299,0.278,0.195,1,"MARCH2","3"
7.78756331707764e-05,0.294270575041531,0.56,0.452,1,"BNIP3L","3"
7.9136273061874e-05,0.466965738294617,0.268,0.186,1,"TFRC","3"
7.97007505418299e-05,0.340006445162496,0.532,0.42,1,"PDCD5","3"
8.01480808879457e-05,0.321482787400143,0.546,0.439,1,"AARS","3"
8.09436745619554e-05,0.326461538680322,0.537,0.434,1,"TCEAL7","3"
8.09533478189063e-05,0.409628586095699,0.383,0.288,1,"TFPT","3"
8.1421346231818e-05,0.46707292615758,0.335,0.246,1,"MCTS1","3"
8.32714736672201e-05,0.357108728399072,0.358,0.263,1,"MEIS3","3"
8.38586697057052e-05,0.357481857745082,0.484,0.388,1,"IDI1","3"
8.8690599376306e-05,0.277256652693447,0.438,0.33,1,"AP2A1","3"
9.15022674954425e-05,0.390769558844383,0.356,0.263,1,"CDKL5","3"
9.1717839934651e-05,0.34511582454097,0.335,0.241,1,"CACNA1A","3"
9.34432875730998e-05,0.417241770205574,0.351,0.26,1,"DDHD2","3"
9.40006498793414e-05,0.464672920365559,0.287,0.203,1,"CHURC1","3"
9.40411546947095e-05,0.369643389833174,0.454,0.355,1,"UBE2B","3"
9.51100191387492e-05,0.319440958350437,0.431,0.326,1,"DLGAP4","3"
9.59242088850543e-05,0.427669141655912,0.296,0.21,1,"SEC31A","3"
9.59379264240463e-05,0.496058457729148,0.259,0.18,1,"FRMPD4","3"
9.64587800211668e-05,0.383364777622631,0.328,0.236,1,"MRPS11","3"
9.67285279770617e-05,0.444354390182828,0.356,0.266,1,"RFK","3"
9.75207592714715e-05,0.397750354920498,0.404,0.309,1,"MYH10","3"
9.82598898547784e-05,0.31957851098743,0.461,0.358,1,"SRSF3","3"
9.94732872238345e-05,0.496122558990612,0.284,0.203,1,"BRI3BP","3"
9.97230477161556e-05,0.447201471947,0.335,0.246,1,"HSPA13","3"
9.9856912331704e-05,0.331284011639709,0.454,0.353,1,"OLA1","3"
0.000101141304833366,0.551173484704396,0.252,0.175,1,"MKKS","3"
0.00010167339111888,0.310810849877783,0.472,0.367,1,"TRAPPC2L","3"
0.000102899835095446,0.342896944077425,0.383,0.285,1,"DGCR6L","3"
0.000103120020326118,0.436188683603601,0.337,0.25,1,"TBC1D9","3"
0.000103288135922715,0.340911671289858,0.401,0.302,1,"ATRX","3"
0.000103426653002298,0.35680119193492,0.475,0.373,1,"EHD3","3"
0.000103664811654711,0.295861905432879,0.452,0.35,1,"PIANP","3"
0.000105083651443138,0.33745074025874,0.385,0.288,1,"BCAP29","3"
0.000106431741868237,0.356004140683706,0.436,0.338,1,"PTPN11","3"
0.000107069682807645,0.432348662595782,0.358,0.268,1,"RAB5A","3"
0.000107347616858147,0.327125550450304,0.454,0.355,1,"CTNNA2","3"
0.000108583205699231,0.37483453650045,0.404,0.307,1,"BCL2L2","3"
0.000109723521072556,0.345175172862095,0.424,0.326,1,"DTX3","3"
0.000110211817887259,0.481302216382136,0.275,0.194,1,"B4GALT6","3"
0.000111756197611248,0.334899554729407,0.392,0.294,1,"KCTD17","3"
0.000113332499840248,0.290016249794921,0.544,0.435,1,"RPS19BP1","3"
0.000118522153931028,0.522396516257648,0.278,0.199,1,"CCDC184","3"
0.000118821631334551,0.356004140683706,0.433,0.338,1,"NOP53","3"
0.000118882856982068,0.274202074952087,0.507,0.395,1,"MAGED2","3"
0.000119868800586773,0.38675202619831,0.335,0.243,1,"HARS","3"
0.000120680666098601,0.364325075888057,0.523,0.43,1,"DCTN3","3"
0.000121661438280789,0.528273082594318,0.282,0.204,1,"NT5DC3","3"
0.000122254470201655,0.377945518486799,0.411,0.317,1,"LSAMP","3"
0.000127317403727907,0.338555354403445,0.454,0.355,1,"PPP1R9B","3"
0.00013059447591857,0.352295411029747,0.484,0.384,1,"EGFL7","3"
0.000131326263327991,0.29089222159903,0.615,0.51,1,"MAPT","3"
0.000131422149083016,0.449755873819519,0.252,0.174,1,"ARMCX2","3"
0.000134142789695138,0.476453548785486,0.328,0.246,1,"KCNQ5","3"
0.000136224486169397,0.404723730359146,0.339,0.251,1,"KPNA4","3"
0.000140253904007481,0.437312144781413,0.264,0.184,1,"EHBP1","3"
0.000140537583636383,0.351585578554898,0.353,0.26,1,"SC5D","3"
0.000141694727710411,0.483325676540343,0.291,0.211,1,"NPTX2","3"
0.000143376221824401,0.457403416745798,0.287,0.205,1,"CLCN6","3"
0.000144264243036932,0.364774350311438,0.484,0.397,1,"JPT1","3"
0.000144858687422704,0.41978845231592,0.385,0.296,1,"HIVEP2","3"
0.000145840768789181,0.301649316950209,0.411,0.31,1,"EXOSC6","3"
0.000146748742598083,0.399843142469845,0.335,0.247,1,"STRBP","3"
0.00014713816984211,0.562370859800746,0.261,0.186,1,"FAM81A","3"
0.000148580486785429,0.264112890483429,0.626,0.52,1,"NDUFS8","3"
0.000150616759515993,0.399256024732211,0.422,0.331,1,"FBXL15","3"
0.000151495730804633,0.375952948154499,0.45,0.358,1,"NRXN3","3"
0.000151790484084007,0.350901331448439,0.484,0.392,1,"ACTR1A","3"
0.000155895496145786,0.392994223958896,0.415,0.323,1,"TPGS2","3"
0.000157543492887049,0.293185217263439,0.486,0.383,1,"CUEDC2","3"
0.000157847808661117,0.386116771910747,0.369,0.28,1,"MRPL52","3"
0.000162438733197978,0.269084840171253,0.525,0.412,1,"ATCAY","3"
0.000162484862948236,0.438774931755215,0.333,0.247,1,"SNPH","3"
0.000163261110678118,0.483418846810057,0.358,0.279,1,"PUM1","3"
0.000163868233512657,0.390238668298967,0.422,0.331,1,"AP3S1","3"
0.000164582909314305,0.325305245332502,0.372,0.276,1,"LAMTOR2","3"
0.000165348040573604,0.346684854487347,0.339,0.247,1,"NR1D1","3"
0.000166858771382278,0.393533343292862,0.356,0.268,1,"NDEL1","3"
0.000169574495979461,0.51550578652044,0.328,0.25,1,"TAF9","3"
0.000169599368701167,0.346584631836168,0.408,0.316,1,"DOCK3","3"
0.000173678531904992,0.457416485049964,0.291,0.211,1,"GSTA4","3"
0.000174558700399244,0.36109869216804,0.399,0.304,1,"PDAP1","3"
0.000175022571753214,0.368578426453209,0.397,0.308,1,"CCT5","3"
0.000175284363321338,0.426659345967672,0.298,0.215,1,"SPATS2L","3"
0.000176479947241524,0.389344674737555,0.356,0.265,1,"UHMK1","3"
0.000176656962140876,0.298661678297974,0.47,0.365,1,"GRM3","3"
0.000183024047908781,0.482744742736946,0.259,0.182,1,"RYR2","3"
0.000184011094867124,0.265238676760524,0.693,0.588,1,"SNU13","3"
0.000186109044212241,0.394052142833684,0.321,0.234,1,"CFDP1","3"
0.00018845096460043,0.376830367886509,0.388,0.296,1,"LRRC47","3"
0.000189794926733375,0.294986020154576,0.495,0.395,1,"MADD","3"
0.000191867012885696,0.314974208302179,0.44,0.344,1,"AP3D1","3"
0.00019698802667252,0.28879846614355,0.585,0.478,1,"ATP6V1H","3"
0.000200945466412142,0.306426722975551,0.495,0.389,1,"CAPZA2","3"
0.000209442371775959,0.299818908470668,0.385,0.29,1,"NDUFA7","3"
0.000210170535153006,0.380315201207217,0.427,0.343,1,"FAM173A","3"
0.000213957729316046,0.293203685296503,0.378,0.283,1,"CSRNP3","3"
0.000215345067486249,0.456827222220044,0.271,0.193,1,"C19orf12","3"
0.000215353705168553,0.308975467680736,0.438,0.34,1,"ZER1","3"
0.000215815308950936,0.327157710214036,0.436,0.343,1,"OPCML","3"
0.00021733719521035,0.28146713855241,0.5,0.399,1,"CDK5R2","3"
0.000217850635565087,0.43301840637128,0.264,0.186,1,"IFIT1","3"
0.00021890695924236,0.293125634511765,0.592,0.5,1,"CTNNB1","3"
0.000219255719698274,0.461729234654215,0.307,0.225,1,"RABGAP1L","3"
0.000221095073798734,0.531907077062057,0.287,0.212,1,"MAEA","3"
0.000221287975903887,0.349092728079169,0.36,0.269,1,"CRY2","3"
0.000221572166335321,0.384477812976659,0.385,0.297,1,"OPA1","3"
0.000223023521653715,0.287015619155775,0.557,0.453,1,"SSU72","3"
0.000224291847445961,0.298124217623435,0.521,0.422,1,"HNRNPA0","3"
0.000225933129359754,0.251286004750281,0.569,0.453,1,"NDUFB3","3"
0.000229822953991377,0.425865933620746,0.335,0.252,1,"MRPS23","3"
0.000230990699808247,0.279954406962763,0.599,0.5,1,"CTBP1","3"
0.000235392038616249,0.286190178306219,0.495,0.395,1,"RAD23A","3"
0.000238374907275047,0.318480698037503,0.509,0.422,1,"PET100","3"
0.000239762217490516,0.315649000373557,0.381,0.286,1,"HCN2","3"
0.0002412830387895,0.509164259646613,0.287,0.211,1,"MRPL37","3"
0.000243773923362263,0.398589063303682,0.353,0.268,1,"WARS","3"
0.000244386529072084,0.363323676442713,0.466,0.378,1,"ATP6V1G1","3"
0.000244817674572172,0.368743252514384,0.372,0.282,1,"MEAF6","3"
0.000244848778844954,0.296947536487862,0.456,0.361,1,"HMOX2","3"
0.000244929140335717,0.344577636324611,0.369,0.279,1,"DUSP8","3"
0.000245015303422805,0.338256663212536,0.394,0.298,1,"TMEM246","3"
0.00025200793746109,0.361914696172198,0.374,0.287,1,"RAPGEF2","3"
0.000254636205373691,0.457342913069261,0.257,0.182,1,"GLRX","3"
0.000260198560862978,0.42570334895377,0.333,0.25,1,"NECAB3","3"
0.000264737227864585,0.385294428778232,0.445,0.35,1,"FKBP4","3"
0.000269584835559813,0.321822205126892,0.406,0.313,1,"GRIA3","3"
0.00027701466125771,0.285906726243714,0.674,0.589,1,"SIRPA","3"
0.000277282980259532,0.265238676760524,0.479,0.381,1,"FHL1","3"
0.000278619349179467,0.258519078954156,0.569,0.464,1,"NDUFV2","3"
0.000278924540977475,0.362228666802575,0.358,0.271,1,"NT5C3B","3"
0.000279800652131751,0.475045094018994,0.289,0.213,1,"HERC2","3"
0.000281757347663945,0.259811604376196,0.596,0.486,1,"SREBF2","3"
0.000282814394064013,0.3000040949212,0.493,0.397,1,"KCNMB4","3"
0.00028292473749626,0.3528533247181,0.374,0.285,1,"TOP2B","3"
0.000284940411130624,0.369966653088768,0.333,0.246,1,"PTPN5","3"
0.000290392439879681,0.319823814526127,0.401,0.309,1,"HNRNPUL2","3"
0.000295687076027998,0.29438502242004,0.392,0.298,1,"MOCS2","3"
0.000296141196115261,0.367118290779737,0.385,0.297,1,"NOVA1","3"
0.000302254183932002,0.365150492939273,0.287,0.206,1,"CGREF1","3"
0.00030497725328605,0.411346648537312,0.369,0.287,1,"MRPS7","3"
0.000309913362401779,0.344673144254929,0.372,0.282,1,"EIF4E","3"
0.000310614849859935,0.449471514886719,0.328,0.249,1,"COPS4","3"
0.000316082900806925,0.435738113822963,0.305,0.225,1,"TMEM63B","3"
0.000318998440253827,0.305191530582771,0.484,0.388,1,"ITPR1","3"
0.000319939586776452,0.279274736447385,0.438,0.34,1,"TGFBR3L","3"
0.000320292476565926,0.280345569150732,0.493,0.394,1,"FDFT1","3"
0.000322877305551346,0.353977527474747,0.452,0.366,1,"PPP1R7","3"
0.000328724349954512,0.331701836939742,0.394,0.302,1,"MRPL12","3"
0.000331523629001928,0.3309363093272,0.491,0.406,1,"HABP4","3"
0.000331770584868188,0.376428535777362,0.353,0.27,1,"STX7","3"
0.000333405494142975,0.484880487080937,0.259,0.186,1,"FAXC","3"
0.00033878966449697,0.308375180138522,0.401,0.311,1,"PRMT2","3"
0.000338865097841585,0.371782147863619,0.36,0.277,1,"RANBP1","3"
0.00033892462166413,0.366096104907683,0.369,0.282,1,"CACNB1","3"
0.00034158400917462,0.402132052461234,0.356,0.275,1,"CSNK1E","3"
0.000348805525667473,0.338302138950247,0.323,0.238,1,"CCNDBP1","3"
0.000350026708274927,0.467585155895214,0.264,0.191,1,"RAB26","3"
0.000351420836820393,0.366460726939325,0.374,0.288,1,"DNAJA2","3"
0.000354479005885248,0.277989378783978,0.532,0.434,1,"DRAP1","3"
0.000360655611060857,0.442825379910903,0.321,0.244,1,"PAM","3"
0.000361224470295276,0.349115937645541,0.353,0.269,1,"MFN2","3"
0.000363385707313368,0.279602377075849,0.484,0.388,1,"DDB1","3"
0.000364883862497916,0.476942090518604,0.255,0.183,1,"PPA2","3"
0.00037218843450471,0.384471098504257,0.342,0.262,1,"IDH3A","3"
0.000377220349893993,0.39359283771191,0.344,0.261,1,"DEXI","3"
0.000377615169478439,0.381119388810663,0.3,0.22,1,"SMIM10L2A","3"
0.000383183028385068,0.435163678202836,0.284,0.208,1,"COPS3","3"
0.000390811812706174,0.424409050151832,0.287,0.209,1,"GGNBP2","3"
0.000395727083832756,0.298661678297974,0.463,0.369,1,"SMIM29","3"
0.000402982066295673,0.336512279911533,0.383,0.292,1,"EPHA4","3"
0.000404585385784196,0.486706589868674,0.261,0.19,1,"MPI","3"
0.000404621784528911,0.353488542764923,0.365,0.28,1,"FDX2","3"
0.000406652685994448,0.459847941583434,0.278,0.204,1,"CERK","3"
0.000409805470286571,0.383581227874849,0.346,0.265,1,"UBE2Q1","3"
0.000414456181539634,0.303768369459025,0.431,0.339,1,"LDOC1","3"
0.000417848447793913,0.3733412840699,0.36,0.275,1,"NAT14","3"
0.000428555009513367,0.346354411244981,0.367,0.281,1,"CLPTM1L","3"
0.000432195813457435,0.305751451187398,0.511,0.422,1,"COA3","3"
0.000432582396018216,0.351723690840754,0.335,0.251,1,"DNAJA4","3"
0.000433252883942945,0.333284064183623,0.431,0.345,1,"GLO1","3"
0.00043447125610003,0.277132355341777,0.397,0.305,1,"NDUFS4","3"
0.000439066603048825,0.403040926060939,0.314,0.234,1,"EIF3J","3"
0.000439728839536918,0.346263173613906,0.342,0.257,1,"ADAM22","3"
0.000445362578180598,0.31414827724147,0.42,0.33,1,"AGAP2","3"
0.000451429214725936,0.317327187908978,0.472,0.385,1,"BTBD2","3"
0.000464038644833622,0.374890679544418,0.408,0.324,1,"UBQLN2","3"
0.000471868191240382,0.341292916972275,0.365,0.277,1,"ACLY","3"
0.000475266010325434,0.412080065089795,0.344,0.264,1,"TCEAL5","3"
0.000486443030612136,0.495201260988669,0.264,0.194,1,"CDKN2AIPNL","3"
0.000492707945873745,0.302619410836318,0.383,0.295,1,"SGTB","3"
0.000494834071318357,0.291489568952248,0.55,0.451,1,"PAIP2","3"
0.000510996857075161,0.327395152823093,0.335,0.252,1,"EXOC7","3"
0.000511726948302522,0.281426168222912,0.433,0.341,1,"KLC2","3"
0.000517950257108352,0.30347970883385,0.413,0.327,1,"SLC38A2","3"
0.00052232993207687,0.369532704372987,0.291,0.213,1,"CCND3","3"
0.000526788516201939,0.297660154452901,0.397,0.306,1,"BAP1","3"
0.00052718046418786,0.336940142114712,0.335,0.252,1,"NDUFA9","3"
0.000528440804517717,0.38131955753957,0.328,0.248,1,"PMM1","3"
0.000529024627779615,0.366290582758818,0.337,0.256,1,"CTIF","3"
0.000535971558477284,0.419684946133903,0.356,0.277,1,"CCT8","3"
0.000544489113911349,0.311820812969392,0.489,0.402,1,"MAZ","3"
0.000544700264962695,0.312544391538881,0.365,0.278,1,"PPP5C","3"
0.000553669292095135,0.413489635344466,0.266,0.192,1,"DPF1","3"
0.000566312784836909,0.37592447482816,0.323,0.246,1,"DLD","3"
0.000567663215054812,0.431070923568953,0.268,0.197,1,"KCNIP3","3"
0.000580423770775347,0.480595107449842,0.25,0.181,1,"MTMR6","3"
0.000581077997337961,0.371609980560928,0.282,0.205,1,"MRPL36","3"
0.000584530342833823,0.29438502242004,0.502,0.41,1,"RUFY3","3"
0.000593919754960048,0.400265470218246,0.358,0.282,1,"IP6K1","3"
0.000594463808568683,0.382907441071412,0.349,0.27,1,"POLR3H","3"
0.000594689919403511,0.409314854433945,0.252,0.18,1,"SLITRK5","3"
0.000600974526369901,0.296860655933749,0.438,0.349,1,"FDPS","3"
0.000610086624039044,0.395437399887226,0.36,0.282,1,"FBXO11","3"
0.000611802993809554,0.252199381689366,0.456,0.361,1,"NRXN2","3"
0.00061887529278599,0.255224888132505,0.539,0.432,1,"PLCB1","3"
0.000619593492868962,0.305103137638463,0.337,0.253,1,"RPL7L1","3"
0.000628789961086919,0.303223763562402,0.365,0.28,1,"MEF2A","3"
0.000632332319812766,0.382166700670121,0.307,0.23,1,"SFXN3","3"
0.000635505806782591,0.282137201333892,0.427,0.338,1,"FAM168A","3"
0.000646438922581242,0.28058664109396,0.374,0.286,1,"MRFAP1L1","3"
0.000672936166270036,0.453053837098725,0.28,0.209,1,"TTC19","3"
0.000680048617683386,0.388297073164862,0.31,0.234,1,"IARS","3"
0.000693281736571032,0.304601109031297,0.33,0.248,1,"GAS6","3"
0.000697816625894087,0.316484917075948,0.456,0.375,1,"GDA","3"
0.000699739805446698,0.477069405238603,0.294,0.221,1,"CUL3","3"
0.000704674004437524,0.385480111889385,0.36,0.281,1,"TSC22D3","3"
0.000712983735249531,0.291384645003192,0.415,0.326,1,"C14orf132","3"
0.000714831849097108,0.333563949324714,0.408,0.323,1,"PPME1","3"
0.00072324122322744,0.254425691272891,0.491,0.403,1,"UBQLN1","3"
0.000730423532722523,0.260110000755448,0.44,0.343,1,"CDK16","3"
0.000731389739433414,0.337249921675912,0.344,0.264,1,"MPHOSPH8","3"
0.000732709611461313,0.448419774905103,0.25,0.181,1,"MAP3K13","3"
0.000738888090560386,0.417241770205574,0.303,0.229,1,"ARL2BP","3"
0.000746206424693651,0.300862586491245,0.479,0.392,1,"ADAR","3"
0.000752182115516564,0.504245811947868,0.252,0.186,1,"RNMT","3"
0.000757455669332183,0.428284869817331,0.319,0.246,1,"NSFL1C","3"
0.000763409326631467,0.397794870317226,0.268,0.196,1,"LAMTOR3","3"
0.000767583114065677,0.258901129521009,0.468,0.376,1,"PSMD4","3"
0.000771374397900766,0.336174583571469,0.372,0.287,1,"ADCY2","3"
0.000786255726238737,0.360097863101965,0.321,0.245,1,"NOP56","3"
0.000787479184596068,0.374467746515282,0.317,0.24,1,"PITPNB","3"
0.000789418221800486,0.385148140495721,0.296,0.222,1,"HSPA1B","3"
0.000792366405698076,0.365871039867015,0.291,0.217,1,"ORC4","3"
0.000792653954844436,0.30588066125787,0.369,0.284,1,"AP1B1","3"
0.000800742382322679,0.319131684755726,0.314,0.235,1,"RNF145","3"
0.000806195902303538,0.266728294901011,0.532,0.431,1,"CCT7","3"
0.000808717616060991,0.389245316715393,0.33,0.254,1,"GRAMD1B","3"
0.000811653986669115,0.275731050578166,0.443,0.353,1,"EIF4G3","3"
0.000816521203061679,0.312335683395169,0.353,0.271,1,"COPG1","3"
0.000816930492382346,0.254630577194543,0.479,0.382,1,"FAM168B","3"
0.000834730734836936,0.253104921124669,0.509,0.412,1,"PSMC3","3"
0.000835469280007859,0.2577441402136,0.459,0.365,1,"HSPD1","3"
0.000839638038164684,0.377713406018936,0.284,0.211,1,"SAMM50","3"
0.00084318984193462,0.31388783946824,0.36,0.279,1,"BHLHE40","3"
0.000847592782581713,0.435857448372921,0.261,0.193,1,"PLXNA1","3"
0.000858054823952492,0.290141348292457,0.413,0.329,1,"SNHG8","3"
0.000858562222975516,0.288764179215186,0.42,0.332,1,"SEMA6B","3"
0.000863971948333829,0.376078916366936,0.303,0.229,1,"PPP1R2","3"
0.000865521018551952,0.450156392678309,0.264,0.195,1,"CADM1","3"
0.000871713253829141,0.384307308214686,0.317,0.241,1,"COA6","3"
0.000872528507167476,0.27603073351131,0.436,0.342,1,"ELMOD1","3"
0.000877328434958661,0.322954174616811,0.417,0.334,1,"ARF5","3"
0.000883244540760537,0.378293017774443,0.31,0.234,1,"CYB5B","3"
0.000894944072285118,0.353775351362181,0.365,0.285,1,"CCDC136","3"
0.000903375804346186,0.338700838701545,0.356,0.277,1,"KIAA1191","3"
0.000903386740790304,0.293687106389893,0.427,0.341,1,"ST8SIA3","3"
0.000921127186253342,0.393562773736063,0.284,0.212,1,"GRM5","3"
0.000921378071477381,0.365954790885318,0.275,0.202,1,"PIP4P1","3"
0.000926742067708558,0.350485963379035,0.351,0.272,1,"SLC30A9","3"
0.000929332981492933,0.359499408270764,0.358,0.281,1,"C11orf68","3"
0.000941321937331173,0.344367326545063,0.337,0.258,1,"ZBTB7A","3"
0.000944426823137057,0.2566766632571,0.541,0.45,1,"PTPA","3"
0.000948152832550747,0.262964925240403,0.518,0.429,1,"RAP1GDS1","3"
0.000951299473095197,0.373614837805316,0.307,0.233,1,"POP7","3"
0.000954980425191193,0.261627423208145,0.468,0.375,1,"MEA1","3"
0.000988806734741094,0.257926471340653,0.346,0.261,1,"CHPF","3"
0.00100156082547094,0.353369587039189,0.275,0.204,1,"MESP1","3"
0.00100193586307321,0.306817780511923,0.45,0.363,1,"TM2D3","3"
0.00100670045844765,0.383670166461046,0.268,0.198,1,"OCIAD2","3"
0.00100758522569715,0.438387579077123,0.278,0.209,1,"TIMM23","3"
0.00101426434334284,0.281593289610826,0.394,0.307,1,"SRM","3"
0.00102914230133546,0.282428438058039,0.383,0.299,1,"THOC7","3"
0.0010323320409329,0.304729727777691,0.346,0.266,1,"ACTR3B","3"
0.00103899377369791,0.428581027812868,0.252,0.185,1,"DAGLA","3"
0.00103918328049166,0.366522012597705,0.404,0.326,1,"R3HDM1","3"
0.00103935247027325,0.392430693214304,0.307,0.235,1,"NR1D2","3"
0.00104494376168829,0.309632796118978,0.388,0.305,1,"TRIM44","3"
0.00104697304929028,0.37740641696769,0.261,0.192,1,"AKAP9","3"
0.00104896234731344,0.395237493790077,0.291,0.219,1,"DPY30","3"
0.00105526804765805,0.270975046309668,0.404,0.317,1,"PDK2","3"
0.00106395333810287,0.335907623809865,0.275,0.202,1,"SGCB","3"
0.00112002647557338,0.431923849666591,0.275,0.207,1,"PIGQ","3"
0.00112812564550725,0.341651792279692,0.328,0.252,1,"CPNE5","3"
0.00112874147955264,0.303617609749301,0.475,0.385,1,"ARPC5L","3"
0.00114679540986868,0.345816192607554,0.282,0.21,1,"IQSEC3","3"
0.001148541084265,0.407002585700736,0.264,0.196,1,"FAM126B","3"
0.00114855196144018,0.281092627961361,0.36,0.279,1,"FBXW11","3"
0.00116336465998516,0.438254947953987,0.282,0.214,1,"VPS53","3"
0.00116357225495725,0.251249689495943,0.532,0.44,1,"UBE2D3","3"
0.0011743107619061,0.263816601691326,0.346,0.264,1,"TXNDC17","3"
0.00118581326781395,0.27244616073144,0.5,0.407,1,"ENTPD6","3"
0.00118823969231127,0.462540117134141,0.255,0.19,1,"EHMT2","3"
0.00119653102540165,0.341321069591353,0.3,0.227,1,"ANKRD46","3"
0.00120235326197912,0.317706096654659,0.351,0.273,1,"HUWE1","3"
0.00121303049863876,0.358841394557697,0.273,0.202,1,"SRSF8","3"
0.00121520521307869,0.300172466869911,0.397,0.313,1,"BZW1","3"
0.00122667068632987,0.348748926385363,0.413,0.338,1,"PRKACA","3"
0.0012298021238556,0.39452169370549,0.282,0.213,1,"MAGEF1","3"
0.00123162107315189,0.347700836952497,0.319,0.245,1,"BLOC1S2","3"
0.00123477407256941,0.413561423717625,0.287,0.219,1,"APOL2","3"
0.00124536652589093,0.292337869544388,0.388,0.307,1,"BAG1","3"
0.00125911259586578,0.324980760452414,0.356,0.277,1,"CAMK1","3"
0.0012677054432577,0.367281205922013,0.294,0.221,1,"MATK","3"
0.00127494997410985,0.252754090989199,0.516,0.42,1,"GRIN2A","3"
0.00127686988498109,0.288697649584513,0.472,0.388,1,"HACD3","3"
0.00127688937533153,0.340275730285236,0.333,0.256,1,"UBA2","3"
0.00127967758754901,0.261515590717806,0.452,0.368,1,"CHP1","3"
0.00129000997719162,0.27118794309171,0.436,0.351,1,"NCAM2","3"
0.00129159382875964,0.341819479272487,0.385,0.307,1,"PSMC6","3"
0.00129266187292686,0.361501919699212,0.333,0.258,1,"DNAJB14","3"
0.00130103136200278,0.413761201470612,0.275,0.208,1,"UBE2W","3"
0.00130297072754127,0.389984418666698,0.319,0.248,1,"RUVBL2","3"
0.00131537198188127,0.337015878776165,0.344,0.266,1,"DACT3","3"
0.00131669666378581,0.338910588641223,0.307,0.234,1,"FMR1","3"
0.00131961851070284,0.270154167174641,0.385,0.302,1,"LMTK2","3"
0.00132038105432028,0.339445048810297,0.257,0.188,1,"DPP8","3"
0.00134517769719939,0.296774250193631,0.365,0.283,1,"UQCC2","3"
0.00135526486492861,0.322724171421284,0.261,0.191,1,"TIPRL","3"
0.00136228855351327,0.275807918470711,0.466,0.377,1,"TMEM14A","3"
0.00136840647800073,0.413452680592459,0.317,0.248,1,"STAU2","3"
0.00141862338873351,0.250623139456256,0.523,0.435,1,"MRPL20","3"
0.00145384087162219,0.336791937785558,0.356,0.281,1,"ZBTB4","3"
0.00146287303580467,0.281503731123308,0.411,0.328,1,"SMIM26","3"
0.00147243451581046,0.320708975409435,0.362,0.286,1,"MRPL21","3"
0.00148289262130672,0.300331459352124,0.397,0.315,1,"SHISA5","3"
0.00150235764884412,0.327780142829237,0.394,0.316,1,"RBFOX2","3"
0.00150357437740551,0.330931217950523,0.319,0.245,1,"COPS5","3"
0.00151737106322022,0.309774577362361,0.319,0.244,1,"AP1S2","3"
0.00152686608829898,0.273016027352243,0.438,0.36,1,"FBXW5","3"
0.00152879516037743,0.290832858177366,0.399,0.318,1,"LPCAT4","3"
0.0015518863300698,0.256930249613263,0.385,0.305,1,"SAT2","3"
0.00156812671340328,0.305131403884036,0.335,0.259,1,"CMTM4","3"
0.0015860504932028,0.272988176365459,0.468,0.387,1,"CDC37","3"
0.00158708644628279,0.339067088618693,0.3,0.229,1,"ZRANB2","3"
0.00159825485473966,0.322554192623928,0.358,0.28,1,"USP7","3"
0.00159948698316457,0.319863185844785,0.317,0.243,1,"ACTN2","3"
0.00160003284651669,0.34456112942193,0.319,0.246,1,"UBE2E2","3"
0.00160363700541786,0.251941854147066,0.424,0.338,1,"ANXA7","3"
0.00160538572808753,0.395006551730854,0.255,0.189,1,"PIM3","3"
0.0016231131592216,0.326910787550813,0.411,0.333,1,"TXNL1","3"
0.00163229686834598,0.423420345134698,0.264,0.199,1,"KEAP1","3"
0.00163974865791456,0.368020821332093,0.287,0.218,1,"FAM32A","3"
0.00164439184783157,0.26199301725687,0.408,0.324,1,"SLC4A10","3"
0.0016529525085011,0.348282217190423,0.289,0.22,1,"PJA1","3"
0.00167222624790309,0.294052374265261,0.362,0.282,1,"UBE2I","3"
0.00169605776168153,0.39264440646482,0.28,0.213,1,"POLR2B","3"
0.00170351049543856,0.413561423717625,0.282,0.215,1,"NF1","3"
0.00170356972390339,0.288617615464838,0.376,0.298,1,"CAND1","3"
0.00172758054636806,0.354977296812766,0.303,0.233,1,"EPB41L4A-AS1","3"
0.00173126361920229,0.390769558844383,0.273,0.207,1,"KIAA0319L","3"
0.00174388842507214,0.463019733928829,0.261,0.198,1,"NCBP2-AS2","3"
0.00175956921445465,0.354289864577652,0.282,0.213,1,"SMIM10L1","3"
0.00176247604904637,0.413853171957424,0.257,0.192,1,"CSE1L","3"
0.00176448203748814,0.38794166828023,0.275,0.208,1,"PELI3","3"
0.00179031264199217,0.38785796342448,0.273,0.207,1,"AACS","3"
0.00184563162872447,0.259631615521176,0.404,0.321,1,"PSMB2","3"
0.00184879374141235,0.288697649584513,0.404,0.324,1,"ERP29","3"
0.0019135120585534,0.367900451298158,0.314,0.244,1,"AP3B2","3"
0.00193362712165498,0.302021465802235,0.36,0.285,1,"UBE2Z","3"
0.00195481303615533,0.468877673820551,0.264,0.202,1,"TMEM8B","3"
0.0019791550149461,0.297545513820246,0.298,0.226,1,"GRK3","3"
0.00198054359382609,0.426519583793585,0.291,0.227,1,"RAP1GAP2","3"
0.00198252177949349,0.277893977566553,0.413,0.336,1,"BAG6","3"
0.00199567046031043,0.405416334808784,0.273,0.207,1,"BTRC","3"
0.00201467541945623,0.483629167539475,0.259,0.198,1,"MARK4","3"
0.00202154645548765,0.264281029834628,0.445,0.357,1,"ZNF358","3"
0.00203364692671208,0.307883014169018,0.378,0.302,1,"WRB","3"
0.00203640224302402,0.423936422779582,0.257,0.194,1,"CDC123","3"
0.00204192683042519,0.412621109551748,0.255,0.192,1,"NPM2","3"
0.00208397262736239,0.274678372646829,0.415,0.334,1,"FIBP","3"
0.00208673545255696,0.375374183444678,0.314,0.244,1,"CISD2","3"
0.00215218781736399,0.313394714915176,0.273,0.204,1,"RTN4RL2","3"
0.00217417801762451,0.277496142515809,0.378,0.298,1,"TCAF1","3"
0.00219544369057691,0.359130241670426,0.31,0.241,1,"ARL4C","3"
0.00224595348287999,0.422854536683971,0.25,0.188,1,"METTL5","3"
0.00224959960844231,0.401398700452893,0.303,0.237,1,"NNT","3"
0.00225124505962806,0.359156540148162,0.255,0.19,1,"LSM14B","3"
0.00226716381741215,0.297764580281972,0.321,0.248,1,"GDAP1","3"
0.00237613087131363,0.371871525251751,0.271,0.205,1,"SPSB3","3"
0.00240311408885819,0.360353217042382,0.264,0.199,1,"FAM20B","3"
0.00241526659394848,0.330564924638468,0.261,0.195,1,"UBE2O","3"
0.00242376636902181,0.270907426847216,0.337,0.262,1,"NEURL1","3"
0.00243332910982657,0.297094945810652,0.298,0.227,1,"TULP4","3"
0.00244117080657956,0.31670172045829,0.36,0.289,1,"FAM192A","3"
0.00244958561522959,0.307943127714762,0.314,0.243,1,"NPTX1","3"
0.00246950040670786,0.37694906425754,0.323,0.256,1,"MTX2","3"
0.00247706660887445,0.361680549447527,0.333,0.265,1,"DDA1","3"
0.00250842188834351,0.393485646952966,0.282,0.217,1,"EXTL1","3"
0.00256064304341517,0.326063869456567,0.388,0.316,1,"GNAZ","3"
0.00262494495502962,0.352489870531442,0.282,0.216,1,"SIN3B","3"
0.00271677035998445,0.265238676760524,0.383,0.306,1,"SF3B5","3"
0.00272646091588354,0.390769558844383,0.275,0.211,1,"NIPSNAP1","3"
0.00274628978578099,0.367281205922013,0.284,0.219,1,"SEC23A","3"
0.00276088410837557,0.351775427228519,0.294,0.226,1,"MICU1","3"
0.00277459417677489,0.367685945731342,0.252,0.19,1,"C16orf58","3"
0.00278876129669001,0.369395908051816,0.271,0.207,1,"PPP2R2A","3"
0.00278983909239136,0.283421210725596,0.342,0.268,1,"LMBRD2","3"
0.00285187195233715,0.289630919365668,0.33,0.259,1,"MLST8","3"
0.00288584658930356,0.341757697586466,0.323,0.254,1,"ACOT8","3"
0.00289376083974469,0.281864995347933,0.307,0.238,1,"CCAR2","3"
0.00293609489038177,0.316768977400606,0.3,0.233,1,"FOXO3","3"
0.00293681680154928,0.444540815285364,0.28,0.219,1,"SATB2","3"
0.00295971773037408,0.377380181617204,0.294,0.23,1,"RIMS1","3"
0.00298540939851004,0.282196005160458,0.45,0.378,1,"PPP2R2B","3"
0.00303865861967129,0.316658768085332,0.252,0.189,1,"PSMD11","3"
0.00305919582928867,0.32803380349642,0.337,0.269,1,"NOMO1","3"
0.00306685090390934,0.256136469653271,0.431,0.352,1,"ATPAF1","3"
0.00306926753345242,0.33713159524231,0.289,0.223,1,"MRPS36","3"
0.00313511761464707,0.285239876922061,0.411,0.336,1,"ERLEC1","3"
0.00314017449167886,0.412636195533259,0.271,0.208,1,"PSMA3","3"
0.00316656455589619,0.269677741927021,0.394,0.321,1,"HSD11B1L","3"
0.00321228254839978,0.251769971732984,0.413,0.334,1,"ACSL6","3"
0.00321540586119189,0.315953741906571,0.353,0.285,1,"NUTF2","3"
0.00326763091289345,0.388095424546057,0.282,0.219,1,"SUPT16H","3"
0.0032744001296588,0.327635213898391,0.264,0.199,1,"WTAP","3"
0.00327612392250639,0.290329657723354,0.342,0.27,1,"ZMAT3","3"
0.00328208752202918,0.34366532371734,0.255,0.192,1,"TMCC2","3"
0.00329570283640622,0.444586932089462,0.268,0.21,1,"UBE3A","3"
0.00334341473593204,0.2724702459916,0.372,0.295,1,"B4GALNT1","3"
0.00334528213683692,0.337923130662007,0.333,0.266,1,"GLYR1","3"
0.0033457527928519,0.30721094723584,0.346,0.278,1,"MAP9","3"
0.00337066104726953,0.440027090121876,0.252,0.193,1,"PRKAG2-AS1","3"
0.00349286495719844,0.313413270836395,0.372,0.302,1,"TM9SF2","3"
0.00352153781690666,0.400304920991185,0.264,0.204,1,"UBL4A","3"
0.00363614387189181,0.306514952339043,0.356,0.288,1,"ARFGAP2","3"
0.0036731290690374,0.347062899714205,0.268,0.205,1,"RELL2","3"
0.00369751846616297,0.369769260231831,0.255,0.193,1,"BID","3"
0.00372527600737878,0.323047944402739,0.307,0.241,1,"DUSP7","3"
0.00378692691852473,0.322505877433374,0.356,0.288,1,"HNRNPR","3"
0.00380690664080659,0.264110248825881,0.388,0.311,1,"SCN8A","3"
0.00381838167835588,0.326639221424667,0.367,0.299,1,"C1QBP","3"
0.00385876299093508,0.274171801530531,0.47,0.401,1,"GNAQ","3"
0.00390156603195064,0.316377525752325,0.275,0.212,1,"C22orf39","3"
0.003979924936925,0.300467165071505,0.3,0.233,1,"ADAM11","3"
0.00406472513247497,0.319096280762034,0.289,0.225,1,"COMMD7","3"
0.00407876171614817,0.317166468804385,0.362,0.293,1,"FARSA","3"
0.00411059802247134,0.347700836952497,0.271,0.207,1,"SNHG7","3"
0.00419217483097849,0.286739745971446,0.326,0.258,1,"KIAA1211L","3"
0.00421529654889646,0.300551157447211,0.351,0.283,1,"ASTN1","3"
0.0043811939980572,0.324081250823888,0.356,0.291,1,"CCNY","3"
0.00450144636785041,0.278810696334052,0.351,0.28,1,"SPTBN4","3"
0.00450164183590673,0.291233885293469,0.323,0.257,1,"LRRC8A","3"
0.0045245550576522,0.348248453220559,0.3,0.238,1,"MRPS18C","3"
0.00453320833007083,0.371033340783121,0.261,0.202,1,"ITSN1","3"
0.00462089578786833,0.35030639128342,0.307,0.244,1,"SLC41A3","3"
0.00464613052768474,0.31414827724147,0.28,0.217,1,"PCYT2","3"
0.00467449411437386,0.293921431464609,0.259,0.198,1,"PCGF5","3"
0.00468751271777736,0.297532079967408,0.271,0.207,1,"ZNF667-AS1","3"
0.00469858147487091,0.364774350311438,0.255,0.195,1,"ZNF771","3"
0.00481095772946507,0.298729741829872,0.282,0.219,1,"UFM1","3"
0.00485397996434818,0.4151881114376,0.252,0.194,1,"CASD1","3"
0.00485907414294776,0.253220000695654,0.443,0.371,1,"POLR2K","3"
0.00491653129914681,0.268364777747243,0.417,0.348,1,"CHMP5","3"
0.00495645246243082,0.257782871841477,0.374,0.303,1,"SAR1A","3"
0.00497717358251473,0.265238676760524,0.264,0.201,1,"PQBP1","3"
0.00500384760786798,0.349892550311184,0.298,0.238,1,"TMEM70","3"
0.00507474905264309,0.355436485732102,0.264,0.205,1,"SERGEF","3"
0.00517253442101677,0.305596414376665,0.291,0.228,1,"KLHL42","3"
0.00522964684166832,0.299422597516759,0.252,0.192,1,"RSL1D1","3"
0.00537546872747348,0.282393397799591,0.289,0.225,1,"NCKIPSD","3"
0.00546198085430496,0.345206981463939,0.271,0.211,1,"CRK","3"
0.00549685068474289,0.317414141773386,0.339,0.275,1,"PUM2","3"
0.00550688038513604,0.290042067761096,0.342,0.275,1,"RSL24D1","3"
0.00551645733149193,0.328897313982841,0.275,0.215,1,"GRIPAP1","3"
0.00553012917565409,0.291368408585177,0.268,0.207,1,"SYNDIG1","3"
0.0055588500037448,0.2566766632571,0.326,0.259,1,"UBR3","3"
0.00559975721022607,0.275154145625607,0.3,0.236,1,"DLG3","3"
0.00571291670959893,0.295267472201137,0.344,0.277,1,"RAB10","3"
0.00576598718286145,0.382052341743274,0.264,0.205,1,"APOPT1","3"
0.00578506657080212,0.276803428393446,0.326,0.261,1,"PDHA1","3"
0.00581004729812408,0.397389606701642,0.261,0.206,1,"PITPNM1","3"
0.00586294429493762,0.31276704684311,0.342,0.277,1,"VBP1","3"
0.00586840253763882,0.323747082051383,0.264,0.204,1,"MMP17","3"
0.00586936884803068,0.270776860301954,0.328,0.261,1,"KCNIP4","3"
0.00599486218284732,0.324680368386611,0.259,0.2,1,"HMGA1","3"
0.00601745856625775,0.32345329070582,0.328,0.266,1,"TMEM183A","3"
0.00604513861731284,0.30830739865241,0.282,0.22,1,"BRD3OS","3"
0.00608884174543181,0.255604617314143,0.374,0.306,1,"CAPRIN1","3"
0.00614774103288646,0.30743111282127,0.275,0.214,1,"SNF8","3"
0.00617086657150795,0.270327553433323,0.291,0.227,1,"TIMM10","3"
0.00617895800674717,0.296144718346239,0.335,0.268,1,"GARS","3"
0.00619351593675663,0.281602122969411,0.273,0.211,1,"MRPL23","3"
0.00621358134342469,0.269930372085246,0.314,0.249,1,"SGSM2","3"
0.00626289680960696,0.335893230324309,0.275,0.216,1,"VPS39","3"
0.00627558697119433,0.302413684423536,0.356,0.29,1,"PTP4A1","3"
0.00628730398984055,0.310810849877783,0.271,0.211,1,"RNF126","3"
0.00634044223339898,0.255485993279566,0.339,0.273,1,"LYSMD2","3"
0.00644861132820639,0.325393549992359,0.3,0.239,1,"CDC42BPB","3"
0.00645463325490959,0.25392336353269,0.431,0.358,1,"TSPAN13","3"
0.00670275034373555,0.442395247433912,0.275,0.222,1,"CNOT7","3"
0.00672035280172942,0.258695830893752,0.399,0.331,1,"L1CAM","3"
0.00685109103555914,0.281526331765454,0.36,0.295,1,"METTL9","3"
0.00685608952967833,0.313873452011401,0.342,0.28,1,"NAPG","3"
0.00709770203929545,0.359382642000132,0.252,0.197,1,"SEC63","3"
0.00715191863205321,0.348922424697701,0.278,0.219,1,"IAH1","3"
0.00722684128816871,0.264048825112964,0.372,0.306,1,"OS9","3"
0.00727680511194533,0.335907623809865,0.259,0.203,1,"APPBP2","3"
0.00745356988544421,0.358348081152005,0.268,0.212,1,"CBX1","3"
0.00759371066600076,0.258265753370552,0.333,0.268,1,"GSK3B","3"
0.00771944123713022,0.320130435256596,0.259,0.201,1,"BORCS8","3"
0.00777950881778888,0.3203100592542,0.333,0.273,1,"VAPB","3"
0.00778438236837308,0.278584702008261,0.342,0.279,1,"MANBAL","3"
0.00781048899860986,0.30203070813016,0.28,0.22,1,"GPBP1","3"
0.00783692558953345,0.26361493428086,0.298,0.236,1,"PFDN4","3"
0.00788670252757616,0.299754558461028,0.287,0.226,1,"FXR2","3"
0.00790684180227669,0.275601846293565,0.314,0.252,1,"WNK2","3"
0.00791274007685,0.272204866253345,0.33,0.268,1,"EIF3E","3"
0.00803326271599838,0.294909543436866,0.268,0.21,1,"DGUOK","3"
0.00807548329786979,0.268727662840404,0.284,0.223,1,"CCNL2","3"
0.00819184354454526,0.283100070295376,0.298,0.237,1,"NSD3","3"
0.00822943015964118,0.279606967048761,0.349,0.286,1,"HSPA4","3"
0.00847830014585896,0.441056246126037,0.255,0.202,1,"EXTL3","3"
0.00851921165314115,0.298921803016813,0.36,0.294,1,"DEF8","3"
0.00871072457809836,0.283221510665897,0.298,0.238,1,"C15orf61","3"
0.00871195676923739,0.292357803108722,0.335,0.275,1,"DNAJC19","3"
0.00879962753886582,0.349433804176952,0.284,0.228,1,"IFNGR2","3"
0.00888964608006865,0.264228739693807,0.408,0.341,1,"CX3CL1","3"
0.00934106322714373,0.272679100889464,0.321,0.26,1,"BTBD10","3"
0.00934800926508596,0.326639221424667,0.278,0.221,1,"SRP68","3"
0.00938047931661982,0.279919848877868,0.374,0.312,1,"ALKBH5","3"
0.0094076219816682,0.292566307976989,0.296,0.237,1,"PLEKHJ1","3"
0.00973122330223526,0.276795708182924,0.346,0.284,1,"EMC3","3"
0.0098577782219824,0.257192392429394,0.296,0.234,1,"GGCT","3"
0.00990238985080832,0.310835543200635,0.296,0.24,1,"RAB11FIP3","3"
0.00998678392660796,0.267456502010343,0.39,0.325,1,"GPS1","3"
0.010100369964258,0.336623309997289,0.284,0.228,1,"SCAF1","3"
0.0101321481159014,0.325203465750466,0.259,0.204,1,"RNF44","3"
0.0101979293222148,0.3000040949212,0.271,0.214,1,"NMRAL1","3"
0.0103957797227215,0.277854453948981,0.275,0.218,1,"RHOT1","3"
0.0104346819988672,0.302300770982069,0.259,0.205,1,"PRCC","3"
0.0105005452845634,0.288237368012229,0.275,0.218,1,"DHRS7","3"
0.0107279025112539,0.265238676760524,0.372,0.311,1,"YIPF3","3"
0.0109234194858475,0.292028977648059,0.303,0.244,1,"RPAIN","3"
0.0110202836652893,0.30588066125787,0.289,0.233,1,"CCSER2","3"
0.0111509070439572,0.28066871733013,0.28,0.224,1,"RMND5A","3"
0.0112082292150637,0.310092912544784,0.287,0.23,1,"GBA2","3"
0.0113415583766456,0.324132365814093,0.255,0.2,1,"B4GALT5","3"
0.011422135408615,0.298538685916702,0.321,0.263,1,"TADA3","3"
0.0115564598131017,0.265238676760524,0.323,0.265,1,"LCMT1","3"
0.0116104454128356,0.293185217263439,0.273,0.219,1,"RTN2","3"
0.0120685743518063,0.256714604453985,0.397,0.336,1,"DDX6","3"
0.0120917932514944,0.310644655815406,0.294,0.238,1,"ARL1","3"
0.0124834969162589,0.330228016909332,0.275,0.223,1,"RTCB","3"
0.0125640629766963,0.297660154452901,0.335,0.276,1,"ARF4","3"
0.0125711662320696,0.256453207865657,0.36,0.3,1,"PSMD13","3"
0.0126088949223123,0.294622483541618,0.257,0.202,1,"C19orf24","3"
0.0126187669070195,0.316139575060562,0.255,0.201,1,"LYRM4","3"
0.0126554543581883,0.2671332207503,0.257,0.202,1,"BOD1L1","3"
0.0129654461300436,0.256826436944324,0.333,0.272,1,"ZMIZ2","3"
0.0130679018776376,0.265238676760524,0.275,0.219,1,"NTPCR","3"
0.0131092881100406,0.266645497974769,0.328,0.268,1,"TAF7","3"
0.0131349220972861,0.267047698992398,0.273,0.216,1,"TM2D1","3"
0.0132031994570636,0.294532983554562,0.344,0.288,1,"EPDR1","3"
0.0136927315931373,0.330382702080034,0.294,0.239,1,"THOP1","3"
0.0138079208426963,0.271212577805157,0.252,0.198,1,"NOL7","3"
0.0143210133725895,0.273088571981458,0.378,0.316,1,"BMPR2","3"
0.0146027874092382,0.291854532771696,0.298,0.243,1,"PSMA5","3"
0.0152783354252873,0.298153299233259,0.266,0.213,1,"XPO6","3"
0.0154811085232191,0.293037129104096,0.264,0.211,1,"GTF2F1","3"
0.0155944745456115,0.26719487372585,0.255,0.202,1,"PARP6","3"
0.0159489734410626,0.269060387712932,0.259,0.207,1,"C21orf2","3"
0.0159537553846974,0.257376558987554,0.339,0.282,1,"SUCLG1","3"
0.0161790062359633,0.304810412662134,0.294,0.24,1,"TRIM23","3"
0.0162451938830412,0.283049952876985,0.31,0.255,1,"CRELD1","3"
0.0163479159729088,0.361623213184866,0.271,0.222,1,"RASGRP1","3"
0.0165912223166374,0.286300292288354,0.275,0.223,1,"SRP72","3"
0.0169806293033406,0.25900672304901,0.305,0.249,1,"BTF3L4","3"
0.0170281865178175,0.305338396624202,0.28,0.228,1,"HNRNPL","3"
0.0176707149164036,0.277496142515809,0.358,0.304,1,"CCT6A","3"
0.0176753211278441,0.274761450879031,0.294,0.24,1,"EIF2AK1","3"
0.0179794338157453,0.3216164878813,0.339,0.288,1,"CBX7","3"
0.0184871486916275,0.263558193121606,0.289,0.236,1,"TMEM106B","3"
0.0185181001552796,0.256899375847794,0.252,0.2,1,"PSMD6","3"
0.0187946729747073,0.290505435370954,0.282,0.231,1,"API5","3"
0.0188019707137523,0.31987393333737,0.282,0.232,1,"ACTR3","3"
0.019295928010837,0.251793145695572,0.333,0.277,1,"PPM1K","3"
0.019310993022388,0.265238676760524,0.284,0.232,1,"POLE4","3"
0.0196255518855701,0.285951385410818,0.289,0.238,1,"CPSF6","3"
0.0199999553157439,0.288446067921849,0.342,0.289,1,"SAE1","3"
0.0203490711749459,0.286771838310165,0.271,0.22,1,"PSMA2","3"
0.0210001963143575,0.271841411584771,0.287,0.234,1,"NIPSNAP2","3"
0.0210939107619348,0.27271379732267,0.261,0.211,1,"TRAPPC6B","3"
0.0215514790654115,0.272488415839912,0.271,0.22,1,"HIKESHI","3"
0.0227147583856289,0.263361389519854,0.259,0.209,1,"C1orf21","3"
0.0233987227544777,0.273016027352243,0.303,0.251,1,"TCEAL1","3"
0.0247334533336604,0.266575124323338,0.335,0.282,1,"MSL1","3"
0.025447796714118,0.267989287776559,0.31,0.258,1,"HBS1L","3"
0.0255297314847344,0.263300872519031,0.257,0.208,1,"H1F0","3"
0.026383932107302,0.270755681728089,0.259,0.211,1,"PPP2R2D","3"
0.0275552024888673,0.274888846794243,0.287,0.238,1,"TSC2","3"
0.0277010232704704,0.300816347006589,0.255,0.209,1,"PTBP2","3"
0.0287025097965252,0.257402182528558,0.298,0.249,1,"ZFYVE21","3"
0.0293845347494516,0.257298673004708,0.294,0.246,1,"MICU3","3"
0.0295817090363963,0.274736374268114,0.252,0.205,1,"YTHDF2","3"
0.0308375775795673,0.250403635597582,0.264,0.215,1,"HMGN1","3"
0.0333586317044906,0.266842562463114,0.289,0.242,1,"STK39","3"
0.0336347556997673,0.251692144922576,0.303,0.254,1,"CBX5","3"
0.0366038951985223,0.301502220747295,0.268,0.224,1,"MMADHC","3"
0.0388501554396021,0.283999604869185,0.252,0.209,1,"MPG","3"
0.0395425185177647,0.268886453775669,0.261,0.218,1,"LYRM9","3"
0.0414986081085966,0.251163491548801,0.268,0.225,1,"TOMM40","3"
0.0430083386640338,0.277949728510078,0.261,0.219,1,"NABP2","3"
0.0501510638571573,0.259614127566646,0.257,0.215,1,"TSN","3"
0.0548957363190045,0.261680857347335,0.266,0.224,1,"ASAP1","3"
0.0606326170293727,0.250690368191369,0.284,0.245,1,"CHCHD6","3"
0.063009468236489,0.273553944972527,0.314,0.277,1,"SPPL3","3"
0.0677986030694722,0.2577441402136,0.296,0.256,1,"ABLIM1","3"
0.0685931663194088,0.286300292288354,0.266,0.228,1,"MRPL18","3"
0.0797667777712925,0.254591432561015,0.317,0.278,1,"GRASP","3"
0.119100794256301,0.278849108279177,0.261,0.232,1,"TRPC4AP","3"
7.72291065574637e-162,2.00271488312673,0.987,0.705,1.39066452178025e-157,"SCGB2A2","4"
3.94406021011339e-128,1.97454219868265,0.925,0.44,7.10206922035118e-124,"SCGB1D2","4"
2.62034514111375e-74,1.9958401747892,0.619,0.221,4.71845549560353e-70,"TFF1","4"
5.32229037297999e-45,1.28161194722849,0.709,0.372,9.58384827462507e-41,"MGP","4"
1.77170811696994e-34,1.1793841157727,0.67,0.383,3.19031480622777e-30,"MUC1","4"
1.75898672215915e-26,1.03719920455026,0.562,0.305,3.16740739059199e-22,"TFF3","4"
1.75486213385771e-24,1.30576300381026,0.42,0.202,3.15998024443757e-20,"AZGP1","4"
7.17507127763657e-23,1.65192972125984,0.25,0.089,1.29201508496402e-18,"AGR3","4"
2.15939912400755e-22,1.79109719940485,0.541,0.33,3.88843000260039e-18,"IGKC","4"
7.2624961111285e-21,1.81575459838347,0.348,0.163,1.30775767473091e-16,"IGLC2","4"
5.13420799333475e-17,1.38461682039218,0.255,0.109,9.24516833359789e-13,"MLPH","4"
2.95287869562168e-16,1.08118333156664,0.358,0.185,5.31724866720596e-12,"COL1A1","4"
3.63148543436203e-16,0.908659461335163,0.49,0.306,6.5392158216557e-12,"XBP1","4"
5.13494466475895e-16,1.50130587748092,0.289,0.138,9.24649485783144e-12,"IGHA1","4"
4.40539975400994e-15,1.03215816258952,0.335,0.172,7.93280333704571e-11,"COL1A2","4"
5.53606290207719e-14,0.710755498578183,0.505,0.323,9.9687884677704e-10,"GAD1","4"
1.70752943175475e-12,1.07094007996561,0.265,0.132,3.07474824776078e-08,"AGR2","4"
2.11928171858172e-12,1.06243338646367,0.302,0.161,3.8161905906501e-08,"WFDC2","4"
6.11809571572786e-10,0.379408001782821,0.652,0.47,1.10168549553112e-05,"KRT19","4"
1.11968831340187e-09,0.638903192205041,0.418,0.271,2.01622274594275e-05,"NUPR1","4"
1.28724683139911e-09,0.714060709241606,0.394,0.254,2.31794536930038e-05,"TSTD1","4"
4.48956470467209e-08,0.32252443667537,0.894,0.834,0.000808435916370303,"CTSD","4"
8.44725866291132e-08,0.304314171773422,0.936,0.834,0.00152109786743044,"ATP1A3","4"
1.0648341765116e-06,0.435135109574008,0.523,0.405,0.0191744690164444,"CHD5","4"
2.93660552806083e-06,0.668624950931744,0.338,0.239,0.0528794557437914,"GAD2","4"
6.38039553146672e-06,0.68742469445042,0.265,0.174,0.114891782335121,"KCNAB1","4"
9.10017858900942e-06,0.47950125578696,0.399,0.29,0.163866915852293,"NEAT1","4"
1.03114823807925e-05,0.286332458870595,0.735,0.646,0.18567886323093,"CPLX1","4"
1.29840193747491e-05,0.581667662356116,0.32,0.224,0.233803236881107,"FN1","4"
1.41685340650418e-05,0.35074620090554,0.621,0.518,0.255132792909207,"H1FX","4"
2.10370643582548e-05,0.336381557096975,0.657,0.554,0.378814417899094,"ACO2","4"
2.40578593662513e-05,0.379818560306885,0.544,0.439,0.433209873608088,"S100A13","4"
3.66099621399414e-05,0.333913759373904,0.619,0.511,0.659235588253925,"NDUFA12","4"
3.82795196756317e-05,0.324942034428155,0.613,0.508,0.6892993107991,"IQSEC1","4"
4.47567295314774e-05,0.37202969068606,0.436,0.328,0.805934428673314,"PCLO","4"
4.66063998436003e-05,0.602410704083036,0.332,0.243,0.83924144198371,"SNRPC","4"
5.82471251144744e-05,0.410975473955609,0.477,0.369,1,"GALNT17","4"
8.72297716070705e-05,0.434338680937875,0.389,0.291,1,"KRT18","4"
0.000117857488948643,0.544636931411149,0.361,0.277,1,"PVALB","4"
0.000131266099754883,0.347156524214965,0.523,0.42,1,"RBFOX3","4"
0.000145220721852012,0.34930587676565,0.559,0.467,1,"LYNX1","4"
0.000158567689365334,0.279952788358263,0.624,0.528,1,"SCN1B","4"
0.000213579759117586,0.37699852976119,0.423,0.325,1,"NAXE","4"
0.000228909368679437,0.300749456587847,0.57,0.478,1,"MGLL","4"
0.00023478377959999,0.299041138362707,0.601,0.485,1,"VGF","4"
0.000250907329408132,0.291522762334624,0.57,0.483,1,"SLC6A1","4"
0.000255185743100737,0.575125837771286,0.281,0.205,1,"RELL2","4"
0.000272585227353611,0.457391590899273,0.276,0.195,1,"CAPN1","4"
0.000308814047527097,0.365808286179725,0.446,0.352,1,"PIANP","4"
0.000356566933623785,0.466865232151892,0.34,0.261,1,"SNRPB","4"
0.00040781976790969,0.465977692880043,0.366,0.285,1,"CBX7","4"
0.000421282287489036,0.350500475460107,0.508,0.428,1,"SSBP3","4"
0.000449129837095566,0.368882535016639,0.451,0.36,1,"DEAF1","4"
0.000454297068794188,0.504624708116116,0.304,0.227,1,"C2CD2L","4"
0.000495073116123355,0.429743785638567,0.474,0.4,1,"HPCAL4","4"
0.000578161954540105,0.478453206427103,0.32,0.243,1,"RGS5-ENSG00000143248","4"
0.000581354708507867,0.315480709854212,0.518,0.436,1,"TRMT112","4"
0.000609761810471949,0.521815333216755,0.284,0.211,1,"EPM2AIP1","4"
0.000747561533341794,0.460844723380213,0.291,0.216,1,"KCNT1","4"
0.00078294604332632,0.33522276891914,0.43,0.35,1,"S100A11","4"
0.000796923743013144,0.349660152142947,0.443,0.359,1,"OAZ2","4"
0.000801735862184723,0.413189777821763,0.384,0.304,1,"COPA","4"
0.000805389434168267,0.431040263952321,0.309,0.233,1,"FARP1","4"
0.000842571605083258,0.2535874516529,0.541,0.437,1,"RPS19BP1","4"
0.000938799847210051,0.306576056344902,0.49,0.402,1,"CDK5R2","4"
0.00097296840476757,0.387063579923153,0.412,0.334,1,"FBXL15","4"
0.00104300426389591,0.374206740419461,0.415,0.339,1,"TMEM151B","4"
0.00109191854425857,0.493588915544552,0.314,0.246,1,"FSD1","4"
0.00110214942242661,0.25613087497047,0.559,0.473,1,"CELF4","4"
0.00117042332155439,0.335862498857973,0.43,0.35,1,"GPC1","4"
0.00119292685586199,0.316003325546937,0.474,0.396,1,"ABAT","4"
0.00121880991880916,0.502607956954903,0.26,0.193,1,"COL6A1","4"
0.0012222342663607,0.352403014362874,0.397,0.318,1,"CAMTA2","4"
0.00125056779386191,0.320383017868306,0.433,0.352,1,"FKBP4","4"
0.00125594450417123,0.316764355084555,0.446,0.365,1,"KCNA2","4"
0.00129179002304502,0.440744029553901,0.397,0.328,1,"CDK14","4"
0.00130327963202834,0.332119016264938,0.505,0.437,1,"COX17","4"
0.00133172066316438,0.38632794888441,0.32,0.245,1,"PAM","4"
0.00133801093945397,0.341240899164975,0.451,0.373,1,"KCNF1","4"
0.00135920302720356,0.506978904608392,0.317,0.247,1,"SLC39A6","4"
0.00142680109017129,0.281614764719848,0.613,0.54,1,"STX1B","4"
0.00145767288826793,0.313972904022633,0.523,0.454,1,"SMDT1","4"
0.00146063194423244,0.279221356746842,0.513,0.433,1,"GJA1","4"
0.00150779956810322,0.309108241193585,0.428,0.344,1,"FAM173A","4"
0.00151275658429925,0.360212360273722,0.392,0.314,1,"PRMT2","4"
0.00156430827252467,0.305244834605881,0.482,0.403,1,"UBE2N","4"
0.00163150219463783,0.46430271808407,0.286,0.216,1,"NQO2","4"
0.00164020793216319,0.440782057091015,0.325,0.257,1,"LASP1","4"
0.00174034916756088,0.268788147648159,0.513,0.438,1,"TUBB2B","4"
0.00178418008938171,0.293795961304672,0.513,0.439,1,"COX7A1","4"
0.00190841601976391,0.356261448301137,0.325,0.251,1,"NR1D1","4"
0.0020784598611137,0.256343721949944,0.536,0.454,1,"NAP1L2","4"
0.00217959889033904,0.348116006602311,0.394,0.322,1,"HSD11B1L","4"
0.00218136988061366,0.271615599285497,0.58,0.499,1,"PFKP","4"
0.00220029205046163,0.337333649168031,0.461,0.393,1,"TAPBP","4"
0.00227132432716004,0.375102253467927,0.384,0.313,1,"HDDC2","4"
0.00228216723241726,0.415037499278844,0.366,0.299,1,"C11orf49","4"
0.00228244663097856,0.258820765246808,0.564,0.492,1,"NRSN2","4"
0.00244371867710879,0.251438707825151,0.616,0.53,1,"BTF3","4"
0.0024470923300558,0.346845136535893,0.418,0.344,1,"TGFBR3L","4"
0.00252869849524073,0.353271405695326,0.361,0.287,1,"CCDC136","4"
0.00255219478328995,0.260353610908919,0.479,0.405,1,"RTN4R","4"
0.0027021045525288,0.346247870933949,0.312,0.24,1,"MAP3K10","4"
0.00273598673956737,0.47315890675759,0.284,0.219,1,"FAM32A","4"
0.00279134195356703,0.267066062556895,0.515,0.451,1,"EPHB6","4"
0.00282267819176825,0.355232922028612,0.34,0.268,1,"GARS","4"
0.00304957557576171,0.357839055653524,0.407,0.338,1,"PCDH10","4"
0.0030647909104269,0.396475904260493,0.345,0.278,1,"LAPTM4A","4"
0.00332246939086941,0.3431924803622,0.392,0.324,1,"MRPS34","4"
0.00333612563111459,0.328257675410723,0.456,0.389,1,"SYNJ1","4"
0.00345119245685183,0.378467955109731,0.387,0.324,1,"RPRD1A","4"
0.00373238264075658,0.284583024189596,0.454,0.377,1,"EHD3","4"
0.0038017936624355,0.281222254030189,0.497,0.42,1,"ADGRL1","4"
0.00406403835078331,0.37180487667493,0.255,0.192,1,"INAFM1","4"
0.00410361022035372,0.448156103081487,0.276,0.214,1,"POLR1D","4"
0.00444319441440121,0.422948115621685,0.343,0.281,1,"DMXL2","4"
0.00457913167368608,0.338033631757832,0.363,0.294,1,"FARSA","4"
0.00463286378149537,0.269635642556462,0.495,0.421,1,"MRPL33","4"
0.00476600273375769,0.506428193756746,0.271,0.214,1,"RHOC","4"
0.004786709953352,0.438881470525493,0.299,0.239,1,"C12orf10","4"
0.00479851347081899,0.384241747341071,0.317,0.254,1,"ELAVL2","4"
0.00511207420939183,0.294573381411006,0.43,0.362,1,"CNTNAP2","4"
0.00514637217005637,0.263120045200295,0.521,0.456,1,"BCAP31","4"
0.00569193164883407,0.271164878172319,0.369,0.297,1,"TMEM259","4"
0.00580686704602736,0.263856484861586,0.588,0.542,1,"STX1A","4"
0.00580905588722714,0.389645411091226,0.258,0.197,1,"CYB5A","4"
0.00584781464255804,0.418206303494616,0.371,0.315,1,"ACTR1B","4"
0.00599722837884719,0.28736179486604,0.454,0.386,1,"PHF24","4"
0.00610777873700827,0.403338890553847,0.258,0.199,1,"MARCH2","4"
0.00642635160332359,0.361561378039027,0.284,0.223,1,"SLC27A4","4"
0.00654819104331259,0.413549417619435,0.33,0.273,1,"SLC3A2","4"
0.00664221055024652,0.392717252440459,0.351,0.291,1,"BCL11A","4"
0.00690991367541797,0.296170998464808,0.299,0.233,1,"APEH","4"
0.0069523745653739,0.269304663795379,0.5,0.438,1,"ATP13A2","4"
0.00699904865111428,0.300594750618958,0.43,0.366,1,"CSPG5","4"
0.00730673331632544,0.328378387877085,0.358,0.299,1,"TBR1","4"
0.00737292378697483,0.290045721374231,0.423,0.354,1,"SLC25A11","4"
0.00746010868945861,0.263932094785009,0.461,0.392,1,"SYT13","4"
0.00752878109015997,0.31810629852828,0.361,0.299,1,"SGTB","4"
0.00756012785410615,0.28353752610709,0.428,0.366,1,"HMOX2","4"
0.00771345550006188,0.379760603290069,0.281,0.221,1,"APOL2","4"
0.0078390226016977,0.339272528391191,0.351,0.29,1,"ARHGEF12","4"
0.00797832698993655,0.346435221760898,0.343,0.281,1,"LAMTOR2","4"
0.0082513361162727,0.278599789103411,0.469,0.406,1,"ASAH1","4"
0.00829126474305394,0.412844976667505,0.253,0.197,1,"AKR1A1","4"
0.00864224571034773,0.275944620131022,0.384,0.317,1,"KLHDC2","4"
0.00878010208674128,0.404885259699028,0.258,0.203,1,"PNMA6A","4"
0.00920660448112514,0.297489933532343,0.492,0.44,1,"VPS28","4"
0.00986238365268985,0.333048267706093,0.469,0.411,1,"XRCC6","4"
0.0103915707253205,0.299051522412953,0.415,0.355,1,"ATPAF1","4"
0.0103984194048518,0.292172964485514,0.397,0.336,1,"AP2A1","4"
0.0107700018628175,0.258379045095702,0.423,0.355,1,"CAMK1D","4"
0.0108085278514766,0.360806591781082,0.32,0.263,1,"OGDHL","4"
0.0114104175940185,0.402728113572832,0.299,0.245,1,"KCNQ3","4"
0.0115385560861464,0.350133377483345,0.348,0.29,1,"DGCR6L","4"
0.0117619265361287,0.28484434429043,0.361,0.3,1,"CAMK2N2","4"
0.0119613618703591,0.252931778353259,0.461,0.397,1,"MBOAT7","4"
0.0122799305111359,0.29979988484882,0.394,0.331,1,"WASF3","4"
0.01257309322519,0.252019619868792,0.41,0.346,1,"CLIP2","4"
0.0126517371444122,0.271075000557811,0.317,0.254,1,"KCNB1","4"
0.0126685948328521,0.355833919763148,0.361,0.306,1,"MRPL34","4"
0.0127262379367593,0.395344822241844,0.374,0.325,1,"UFC1","4"
0.0132749422584804,0.279974651514784,0.332,0.272,1,"RAB15","4"
0.0146663477180355,0.252202709669864,0.464,0.402,1,"KCNQ2","4"
0.0148574951090937,0.255600080938285,0.399,0.337,1,"AMPH","4"
0.0151030638619354,0.278749939297741,0.41,0.349,1,"ELAVL4","4"
0.015272711051735,0.425865599003979,0.253,0.202,1,"PDE4A","4"
0.0153229011456176,0.403450413989279,0.286,0.235,1,"NIPSNAP2","4"
0.0154767117692415,0.315370056760057,0.338,0.282,1,"SLC38A1","4"
0.0156976406430627,0.2740398285995,0.263,0.207,1,"CERK","4"
0.0158546378890391,0.355019067981593,0.263,0.211,1,"ULK1","4"
0.0159162834887753,0.254966175750672,0.361,0.3,1,"HIVEP2","4"
0.016307046119457,0.343724237485153,0.263,0.211,1,"MLEC","4"
0.0165008897595882,0.270586633144636,0.338,0.281,1,"CCT8","4"
0.017175929964689,0.282497307821413,0.515,0.469,1,"CAMTA1","4"
0.017236149150563,0.320109763703588,0.265,0.212,1,"RND1","4"
0.0174912528917352,0.387624986678228,0.309,0.259,1,"STIP1","4"
0.0177082964456729,0.254775762256175,0.374,0.312,1,"CCT5","4"
0.0181025942440848,0.254607187949156,0.433,0.377,1,"CORO2B","4"
0.018230320608632,0.252627367354537,0.464,0.416,1,"ECHS1","4"
0.0190721331233652,0.271417146877204,0.34,0.286,1,"ILF3","4"
0.019385658031843,0.27502187417505,0.379,0.323,1,"KCNH3","4"
0.0204823097589298,0.336070664941718,0.255,0.205,1,"PPP6R2","4"
0.0206790193882564,0.267988678845223,0.312,0.256,1,"EXOC7","4"
0.0209730080075298,0.380561005665524,0.255,0.207,1,"AKAP8L","4"
0.0213033392678149,0.30436180521438,0.304,0.251,1,"LAPTM4B","4"
0.0213611290851777,0.380561005665524,0.25,0.203,1,"MRPS6","4"
0.0213980406781277,0.29877923037336,0.322,0.268,1,"CHMP1B","4"
0.0214491174408243,0.32700286413625,0.263,0.212,1,"FAM171A2","4"
0.0215024236820621,0.356027064557718,0.325,0.273,1,"NDEL1","4"
0.0215525269668324,0.380643701028978,0.25,0.202,1,"LYRM4","4"
0.0216525627993763,0.317369359267986,0.351,0.296,1,"DEF8","4"
0.0221926082014053,0.349170189482137,0.26,0.212,1,"TRAPPC3","4"
0.0223095571876469,0.296577334206373,0.32,0.265,1,"CLSTN2","4"
0.022368805833004,0.28573660584722,0.369,0.315,1,"SAT1","4"
0.0228620818733582,0.332288109171522,0.278,0.229,1,"LONP1","4"
0.0233344881081309,0.252980196625238,0.438,0.391,1,"EGFL7","4"
0.0234188921362452,0.25938880280841,0.446,0.397,1,"SNRNP25","4"
0.023959921304164,0.369020888377406,0.265,0.219,1,"CIB1","4"
0.0240161467516425,0.353715813248143,0.255,0.207,1,"MEGF8","4"
0.0242114496030283,0.311293415640641,0.307,0.255,1,"TBC1D9","4"
0.0243265845299811,0.297180699922718,0.284,0.232,1,"PSMG3","4"
0.0248663078800115,0.32221103648357,0.278,0.228,1,"UBTF","4"
0.0251683014624449,0.258107887301296,0.363,0.305,1,"ACADVL","4"
0.0258324531353187,0.325971119201182,0.255,0.207,1,"PITPNM1","4"
0.0260175502358472,0.290462666638374,0.281,0.23,1,"SEC22B","4"
0.026418197035364,0.3120353660404,0.394,0.343,1,"NPEPPS","4"
0.0265379095823935,0.32883718738513,0.286,0.237,1,"CHD3","4"
0.0267695940369241,0.337980254950349,0.25,0.202,1,"CPEB3","4"
0.0273265547543237,0.253605870760743,0.338,0.285,1,"FUNDC2","4"
0.0273527462704371,0.25783236066389,0.353,0.302,1,"NOVA1","4"
0.0277554177904352,0.282683452194692,0.423,0.373,1,"VPS51","4"
0.0293336257437052,0.260055328595682,0.5,0.463,1,"PNKD","4"
0.0293872103659418,0.293746809629958,0.307,0.255,1,"CPT1C","4"
0.0297659372092686,0.365732380829386,0.271,0.225,1,"TOMM40","4"
0.0305400824326438,0.293970463275358,0.356,0.307,1,"SAR1A","4"
0.0331949596518137,0.386327948884411,0.25,0.208,1,"GRIK5","4"
0.0343981623699139,0.358373266838421,0.276,0.234,1,"HADHA","4"
0.0344662165890564,0.29459629024128,0.387,0.342,1,"SF1","4"
0.0349814000133598,0.261459548135088,0.371,0.322,1,"WDR13","4"
0.0357740032350136,0.30186447470378,0.294,0.247,1,"MRPL14","4"
0.0368392989540619,0.282707029302919,0.322,0.275,1,"C1orf216","4"
0.0372291641354781,0.312747736163321,0.32,0.276,1,"FBXO41","4"
0.0381344602272653,0.280779282225902,0.436,0.405,1,"SMIM37","4"
0.0386378509935021,0.313289992644288,0.265,0.221,1,"HAGHL","4"
0.0390857796138104,0.272926552025321,0.294,0.244,1,"DUSP7","4"
0.0401471487326715,0.259645122439694,0.255,0.21,1,"LMAN2","4"
0.0405647341254206,0.286121119453145,0.322,0.276,1,"RNF10","4"
0.0406761781561467,0.362564844195783,0.291,0.251,1,"DLD","4"
0.0409771154948729,0.377367081312789,0.253,0.211,1,"FZD3","4"
0.041025027434448,0.25871269280562,0.394,0.339,1,"GPAA1","4"
0.0424111130219643,0.387986664095171,0.25,0.208,1,"SBNO1","4"
0.0425583412188864,0.267961163737813,0.327,0.281,1,"GFOD1","4"
0.0435335357594073,0.308183516166788,0.286,0.243,1,"AKTIP","4"
0.0435869843937738,0.3498514022315,0.258,0.216,1,"FLRT2","4"
0.0437075776789536,0.308293180948938,0.276,0.231,1,"TRA2A","4"
0.0440249006671254,0.263160177473992,0.299,0.251,1,"STAU2","4"
0.0443076807960182,0.329316090307665,0.25,0.208,1,"BRI3BP","4"
0.0460835745964117,0.267742590138291,0.296,0.249,1,"SESN3","4"
0.0460876304167164,0.343386431951465,0.309,0.269,1,"BRINP1","4"
0.0465426869701255,0.275583343355474,0.327,0.28,1,"TNK2","4"
0.0487886875745262,0.323638894895273,0.271,0.228,1,"NCKIPSD","4"
0.0494799627885779,0.324125060035809,0.258,0.216,1,"UBR4","4"
0.050231794345031,0.253033092393087,0.425,0.38,1,"GDA","4"
0.0505568589763893,0.292926690588289,0.348,0.304,1,"ABHD8","4"
0.0507350819975698,0.319288495157185,0.263,0.221,1,"CADPS2","4"
0.0510311401351102,0.315097865886125,0.289,0.249,1,"STARD10","4"
0.0511433930263582,0.284436771334161,0.312,0.271,1,"ZMIZ1","4"
0.0516809004777881,0.325278570164335,0.281,0.239,1,"ASH1L","4"
0.0523395374325701,0.292083789234785,0.263,0.22,1,"ANAPC15","4"
0.0541468936098218,0.290542459511428,0.33,0.291,1,"SSR2","4"
0.058845556687696,0.256996536730978,0.374,0.334,1,"POLR2A","4"
0.059558504346664,0.271075000557811,0.309,0.267,1,"TMED9","4"
0.0616354047814872,0.285086024691853,0.291,0.253,1,"GABRA5","4"
0.0618318310633358,0.253002282692474,0.253,0.209,1,"TMCO1","4"
0.063350769175686,0.303366499869012,0.299,0.257,1,"B4GALT2","4"
0.0661257257277724,0.252914229773791,0.412,0.374,1,"CHP1","4"
0.0664203164918487,0.278982341242053,0.276,0.235,1,"ZNHIT3","4"
0.0670916101232217,0.254836605941353,0.34,0.303,1,"LRRC47","4"
0.0676649400193462,0.279519757914644,0.284,0.242,1,"PPP2R5B","4"
0.06791968484112,0.261222490206434,0.294,0.253,1,"GAS6","4"
0.069781654282891,0.31197963017372,0.271,0.231,1,"DPYSL4","4"
0.0735571853729978,0.250401236921536,0.253,0.214,1,"SMYD2","4"
0.0759748320612465,0.257250216320648,0.291,0.249,1,"BLOC1S2","4"
0.0767231889664039,0.315157418140182,0.265,0.231,1,"GRK3","4"
0.0778683106516811,0.28544459187175,0.335,0.295,1,"TSR2","4"
0.0779533498320047,0.326297975745382,0.263,0.228,1,"EIF3B","4"
0.0787727317410325,0.279016638453263,0.289,0.253,1,"IPO7","4"
0.0810543714967668,0.280595192210354,0.307,0.269,1,"TMEM183A","4"
0.0833360262297647,0.261055695011048,0.26,0.224,1,"RBM3","4"
0.0857719369297717,0.291316937030947,0.312,0.277,1,"CTSA","4"
0.0889967337701558,0.290462666638374,0.268,0.233,1,"DPM3","4"
0.0927469687115415,0.261427710753214,0.291,0.255,1,"KCNJ9","4"
0.0939388938463477,0.28841615840304,0.291,0.257,1,"SSBP1","4"
0.0941189959543939,0.300923323940683,0.253,0.219,1,"SDR39U1","4"
0.0974994443473615,0.285840447283998,0.278,0.244,1,"ACAA1","4"
0.0988408246404566,0.272694804126594,0.26,0.225,1,"AKIRIN1","4"
0.0991016627116115,0.259612298481081,0.322,0.287,1,"C11orf68","4"
0.100311773782303,0.255043113331198,0.32,0.284,1,"AAMP","4"
0.101610155161074,0.268842624534619,0.268,0.233,1,"GBA2","4"
0.10416056384968,0.287064687539911,0.268,0.234,1,"RIMS1","4"
0.109629737946446,0.286889454326907,0.289,0.258,1,"CAMK2D","4"
0.111032246337892,0.255555019952824,0.351,0.318,1,"COPS7A","4"
0.1138058029217,0.279519757914644,0.263,0.232,1,"PCYOX1","4"
0.114246676573283,0.251994398147986,0.258,0.224,1,"SEC23A","4"
0.116816547354441,0.266264873076915,0.255,0.222,1,"LARS","4"
0.121909035323805,0.265317892019833,0.25,0.216,1,"MRPL37","4"
0.12305578622603,0.253735732144411,0.255,0.222,1,"PPP6R1","4"
0.124368372680205,0.263457778432376,0.255,0.223,1,"AUP1","4"
0.12633024056861,0.252382571150207,0.286,0.253,1,"PSME1","4"
0.126330544739368,0.272778180035589,0.265,0.234,1,"DMWD","4"
0.139370962612311,0.267742590138291,0.276,0.243,1,"KCNC1","4"
0.148152644752723,0.266292280852152,0.361,0.338,1,"TUSC2","4"
0.161783961449952,0.306143584539586,0.26,0.235,1,"GSPT1","4"
0.178609916502791,0.257639226211883,0.25,0.223,1,"ORC4","4"
0.180116854726733,0.256685598890326,0.286,0.26,1,"NAA20","4"
0.218593471221423,0.260991548147211,0.307,0.283,1,"COPZ1","4"
0.223964319815606,0.256060785090655,0.265,0.244,1,"MYH9","4"
0.324515106175797,0.25183619922893,0.265,0.248,1,"SEL1L","4"
0.354093726383789,0.267742590138291,0.25,0.234,1,"KCTD2","4"
8.66684581070309e-47,1.10625968297555,0.997,0.939,1.56063892513331e-42,"MALAT1","5"
3.68783024840523e-41,0.404528742585231,1,1,6.6406759283033e-37,"MT-ND2","5"
3.85262890194778e-38,0.390296547396353,1,1,6.93742886373737e-34,"MT-ND1","5"
1.15351782318401e-28,0.434835500839106,1,0.999,2.07713954420744e-24,"CST3","5"
4.072502166485e-28,0.315048558608726,1,1,7.33335465118954e-24,"MT-ND3","5"
3.09281627006937e-24,0.253940915813843,1,1,5.56923425751391e-20,"MT-ATP6","5"
5.1074152764971e-23,0.539814798005991,0.997,0.941,9.19692268838834e-19,"SLC1A2","5"
1.35601958738883e-22,2.31943903180657,0.297,0.117,2.44178447101106e-18,"MYL9","5"
4.31775685298176e-21,0.476702310877081,0.993,0.994,7.77498476516425e-17,"COX6C","5"
9.09123507276953e-21,0.636167348424039,0.967,0.864,1.63705869955361e-16,"MT-ATP8","5"
3.19301803023989e-20,0.334860591745469,1,1,5.74966756705297e-16,"CLU","5"
1.54100325359601e-15,1.45131526243675,0.444,0.288,2.77488455875034e-11,"MT1G","5"
5.35678844539744e-15,0.335701807712649,1,0.998,9.64596895362717e-11,"MT-ND5","5"
1.63766556184151e-14,0.449709624425503,0.99,0.914,2.94894437720801e-10,"APOE","5"
1.39717405772723e-13,1.20535817906362,0.51,0.379,2.51589132574942e-09,"VIM","5"
1.15058328238674e-10,0.475303998515019,0.892,0.743,2.07185531659381e-06,"MT2A","5"
2.47093790797275e-10,0.377079370991945,0.987,0.961,4.44941789088653e-06,"MT-ND4L","5"
2.35625719689788e-09,0.603452218128705,0.683,0.619,4.24291233445402e-05,"ATP1A2","5"
4.39707390838544e-09,0.433941371218365,0.931,0.835,7.91781098682966e-05,"C1orf61","5"
6.69346337101544e-09,1.0744917002388,0.497,0.4,0.000120529194921875,"MGP","5"
1.12946835850971e-08,0.407877662727708,0.879,0.756,0.000203383367316843,"B2M","5"
3.23889628149356e-08,0.272585312286981,0.958,0.903,0.000583228053408545,"SERF2","5"
4.34994474424505e-08,0.293815305993509,1,0.965,0.000783294550096207,"PCSK1N","5"
4.76581422476935e-08,1.26793187743645,0.288,0.179,0.000858180167454217,"FABP7","5"
2.79747621825631e-07,0.882016633142931,0.454,0.364,0.00503741542621414,"ADIRF","5"
3.56963400291511e-07,0.678804152387328,0.569,0.507,0.00642783994904924,"HLA-A","5"
3.61424676254657e-07,0.605629246222667,0.611,0.579,0.00650817414531761,"ATP1B2","5"
3.67516337312196e-07,0.450462837675016,0.725,0.668,0.00661786668598072,"FAM107A","5"
1.07917144551396e-06,0.306034497567388,0.971,0.882,0.0194326402193699,"MTRNR2L8","5"
1.41152648956912e-06,1.21028483531921,0.438,0.381,0.0254173574976712,"CXCL14","5"
7.23490443839804e-06,0.372162184064293,0.856,0.761,0.130278924222234,"NCS1","5"
2.23349273391943e-05,0.275834578826103,0.99,0.928,0.402185036596871,"GLUL","5"
2.85949969043088e-05,0.27629118950158,0.912,0.865,0.514910109255889,"EEF2","5"
6.90863406385668e-05,0.476706291909394,0.533,0.486,1,"KRT19","5"
0.000104974731694837,0.270950091895551,0.961,0.886,1,"ALDOC","5"
0.000107548409656599,0.652235232577112,0.467,0.418,1,"AQP4","5"
0.000132940632161399,0.300048091555274,0.83,0.749,1,"NTRK2","5"
0.00018709811185118,1.90292580480392,0.333,0.272,1,"HBA2","5"
0.000320529175387878,0.642609150116505,0.464,0.44,1,"GJA1","5"
0.000333881400982732,0.444028786502168,0.637,0.631,1,"SLC1A3","5"
0.00059066892664685,0.571844249609096,0.48,0.458,1,"IGFBP7","5"
0.000686670086526428,0.605705798883463,0.497,0.476,1,"PTN","5"
0.000703784899896717,0.625080184736687,0.438,0.392,1,"SPARC","5"
0.0021822037053992,1.27972600011489,0.301,0.245,1,"HBB","5"
0.00299831048500091,0.602757977144561,0.422,0.393,1,"FXYD1","5"
0.00426734914741002,0.252846120630801,0.837,0.785,1,"FKBP8","5"
0.00521489514758074,0.534554992139648,0.431,0.422,1,"AGT","5"
0.00676015291466247,0.550848652897357,0.451,0.443,1,"HSPB1","5"
0.0114450505723066,0.380194714105363,0.523,0.542,1,"MT1E","5"
0.0341129507549103,0.400380213175084,0.493,0.502,1,"MT-ND6","5"
0.0407821031306139,0.718411297121737,0.31,0.297,1,"HLA-E","5"
0.0682874172027139,0.467442486591891,0.31,0.284,1,"SOWAHA","5"
0.0884104212592932,0.430311756413269,0.399,0.396,1,"IFI27","5"
0.0963581985716917,0.424956284929386,0.513,0.547,1,"S100A6","5"
0.107556979777635,0.627636692619676,0.281,0.268,1,"EZR","5"
0.119316118738407,0.369045810344259,0.359,0.346,1,"KRT8","5"
0.15868594361918,0.487837738761752,0.31,0.301,1,"ADGRG1","5"
0.266622515990778,0.470512732964496,0.258,0.25,1,"RGS5-ENSG00000143248","5"
0.312645713766984,0.274226202967514,0.265,0.326,1,"SAT1","5"
0.412285310145979,0.575191156443387,0.317,0.345,1,"A2M","5"
0.423406879925561,0.333391322487051,0.395,0.412,1,"IFITM3","5"
0.458422233369691,0.442587262579436,0.278,0.287,1,"NUPR1","5"
0.461489782593572,0.338530768397934,0.33,0.341,1,"ADGRB1","5"
0.545316248224988,0.379293637309519,0.327,0.348,1,"SNORC","5"
0.573453086342838,0.303706800490252,0.369,0.39,1,"PRKCA","5"
0.580201648841449,0.295025310485837,0.288,0.292,1,"MLC1","5"
0.610507237151262,0.332645936244229,0.261,0.27,1,"CNN3","5"
0.627824962119443,0.350493391383236,0.245,0.255,1,"SLC39A6","5"
0.692015649407869,0.41153317018422,0.291,0.315,1,"RAMP1","5"
0.700859849637843,0.274452703484643,0.405,0.454,1,"ALDH2","5"
0.853665762820555,0.298721299802717,0.248,0.262,1,"ABLIM1","5"
0.87557117055351,0.389018867567541,0.252,0.273,1,"PON2","5"
0.891356979869182,0.259989598171511,0.261,0.275,1,"ALDH6A1","5"
0.908296748039045,0.336418931305369,0.346,0.39,1,"HLA-C","5"
0.975237896106795,0.398883693704817,0.258,0.286,1,"PLPP3","5"
0.97905751628098,0.320093211724843,0.265,0.289,1,"SHANK3","5"
0.990714589050927,0.26758225637516,0.271,0.297,1,"NCAN","5"
