"barcode","cluster","layer_pred"
"AAACAAGTATCTCCCA-1","0","L2/L3"
"AAACAATCTACTAGCA-1","5","L1"
"AAACACCAATAACTGC-1","1","WM"
"AAACAGAGCGACTCCT-1","0","L2/L3"
"AAACAGCTTTCAGAAG-1","4","Non-laminar"
"AAACAGGGTCTATATT-1","1","WM"
"AAACAGTGTTCCTGGG-1","1","WM"
"AAACATTTCCCGGATT-1","0","L2/L3"
"AAACCCGAACGAAATC-1","0","L2/L3"
"AAACCGGGTAGGTACC-1","2","L6"
"AAACCGTTCGTCCAGG-1","1","WM"
"AAACCTAAGCAGCCGG-1","4","Non-laminar"
"AAACCTCATGAAGTTG-1","2","L6"
"AAACGAAGAACATACC-1","0","L2/L3"
"AAACGAGACGGTTGAT-1","2","L6"
"AAACGGGCGTACGGGT-1","4","Non-laminar"
"AAACGGTTGCGAACTG-1","2","L6"
"AAACTCGGTTCGCAAT-1","4","Non-laminar"
"AAACTCGTGATATAAG-1","0","L2/L3"
"AAACTGCTGGCTCCAA-1","2","L6"
"AAACTTAATTGCACGC-1","1","WM"
"AAACTTGCAAACGTAT-1","4","Non-laminar"
"AAAGACATGAAGTTTA-1","5","L1"
"AAAGACCCAAGTCGCG-1","0","L2/L3"
"AAAGACTGGGCGCTTT-1","0","L2/L3"
"AAAGGCCCTATAATAC-1","1","WM"
"AAAGGCTACGGACCAT-1","2","L6"
"AAAGGCTCTCGCGCCG-1","1","WM"
"AAAGGGATGTAGCAAG-1","3","L5"
"AAAGGGCAGCTTGAAT-1","5","L1"
"AAAGGTAAGCTGTACC-1","5","L1"
"AAAGTAGCATTGCTCA-1","1","WM"
"AAAGTCACTGATGTAA-1","0","L2/L3"
"AAAGTCGACCCTCAGT-1","3","L5"
"AAAGTGTGATTTATCT-1","0","L2/L3"
"AAAGTTGACTCCCGTA-1","0","L2/L3"
"AAATAACCATACGGGA-1","0","L2/L3"
"AAATAAGGTAGTGCCC-1","0","L2/L3"
"AAATACCTATAAGCAT-1","2","L6"
"AAATAGCTTAGACTTT-1","4","Non-laminar"
"AAATAGGGTGCTATTG-1","4","Non-laminar"
"AAATCCGATACACGCC-1","0","L2/L3"
"AAATCGTGTACCACAA-1","1","WM"
"AAATCTAGCCCTGCTA-1","0","L2/L3"
"AAATGATTCGATCAGC-1","0","L2/L3"
"AAATGCTCGTTACGTT-1","2","L6"
"AAATGGCATGTCTTGT-1","0","L2/L3"
"AAATGGCCCGTGCCCT-1","1","WM"
"AAATGGTCAATGTGCC-1","2","L6"
"AAATGTGGGTGCTCCT-1","5","L1"
"AAATTAACGGGTAGCT-1","2","L6"
"AAATTACACGACTCTG-1","5","L1"
"AAATTACCTATCGATG-1","0","L2/L3"
"AAATTGATAGTCCTTT-1","1","WM"
"AAATTGCGGCGGTTCT-1","5","L1"
"AAATTTACCGAAATCC-1","0","L2/L3"
"AAATTTGCGGGTGTGG-1","1","WM"
"AACAACTGGTAGTTGC-1","2","L6"
"AACAATACATTGTCGA-1","1","WM"
"AACAATTACTCTACGC-1","2","L6"
"AACACACGCTCGCCGC-1","4","Non-laminar"
"AACACGACTGTACTGA-1","0","L2/L3"
"AACACGAGACGCGGCC-1","1","WM"
"AACACGCGGCCGCGAA-1","5","L1"
"AACAGCTGTGTGGCAA-1","1","WM"
"AACAGGAAATCGAATA-1","0","L2/L3"
"AACAGGATGGGCCGCG-1","2","L6"
"AACAGGTAGTATGGAT-1","0","L2/L3"
"AACATATCAACTGGTG-1","0","L2/L3"
"AACATCGATACGTCTA-1","5","L1"
"AACATTGAAGTTGATC-1","1","WM"
"AACATTGGTCAGCCGT-1","5","L1"
"AACATTGTGACTCGAG-1","1","WM"
"AACCAAGACTTCTCTG-1","2","L6"
"AACCAGTATCACTCTT-1","5","L1"
"AACCATAGGGTTGAAC-1","1","WM"
"AACCATGGGATCGCTA-1","0","L2/L3"
"AACCCAGAGACGGAGA-1","0","L2/L3"
"AACCCATCCCATGATC-1","1","WM"
"AACCCGACAACCCGTG-1","1","WM"
"AACCCGAGCAGAATCG-1","4","Non-laminar"
"AACCCTACTGTCAATA-1","0","L2/L3"
"AACCCTGGTGGAACCA-1","0","L2/L3"
"AACCGAGCTTGGTCAT-1","3","L5"
"AACCGCTAAGGGATGC-1","0","L2/L3"
"AACCGTTGTGTTTGCT-1","0","L2/L3"
"AACCTAAAGCCGTCCG-1","4","Non-laminar"
"AACCTCGCTTTAGCCC-1","4","Non-laminar"
"AACCTTTAAATACGGT-1","4","Non-laminar"
"AACCTTTACGACGTCT-1","0","L2/L3"
"AACGAAAGTCGTCCCA-1","1","WM"
"AACGATAATGCCGTAG-1","4","Non-laminar"
"AACGATAGAAGGGCCG-1","0","L2/L3"
"AACGATATGTCAACTG-1","3","L5"
"AACGCATGATCTGGGT-1","0","L2/L3"
"AACGCGACCTTGGGCG-1","2","L6"
"AACGCGGTCTCCAGCC-1","0","L2/L3"
"AACGCTGTTGCTGAAA-1","4","Non-laminar"
"AACGGACGTACGTATA-1","0","L2/L3"
"AACGGCCATCTCCGGT-1","1","WM"
"AACGTACTGTGGGTAC-1","1","WM"
"AACGTAGTCTACCCAT-1","5","L1"
"AACGTCAGACTAGTGG-1","2","L6"
"AACGTGATGAAGGACA-1","0","L2/L3"
"AACGTGCGAAAGTCTC-1","2","L6"
"AACTACCCGTTTGTCA-1","0","L2/L3"
"AACTAGCGTATCGCAC-1","5","L1"
"AACTAGGCTTGGGTGT-1","2","L6"
"AACTCAAGTTAATTGC-1","2","L6"
"AACTCCAGAGCGTGTT-1","0","L2/L3"
"AACTCCTAATCCCATG-1","0","L2/L3"
"AACTCGATAAACACGT-1","4","Non-laminar"
"AACTCGATGGCGCAGT-1","5","L1"
"AACTCTCAATAGAGCG-1","3","L5"
"AACTCTCAGTGTGCTC-1","1","WM"
"AACTGATATTAGGCCT-1","3","L5"
"AACTGGGTCCCGACGT-1","0","L2/L3"
"AACTGGGTTCGAGCCG-1","0","L2/L3"
"AACTGGTGTGGGCCTT-1","0","L2/L3"
"AACTTCTGCGTCTATC-1","0","L2/L3"
"AACTTGCCCGTATGCA-1","2","L6"
"AACTTGCGTTCTCGCG-1","5","L1"
"AACTTTAGCTGCTGAG-1","5","L1"
"AAGAAGGATCAGTTAG-1","0","L2/L3"
"AAGACATACGTGGTTT-1","4","Non-laminar"
"AAGACCAAATAACTCA-1","1","WM"
"AAGACCCAACTGAACA-1","2","L6"
"AAGACTAACCCGTTGT-1","5","L1"
"AAGACTCACGCCCACT-1","0","L2/L3"
"AAGACTGCAAGCTACT-1","2","L6"
"AAGAGATGAATCGGTA-1","2","L6"
"AAGAGCTCTTTATCGG-1","3","L5"
"AAGAGGATGTACGCGA-1","2","L6"
"AAGAGGCATGGATCGC-1","3","L5"
"AAGAGGCCCTTTGGAA-1","0","L2/L3"
"AAGATGGCACCGGACC-1","1","WM"
"AAGATTGGCGGAACGT-1","3","L5"
"AAGCACCCTGCGTATC-1","4","Non-laminar"
"AAGCATACTCTCCTGA-1","2","L6"
"AAGCCGAAGCGGTTTA-1","0","L2/L3"
"AAGCCGCCGTGAAATC-1","1","WM"
"AAGCGCAGGGCTTTGA-1","4","Non-laminar"
"AAGCGGCGTCATGGGT-1","0","L2/L3"
"AAGCGTCCCTCATCGA-1","1","WM"
"AAGCTAGATCGAGTAA-1","2","L6"
"AAGCTCGTGCCAAGTC-1","2","L6"
"AAGCTCTTTCATGGTG-1","2","L6"
"AAGGAGAACTTATAAG-1","5","L1"
"AAGGAGCGGTTGGTGC-1","0","L2/L3"
"AAGGATCGATCGCTTG-1","0","L2/L3"
"AAGGATGAGGGACCTC-1","3","L5"
"AAGGCAGGCTGTCTCC-1","0","L2/L3"
"AAGGCGCGTAAAGCTT-1","2","L6"
"AAGGCTGTGCTCATCG-1","2","L6"
"AAGGGAACGACTGGCT-1","1","WM"
"AAGGGACAGATTCTGT-1","3","L5"
"AAGGGACTATGCATTC-1","1","WM"
"AAGGTATCCTAATATA-1","3","L5"
"AAGGTGATAAACCAGC-1","0","L2/L3"
"AAGTAAGCTTCCAAAC-1","5","L1"
"AAGTAGAAGACCGGGT-1","0","L2/L3"
"AAGTAGTGACGCGAGG-1","2","L6"
"AAGTCAATTGTCGTCA-1","0","L2/L3"
"AAGTGACGACCGAATT-1","2","L6"
"AAGTGAGTCGGGTTTA-1","1","WM"
"AAGTGCAAAGGTAGAC-1","4","Non-laminar"
"AAGTGCCTTGACTGTA-1","0","L2/L3"
"AAGTGCGTTAGAATCT-1","1","WM"
"AAGTGCTTCTCTATTG-1","1","WM"
"AAGTGTTTGGAGACGG-1","3","L5"
"AAGTTCACTCCAAGCT-1","0","L2/L3"
"AAGTTCAGTCTGCGTA-1","0","L2/L3"
"AAGTTCGGCCAACAGG-1","1","WM"
"AAGTTGTGATGTTATA-1","4","Non-laminar"
"AAGTTTACTAATGGCA-1","0","L2/L3"
"AAGTTTATGGGCCCAA-1","4","Non-laminar"
"AATAACAACGCTCGGC-1","2","L6"
"AATAACACTAGAACAA-1","1","WM"
"AATAAGTCCTCGAGAC-1","0","L2/L3"
"AATACAATGTTTCAGG-1","5","L1"
"AATACCGGAGGGCTGT-1","1","WM"
"AATACCTGATGTGAAC-1","4","Non-laminar"
"AATAGAACAGAGTGGC-1","1","WM"
"AATAGAATCTGTTTCA-1","4","Non-laminar"
"AATAGCTACCGCGTGC-1","0","L2/L3"
"AATAGTCCGTCCCGAC-1","2","L6"
"AATATCAAGGTCGGAT-1","5","L1"
"AATATCGAATCAATGC-1","0","L2/L3"
"AATATCGAGGGTTCTC-1","0","L2/L3"
"AATATTGGAGTATTGA-1","2","L6"
"AATCAGACTGCAGGAC-1","5","L1"
"AATCATGTAAAGACTC-1","0","L2/L3"
"AATCCAAGGGCCTGAG-1","0","L2/L3"
"AATCGCCTCAGCGCCA-1","3","L5"
"AATCGCGCAGAGGACT-1","0","L2/L3"
"AATCGGGACACTACGA-1","0","L2/L3"
"AATCGGTATAGCCCTC-1","4","Non-laminar"
"AATCGTGAGCCGAGCA-1","4","Non-laminar"
"AATCTAGGTTTACTTG-1","1","WM"
"AATCTATGCCGGAGCC-1","0","L2/L3"
"AATCTCTACTGTGGTT-1","2","L6"
"AATCTGCGTTGGGACG-1","3","L5"
"AATCTGGCTTTCTAGT-1","1","WM"
"AATCTGGGTAGACCCT-1","0","L2/L3"
"AATGACAGCAATGTCT-1","1","WM"
"AATGACGTAGGATGTC-1","4","Non-laminar"
"AATGACTGTCAGCCGG-1","3","L5"
"AATGAGTTCGCATATG-1","5","L1"
"AATGATGATACGCTAT-1","0","L2/L3"
"AATGATGCGACTCCTG-1","0","L2/L3"
"AATGCAACCGGGTACC-1","2","L6"
"AATGCACCAAGCAATG-1","0","L2/L3"
"AATGGTCCACCGTTCA-1","0","L2/L3"
"AATGGTTCTCACAAGC-1","0","L2/L3"
"AATGTATGGCACTGTA-1","1","WM"
"AATGTGCCCGAGGTGT-1","1","WM"
"AATGTGCTAATCTGAG-1","1","WM"
"AATTAAAGGTCGGCGT-1","1","WM"
"AATTAACGGATTTCCA-1","2","L6"
"AATTACGAGACCCATC-1","1","WM"
"AATTAGCGCTGCAGCG-1","2","L6"
"AATTCATAAGGGATCT-1","3","L5"
"AATTCATTGTCATGCA-1","1","WM"
"AATTCCAAGCATGTAC-1","2","L6"
"AATTCGATTCGAGGAT-1","4","Non-laminar"
"AATTCTAGAGTTAGGC-1","2","L6"
"AATTGAACGCTCTGGT-1","3","L5"
"AATTGCAGCAATCGAC-1","4","Non-laminar"
"AATTGCGTGGATTACA-1","1","WM"
"AATTTGGGACATAGTA-1","0","L2/L3"
"AATTTGGTTCCAAAGA-1","0","L2/L3"
"ACAAACCATGCGTCCT-1","1","WM"
"ACAAACCGACAAGGCG-1","0","L2/L3"
"ACAAAGCATGACCTAG-1","4","Non-laminar"
"ACAAATCGCACCGAAT-1","3","L5"
"ACAAATGGTAGTGTTT-1","3","L5"
"ACAAATTCAGATCTGA-1","4","Non-laminar"
"ACAACAGCATGAGCTA-1","2","L6"
"ACAACGGTCCCTGCGA-1","0","L2/L3"
"ACAAGCAGTGCCTAGC-1","2","L6"
"ACAAGGAAATCCGCCC-1","2","L6"
"ACAAGGACAAGAGGTT-1","2","L6"
"ACAAGGATGCTTTAGG-1","4","Non-laminar"
"ACAAGGGCAGGCTCTG-1","3","L5"
"ACAATAGTCGTACGTT-1","2","L6"
"ACAATCCATTTAAACC-1","2","L6"
"ACAATCGATCTTTATA-1","0","L2/L3"
"ACAATGAATACGGAGA-1","1","WM"
"ACAATTGTGTCTCTTT-1","5","L1"
"ACAATTTGAGCAGTGG-1","3","L5"
"ACACAAAGACGGGTGG-1","3","L5"
"ACACACCAGGACCAGT-1","4","Non-laminar"
"ACACACTTTCTACACG-1","0","L2/L3"
"ACACATGATCAAATCT-1","1","WM"
"ACACATTGACGCAACA-1","5","L1"
"ACACCCAGCATGCAGC-1","3","L5"
"ACACCCGAGAAATCCG-1","0","L2/L3"
"ACACCGGTCTGACCGC-1","1","WM"
"ACACCTTAAGTAGGGC-1","2","L6"
"ACACCTTACTACTTGC-1","4","Non-laminar"
"ACACGAGACTCCTTCT-1","2","L6"
"ACACGGCACTATGCAT-1","0","L2/L3"
"ACACGGGAACTTAGGG-1","2","L6"
"ACACGTAGGCCACAAG-1","4","Non-laminar"
"ACACTCCAATGTCACT-1","0","L2/L3"
"ACACTGATCAAGGTGT-1","1","WM"
"ACACTGGGACAGTCGT-1","4","Non-laminar"
"ACAGAACTGAGAACAA-1","1","WM"
"ACAGATTAGGTTAGTG-1","0","L2/L3"
"ACAGCATAGAGCCAGT-1","0","L2/L3"
"ACAGCGACATTCTCAT-1","0","L2/L3"
"ACAGCGCACCCGCAGC-1","0","L2/L3"
"ACAGGCTTGCCCGACT-1","4","Non-laminar"
"ACAGGTGGAGGTGAGG-1","1","WM"
"ACAGTAATACAACTTG-1","1","WM"
"ACATAAGTCGTGGTGA-1","1","WM"
"ACATAATAAGGCGGTG-1","3","L5"
"ACATCAGCTGGGACGC-1","2","L6"
"ACATCCCGGCCATACG-1","1","WM"
"ACATCCTGGTAACTGT-1","0","L2/L3"
"ACATCGTATGCAATGG-1","3","L5"
"ACATCGTTAACCTAGT-1","0","L2/L3"
"ACATCTCAACGCGTAA-1","0","L2/L3"
"ACATGGCGCCAAAGTA-1","0","L2/L3"
"ACATGGCTCAATTTAG-1","5","L1"
"ACATTAGTTTATATCC-1","2","L6"
"ACCAAACTAGAAATCC-1","0","L2/L3"
"ACCAACACCACACACT-1","0","L2/L3"
"ACCAACCGCACTCCAC-1","4","Non-laminar"
"ACCAACGCTTATTTAT-1","1","WM"
"ACCAAGAACGCGTGTC-1","0","L2/L3"
"ACCAATATGCAAGTTA-1","2","L6"
"ACCACAACTCAGAACA-1","0","L2/L3"
"ACCACAAGTTTCTATC-1","2","L6"
"ACCACCAATGTAACAA-1","0","L2/L3"
"ACCACGTGCAGCTATA-1","4","Non-laminar"
"ACCAGCCCGGTCTTTG-1","0","L2/L3"
"ACCAGGAGTGTGATCT-1","5","L1"
"ACCAGTGCCCGGTCAA-1","4","Non-laminar"
"ACCAGTGCGGGAGACG-1","4","Non-laminar"
"ACCATATCCGCAATAA-1","1","WM"
"ACCATCCGCCAACTAG-1","4","Non-laminar"
"ACCATCGTATATGGTA-1","1","WM"
"ACCCAACGCCCGTGGC-1","3","L5"
"ACCCACCTACATGCTC-1","0","L2/L3"
"ACCCATCTTGAGGGTA-1","2","L6"
"ACCCATTTGTCCCTCT-1","0","L2/L3"
"ACCCGAGCGAAATTAC-1","1","WM"
"ACCCGGAAACTCCCAG-1","2","L6"
"ACCCGGATGACGCATC-1","0","L2/L3"
"ACCCGGTTACACTTCC-1","1","WM"
"ACCCGTGTCATCAGTA-1","2","L6"
"ACCCTATGCCATATCG-1","1","WM"
"ACCCTCCCTTGCTATT-1","3","L5"
"ACCCTTCATCTGCGAA-1","0","L2/L3"
"ACCCTTTAGTTCTCCA-1","0","L2/L3"
"ACCGAAAGGGCCCTGC-1","0","L2/L3"
"ACCGAAGAGTCTGGTT-1","1","WM"
"ACCGACACATCTCCCA-1","2","L6"
"ACCGACTGAGTCCCAC-1","2","L6"
"ACCGATGGTAGCATCG-1","2","L6"
"ACCGCAATAACTGCCT-1","4","Non-laminar"
"ACCGCGGTGGAAGTCG-1","0","L2/L3"
"ACCGGGCCTTTGTTGA-1","0","L2/L3"
"ACCGGTCAGGTACACC-1","1","WM"
"ACCGGTCTGAGTACGG-1","5","L1"
"ACCGTCCACTGGGCCC-1","1","WM"
"ACCGTGACCACGTGGG-1","1","WM"
"ACCGTTCCCGCTCTGA-1","0","L2/L3"
"ACCTAAGTACCTTTCA-1","1","WM"
"ACCTAATCGACTTCCT-1","3","L5"
"ACCTACAGTATGTGGT-1","4","Non-laminar"
"ACCTACTATAAATCTA-1","1","WM"
"ACCTCCGCCCTCGCTG-1","0","L2/L3"
"ACCTCCGTTATTCACC-1","4","Non-laminar"
"ACCTCGAACTTATGCT-1","1","WM"
"ACCTGCGTGTCATGTT-1","4","Non-laminar"
"ACCTTTCCTTTAGAAG-1","5","L1"
"ACGAAATGGGCGGCAC-1","2","L6"
"ACGACTGGTCATACTC-1","1","WM"
"ACGAGAACCCATCACG-1","5","L1"
"ACGAGATATTTGCTTA-1","0","L2/L3"
"ACGAGGATACCACTCT-1","1","WM"
"ACGAGGTTTACAACGT-1","1","WM"
"ACGAGTACGGATGCCC-1","0","L2/L3"
"ACGATACATAGAACTA-1","3","L5"
"ACGATCATACATAGAG-1","3","L5"
"ACGATCATCTTGTAAA-1","0","L2/L3"
"ACGATGCATATGTTAT-1","2","L6"
"ACGATGGATCCGATGC-1","0","L2/L3"
"ACGCAAACTAATAGAT-1","1","WM"
"ACGCAATCACTACAGC-1","0","L2/L3"
"ACGCATACGTTTACTA-1","0","L2/L3"
"ACGCATTCGTGAGTAC-1","2","L6"
"ACGCCAGATGATTTCT-1","0","L2/L3"
"ACGCCCAGCTGTCGAT-1","0","L2/L3"
"ACGCCGCTAGACGACC-1","2","L6"
"ACGCGAAGTCAGACGA-1","4","Non-laminar"
"ACGCGCTACACAGGGT-1","2","L6"
"ACGCGGGCCAAGGACA-1","2","L6"
"ACGCTAGTGATACACT-1","0","L2/L3"
"ACGCTGTGAGGCGTAG-1","3","L5"
"ACGCTTAGTGTCTCTC-1","0","L2/L3"
"ACGGAATTTAGCAAAT-1","5","L1"
"ACGGACTCTCAAAGCG-1","4","Non-laminar"
"ACGGAGCGCAAATTAC-1","0","L2/L3"
"ACGGATGGTGCGGATA-1","4","Non-laminar"
"ACGGCACTTGCTTGGG-1","4","Non-laminar"
"ACGGCCAACATGGACT-1","1","WM"
"ACGGCGACGATGGGAA-1","3","L5"
"ACGGCGGGTTGCCCTG-1","5","L1"
"ACGGCTGGATGTAGAA-1","1","WM"
"ACGGGAGTGTCGGCCC-1","1","WM"
"ACGGGTCATGTGACTT-1","4","Non-laminar"
"ACGTACAGATTTCTCT-1","0","L2/L3"
"ACGTAGATTGCTGATG-1","2","L6"
"ACGTATTACTCCGATC-1","0","L2/L3"
"ACGTCCTAAACGAGAT-1","5","L1"
"ACGTGCGCCTCGTGCA-1","3","L5"
"ACGTGGTCGAATGTGC-1","0","L2/L3"
"ACGTTAATGTCGAAGA-1","2","L6"
"ACGTTAGATTTGCCCG-1","2","L6"
"ACGTTCCGCGCTCCGT-1","0","L2/L3"
"ACGTTCGCAATCAATT-1","0","L2/L3"
"ACGTTCGTTCAGGAAA-1","1","WM"
"ACGTTCTGTACAAGTC-1","4","Non-laminar"
"ACGTTTAGTTGTGATC-1","0","L2/L3"
"ACTAATACGTCAGGCG-1","4","Non-laminar"
"ACTACATCCCGACAAG-1","1","WM"
"ACTACCAGCTCTCTGG-1","3","L5"
"ACTAGTTGCGATCGTC-1","0","L2/L3"
"ACTATATGCTGTGTTC-1","0","L2/L3"
"ACTATCCAGGGCATGG-1","0","L2/L3"
"ACTATCTGCCCGCGTA-1","0","L2/L3"
"ACTATGTCCAGCTGCC-1","1","WM"
"ACTATTCGTCCGTGGT-1","0","L2/L3"
"ACTATTTCCGGGCCCA-1","1","WM"
"ACTCAACGAATGTATT-1","5","L1"
"ACTCAAGTGCAAGGCT-1","0","L2/L3"
"ACTCAATAAAGGCACG-1","0","L2/L3"
"ACTCAGACCTGCTTCT-1","0","L2/L3"
"ACTCATGGCAGCCTTC-1","1","WM"
"ACTCCAATATCATCAT-1","1","WM"
"ACTCCCATTCCTAAAG-1","2","L6"
"ACTCCCGAATTCGTTT-1","0","L2/L3"
"ACTCCCTAATGCTAAA-1","4","Non-laminar"
"ACTCCCTAGAATAGTA-1","2","L6"
"ACTCGCCGTTCGATAA-1","4","Non-laminar"
"ACTCGTAACCCGTCCT-1","1","WM"
"ACTCGTCAGTAATCCC-1","3","L5"
"ACTCTCTGACTTAGGT-1","3","L5"
"ACTCTCTTATACACGA-1","0","L2/L3"
"ACTCTTGTATAGTAAC-1","2","L6"
"ACTGAAACGCCGTTAG-1","0","L2/L3"
"ACTGAATGGCGAAAGT-1","3","L5"
"ACTGATTTAGTGATTC-1","0","L2/L3"
"ACTGCCCGCCATTCTC-1","1","WM"
"ACTGCCGTCGTAACTC-1","0","L2/L3"
"ACTGCTCGGAAGGATG-1","1","WM"
"ACTGTACGATACACAT-1","3","L5"
"ACTGTAGCACTTTGGA-1","2","L6"
"ACTGTATACGCGAGCA-1","5","L1"
"ACTGTCCAGGATTATA-1","2","L6"
"ACTGTCTTCTTTAGAA-1","2","L6"
"ACTGTGCTAGTAGATC-1","0","L2/L3"
"ACTGTTTAGTGTAGGC-1","5","L1"
"ACTTACCGGGCGCGCA-1","0","L2/L3"
"ACTTACGCATCCACGC-1","4","Non-laminar"
"ACTTAGTACGACAAGA-1","0","L2/L3"
"ACTTATACTTACCCGG-1","3","L5"
"ACTTATCTGATCTATA-1","0","L2/L3"
"ACTTATTAGGATCGGT-1","2","L6"
"ACTTATTTATGTGCCA-1","0","L2/L3"
"ACTTCAGGCTGATCCC-1","4","Non-laminar"
"ACTTCCATGCGGGACA-1","4","Non-laminar"
"ACTTCGCCATACGCAC-1","3","L5"
"ACTTGACTCCCTCTTT-1","2","L6"
"ACTTGCCATATTGTAC-1","0","L2/L3"
"ACTTGGGACCCGGTGG-1","4","Non-laminar"
"ACTTGTAGTCCCTTCA-1","2","L6"
"ACTTGTGGATGGAACG-1","0","L2/L3"
"ACTTTACCCTCATGAA-1","0","L2/L3"
"ACTTTCCTATAGCTTC-1","3","L5"
"ACTTTGACTGCATCCT-1","3","L5"
"ACTTTGGTCGTGCTCC-1","1","WM"
"AGAAATTATGACTCGC-1","5","L1"
"AGAACCCTCAATTGGG-1","1","WM"
"AGAACGTGGTACATTC-1","3","L5"
"AGAAGGTACACTTCAC-1","1","WM"
"AGAAGGTTGCCGAATT-1","1","WM"
"AGAAGGTTGTAGGTCG-1","4","Non-laminar"
"AGAAGTGATTCGTGAT-1","1","WM"
"AGAATAAATCTTCAGG-1","2","L6"
"AGAATGCGGGTTCGGA-1","5","L1"
"AGAATTATGGATTCGA-1","0","L2/L3"
"AGAATTGTTTGACATA-1","0","L2/L3"
"AGACATAGATCCTTCC-1","0","L2/L3"
"AGACCAAACCACACCT-1","1","WM"
"AGACCATGGGATACAA-1","0","L2/L3"
"AGACCCACCGCTGATC-1","4","Non-laminar"
"AGACCCGCCCTCCTCG-1","2","L6"
"AGACCGCTCCGCGGTT-1","0","L2/L3"
"AGACCGGGAAACCCTG-1","2","L6"
"AGACGAAGTGCCGGTC-1","0","L2/L3"
"AGACGACGATGCCGCT-1","1","WM"
"AGACGGGATTGGTATA-1","0","L2/L3"
"AGACGGGCCGATTTAA-1","0","L2/L3"
"AGACTAGCCTTCCAGA-1","3","L5"
"AGACTGTTACCGGGTC-1","1","WM"
"AGAGAAACACCAGAAA-1","1","WM"
"AGAGAACCGTCTAGGA-1","3","L5"
"AGAGAAGGAGTACAAT-1","1","WM"
"AGAGATCTCTAAAGCG-1","2","L6"
"AGAGCAGTTATGAGAC-1","0","L2/L3"
"AGAGCCGCCGAGATTT-1","0","L2/L3"
"AGAGCGGGCTAATCAT-1","3","L5"
"AGAGCGTACAAGCTCG-1","0","L2/L3"
"AGAGGCTTCGGAAACC-1","0","L2/L3"
"AGAGGTATCTCGGTCC-1","5","L1"
"AGAGTAAACTTCACTA-1","0","L2/L3"
"AGAGTTAGAGACCGAT-1","0","L2/L3"
"AGATAACTTCAGGGCC-1","2","L6"
"AGATACGACTTCATAT-1","0","L2/L3"
"AGATACTCAAGATCGA-1","3","L5"
"AGATATAATACGACTA-1","4","Non-laminar"
"AGATCGTGCATAAGAT-1","0","L2/L3"
"AGATCTCAGGTGTGAT-1","3","L5"
"AGATGACTCGCCCACG-1","3","L5"
"AGATGAGGGTTGCGAT-1","0","L2/L3"
"AGATGATGGAGTCTGG-1","0","L2/L3"
"AGATGCAAGACGTGCA-1","1","WM"
"AGATTATAGGACGTTT-1","2","L6"
"AGATTCACAACCGATA-1","1","WM"
"AGCAAAGGCCGCTAGT-1","4","Non-laminar"
"AGCAACATATCTTATT-1","0","L2/L3"
"AGCAACCGAAAGTAAT-1","1","WM"
"AGCACACGTTTAGACT-1","1","WM"
"AGCACCAGTACTCACG-1","0","L2/L3"
"AGCACTACCGGCCTGT-1","3","L5"
"AGCACTACCTCACCAG-1","4","Non-laminar"
"AGCACTTAAGGACGCC-1","2","L6"
"AGCAGAAGGAGAAAGA-1","4","Non-laminar"
"AGCAGCCAGATGAATA-1","2","L6"
"AGCATATCAATATGCT-1","0","L2/L3"
"AGCATCATTTCGAAAG-1","1","WM"
"AGCATCGTCGATAATT-1","3","L5"
"AGCATTACGAGGCAAG-1","4","Non-laminar"
"AGCCAAGCTTTGTGTC-1","2","L6"
"AGCCACAGGTTACCCG-1","0","L2/L3"
"AGCCACTCCCGTGCTT-1","3","L5"
"AGCCCATACATGTAAG-1","2","L6"
"AGCCCGGCATTAGAGG-1","1","WM"
"AGCCCGGTAGCCTGTA-1","1","WM"
"AGCCCTAAGCGAAGTT-1","3","L5"
"AGCCCTCCCTGGTGGC-1","1","WM"
"AGCCCTTCTAATCCGA-1","0","L2/L3"
"AGCCGTGGCTAAATGT-1","1","WM"
"AGCCTAATACCCACGT-1","1","WM"
"AGCCTTAAAGCGGAAG-1","0","L2/L3"
"AGCGACAGGAACGGTC-1","1","WM"
"AGCGACATCCCATTCA-1","0","L2/L3"
"AGCGACCAACGATATT-1","2","L6"
"AGCGAGACGTGAAGGC-1","1","WM"
"AGCGATGCGCCTAATA-1","0","L2/L3"
"AGCGCATAATGAATCG-1","1","WM"
"AGCGCGGGTGCCAATG-1","0","L2/L3"
"AGCGCTTATGGGCAAG-1","0","L2/L3"
"AGCGGACACTTCGTAG-1","2","L6"
"AGCGGCGGTTAGCGGT-1","1","WM"
"AGCGGGAAGGGTCCAT-1","0","L2/L3"
"AGCGGGTCTGACACTC-1","2","L6"
"AGCGGTTGAGATGTAC-1","5","L1"
"AGCGTAGCGCTAGACC-1","0","L2/L3"
"AGCGTGGTATTCTACT-1","2","L6"
"AGCGTTCCGATTTAAA-1","0","L2/L3"
"AGCTAACAAGCAATGT-1","1","WM"
"AGCTAAGTACGCAGGC-1","4","Non-laminar"
"AGCTAGAAGCAGAAGT-1","0","L2/L3"
"AGCTATTTAATCCAAC-1","0","L2/L3"
"AGCTCCATATATGTTC-1","0","L2/L3"
"AGCTCCTTCGCACATC-1","2","L6"
"AGCTCTAGACGTTCCA-1","2","L6"
"AGCTCTTCCCAGTGCA-1","3","L5"
"AGCTCTTCGTAACCTT-1","0","L2/L3"
"AGCTCTTTACTCAGTT-1","1","WM"
"AGCTGAAGTAAACCAA-1","3","L5"
"AGCTGTAACCTCAATC-1","1","WM"
"AGCTTATAGAGACCTG-1","5","L1"
"AGCTTCAATACTTTGA-1","5","L1"
"AGCTTGATCTTAACTT-1","2","L6"
"AGGAAAGCCTCTGATG-1","5","L1"
"AGGAAGCTGTCCGCCG-1","4","Non-laminar"
"AGGACAGTCGAATCCC-1","3","L5"
"AGGACATCGCACGTCG-1","0","L2/L3"
"AGGACGACCCATTAGA-1","1","WM"
"AGGACGCTCGATGTTG-1","0","L2/L3"
"AGGAGGCCTTCGCGCG-1","0","L2/L3"
"AGGATAAAGTCGGGAT-1","4","Non-laminar"
"AGGATATAGGGATTTA-1","0","L2/L3"
"AGGATCACGCGATCTG-1","1","WM"
"AGGCAAAGAGGAATCA-1","5","L1"
"AGGCACGTGACTGTCC-1","5","L1"
"AGGCAGATGCGTAAAC-1","3","L5"
"AGGCAGGGAGCGTACT-1","1","WM"
"AGGCATTGTCGTAGGG-1","0","L2/L3"
"AGGCCACCCGTTATGA-1","2","L6"
"AGGCCCATTGTACAGG-1","0","L2/L3"
"AGGCCCTAGAACGCCA-1","1","WM"
"AGGCCTGAGAATCTCG-1","4","Non-laminar"
"AGGCGGTTTGTCCCGC-1","1","WM"
"AGGCGTCTATGGACGG-1","5","L1"
"AGGCTATGGTTAGCTT-1","2","L6"
"AGGCTTCCCGAAGAAG-1","1","WM"
"AGGCTTGCTAGACACC-1","0","L2/L3"
"AGGGAAACGAGGTACT-1","0","L2/L3"
"AGGGACAGCACGGCGG-1","5","L1"
"AGGGACCGGCTGCGTT-1","0","L2/L3"
"AGGGACTCTACGCGAC-1","1","WM"
"AGGGAGACATACTTCG-1","0","L2/L3"
"AGGGCAGCGGCGTGGT-1","0","L2/L3"
"AGGGCGAGCAGCTGAT-1","2","L6"
"AGGGCGTGATCGGCTA-1","0","L2/L3"
"AGGGCTGCAGTTACAG-1","5","L1"
"AGGGTCAGAGCACTCG-1","1","WM"
"AGGGTCGATGCGAACT-1","0","L2/L3"
"AGGGTGCCGTTCTTTA-1","1","WM"
"AGGGTGCTCTCGAGGG-1","3","L5"
"AGGGTGGATAGTGCAT-1","4","Non-laminar"
"AGGGTTCCCTTTGGTT-1","3","L5"
"AGGGTTTAGTTCGGGA-1","2","L6"
"AGGTAACCTCCTATTC-1","0","L2/L3"
"AGGTACGATATTGCCA-1","0","L2/L3"
"AGGTAGATCGAGATAT-1","1","WM"
"AGGTAGGTACAAAGCT-1","2","L6"
"AGGTATAATTGATAGT-1","0","L2/L3"
"AGGTCAGGTGAGAGTG-1","2","L6"
"AGGTCGCCACTTCGGT-1","5","L1"
"AGGTCGCGGAGTTACT-1","0","L2/L3"
"AGGTGGTGACCTTCGC-1","4","Non-laminar"
"AGGTGTATCGCCATGA-1","3","L5"
"AGGTTACACCATGCCG-1","0","L2/L3"
"AGGTTCTCCTTTCCGG-1","1","WM"
"AGGTTGAGGCACGCTT-1","3","L5"
"AGGTTTCACACACCTT-1","2","L6"
"AGTAACGTTCATCCTG-1","0","L2/L3"
"AGTAACTATAGCAGCC-1","4","Non-laminar"
"AGTAATGTCTTGCCGC-1","0","L2/L3"
"AGTAATTTGCAAGCGT-1","1","WM"
"AGTACATCATTTATCA-1","0","L2/L3"
"AGTACCTTCGAGTGCT-1","5","L1"
"AGTACGGCCCGTATCG-1","2","L6"
"AGTACGGGCACCTGGC-1","3","L5"
"AGTACGTGGCCTGTCT-1","0","L2/L3"
"AGTACTCTTATGCCCA-1","0","L2/L3"
"AGTAGAAGGCGCCTCA-1","1","WM"
"AGTAGCGTGAACGAAC-1","0","L2/L3"
"AGTAGCTAGACGCCGA-1","5","L1"
"AGTAGGAAGGAAGTTG-1","0","L2/L3"
"AGTAGGTAACATACAT-1","0","L2/L3"
"AGTATAATACTAGGCA-1","0","L2/L3"
"AGTATACACAGCGACA-1","1","WM"
"AGTATCCATAATAACG-1","5","L1"
"AGTATGCTGGAGACCA-1","1","WM"
"AGTATTTGGCACGACC-1","1","WM"
"AGTCAAATGATGTGAT-1","1","WM"
"AGTCAACACCACCATC-1","1","WM"
"AGTCAAGATGACACTT-1","4","Non-laminar"
"AGTCACTAGCTCTCGA-1","0","L2/L3"
"AGTCACTCCGCCTCAT-1","5","L1"
"AGTCAGCCACCGCCTG-1","5","L1"
"AGTCCAGCGGGTACGT-1","5","L1"
"AGTCCATTGGCTGATG-1","0","L2/L3"
"AGTCCCGCCTTTAATT-1","0","L2/L3"
"AGTCGACGGTCTCAAG-1","3","L5"
"AGTCGGCCCAAACGAC-1","3","L5"
"AGTCGGCTCAACTTTA-1","1","WM"
"AGTCGGTTGCGTGAGA-1","0","L2/L3"
"AGTCGTATAAAGCAGA-1","4","Non-laminar"
"AGTCGTCGACCACCAA-1","0","L2/L3"
"AGTCGTGGGCATTACG-1","1","WM"
"AGTCTAAAGTATACTC-1","0","L2/L3"
"AGTCTCACAAGACTAC-1","1","WM"
"AGTCTGGACATCCTTG-1","5","L1"
"AGTCTTCTCCTCAAAT-1","0","L2/L3"
"AGTCTTTAAAGTGTCC-1","3","L5"
"AGTGAACAAACTTCTC-1","0","L2/L3"
"AGTGACCTACTTTACG-1","1","WM"
"AGTGACTGTGACACAA-1","1","WM"
"AGTGAGACTTCCAGTA-1","3","L5"
"AGTGAGCCTCGCCGCC-1","0","L2/L3"
"AGTGAGGGTTTCTGAC-1","0","L2/L3"
"AGTGATAACCTGCGCG-1","0","L2/L3"
"AGTGATATGAGTAGTT-1","1","WM"
"AGTGATTCAAGCAGGA-1","3","L5"
"AGTGCACGCTTAAGAA-1","0","L2/L3"
"AGTGCGTAGCTCGTAA-1","1","WM"
"AGTGCTAAACACAGCA-1","0","L2/L3"
"AGTGCTTGCACGAATA-1","4","Non-laminar"
"AGTGGCGGCAATTTGA-1","0","L2/L3"
"AGTGGCGTCTGAAGGT-1","4","Non-laminar"
"AGTGGCTCCGTCGGCC-1","3","L5"
"AGTGGTGTTACCCGTG-1","2","L6"
"AGTGTATTGCGCATTG-1","0","L2/L3"
"AGTGTGCTAAGATCGC-1","4","Non-laminar"
"AGTGTGGTCTATTGTG-1","0","L2/L3"
"AGTTAAACACTTGCGA-1","1","WM"
"AGTTAAGCGGTCCCGG-1","0","L2/L3"
"AGTTAAGTCAACCGCT-1","1","WM"
"AGTTACCGCACATGGT-1","0","L2/L3"
"AGTTACTCTATCGTGG-1","0","L2/L3"
"AGTTATTGAAAGGTAA-1","0","L2/L3"
"AGTTCCTACAGAATTA-1","2","L6"
"AGTTCCTATTTATGTT-1","2","L6"
"AGTTGACATCGGCTGG-1","5","L1"
"AGTTGACGGTCCTTGC-1","2","L6"
"AGTTGCTGACTGATAT-1","0","L2/L3"
"AGTTTCGCAGGTCGGA-1","5","L1"
"AGTTTGCACCTGCCTC-1","3","L5"
"AGTTTGGCACGGGTTG-1","0","L2/L3"
"AGTTTGGCCAGACCTA-1","1","WM"
"ATAAACCATTGGACGG-1","5","L1"
"ATAAACGGACCCGTAA-1","4","Non-laminar"
"ATAAACGTTGCACCAC-1","0","L2/L3"
"ATAAAGGCTCGGTCGT-1","2","L6"
"ATAAAGGTCAAGTACG-1","0","L2/L3"
"ATAAATATTAGCAGCT-1","2","L6"
"ATAACGCCGGAGGGTC-1","3","L5"
"ATAACGGAGTCCAACG-1","2","L6"
"ATAAGGTGGAGAACAT-1","2","L6"
"ATAAGTAGGATTCAGA-1","0","L2/L3"
"ATAAGTAGGGCGACTC-1","4","Non-laminar"
"ATAAGTTACCGCGACG-1","1","WM"
"ATAATACCGTTAGCCG-1","0","L2/L3"
"ATAATAGCTGTTGAAT-1","2","L6"
"ATAATAGTGTAGGGAC-1","0","L2/L3"
"ATAATCTTGGAGAACC-1","4","Non-laminar"
"ATAATTAGCTAAGTAG-1","2","L6"
"ATACAGGCCCTCCAAT-1","4","Non-laminar"
"ATACCACGGGCAACTT-1","2","L6"
"ATACCAGCAAATTGCT-1","0","L2/L3"
"ATACCAGGCTAATAGA-1","0","L2/L3"
"ATACCAGGTGAGCGAT-1","5","L1"
"ATACCTAACCAAGAAA-1","2","L6"
"ATACGCCGATCTACCG-1","5","L1"
"ATACGCCGGCGAAACC-1","2","L6"
"ATACGGAACGTCGTTT-1","1","WM"
"ATACGGGTTTCGATTG-1","3","L5"
"ATACGGTGAAGATGCA-1","0","L2/L3"
"ATACGTACTTAGCCAC-1","4","Non-laminar"
"ATACGTCCACTCCTGT-1","0","L2/L3"
"ATACGTTATGCACGGA-1","2","L6"
"ATACTACCCGTACCAC-1","0","L2/L3"
"ATACTAGCATGACCCT-1","3","L5"
"ATACTCTCGCCACTCT-1","5","L1"
"ATACTGCCTTACACCG-1","2","L6"
"ATACTTGTTCTCGAGC-1","4","Non-laminar"
"ATAGACAACGGGACCT-1","0","L2/L3"
"ATAGACGAAGAGAAAG-1","2","L6"
"ATAGAGTACTGGGACA-1","3","L5"
"ATAGAGTTATCAACTT-1","3","L5"
"ATAGATTTGCAGTCGG-1","0","L2/L3"
"ATAGCAACTAGGGAAG-1","4","Non-laminar"
"ATAGCCTCAGTACCCA-1","5","L1"
"ATAGGAATCTAAGCTT-1","5","L1"
"ATAGGCGGCTATAGAA-1","1","WM"
"ATAGGCTAGCTTCGCA-1","0","L2/L3"
"ATAGGGATATCCTTGA-1","3","L5"
"ATAGGTTGGGCAGATG-1","2","L6"
"ATAGTCTTTGACGTGC-1","0","L2/L3"
"ATAGTGAAGCGTTCTC-1","1","WM"
"ATAGTTCCACCCACTC-1","0","L2/L3"
"ATATAAAGCGCTCGTG-1","2","L6"
"ATATAAATGTAGCTGC-1","4","Non-laminar"
"ATATAACACGGGCGCA-1","4","Non-laminar"
"ATATACGCTCGTGACG-1","0","L2/L3"
"ATATAGAGTATTGGTC-1","1","WM"
"ATATCAACCTACAGAG-1","4","Non-laminar"
"ATATCGGTAGGGAGAT-1","0","L2/L3"
"ATATCGTGCCAGACCC-1","0","L2/L3"
"ATATCGTTCCTCGAAC-1","0","L2/L3"
"ATATCTCCCTCGTTAA-1","0","L2/L3"
"ATATCTTAGGGCCTTC-1","2","L6"
"ATATGTCTCCCTAGCC-1","0","L2/L3"
"ATATTCAGTTAAACCT-1","1","WM"
"ATATTCCACATAGTGA-1","4","Non-laminar"
"ATATTCCCACAGGTCA-1","0","L2/L3"
"ATATTGCTGTCAAAGT-1","0","L2/L3"
"ATATTTAACCCTCAAG-1","2","L6"
"ATCAAACACTGTTCCA-1","0","L2/L3"
"ATCAAACGAAGGTTTG-1","1","WM"
"ATCAATCTGGGCTGCA-1","2","L6"
"ATCAATGCCGTGGCTG-1","1","WM"
"ATCACATTAGAATATC-1","3","L5"
"ATCACGTGCTAATTAA-1","1","WM"
"ATCACTTCATCCTCGC-1","0","L2/L3"
"ATCAGACGGCACGCCG-1","1","WM"
"ATCAGCCTCATGCTGC-1","0","L2/L3"
"ATCAGCTCGTCCACTA-1","1","WM"
"ATCAGGTCGCCATTGC-1","0","L2/L3"
"ATCAGTAGGCAGGGAT-1","3","L5"
"ATCATAGCCCTATGTA-1","0","L2/L3"
"ATCATCCAATATTTGT-1","2","L6"
"ATCATCTGCCCAGTGT-1","0","L2/L3"
"ATCCAACGCAGTCATA-1","2","L6"
"ATCCAATGGAGGGTCC-1","2","L6"
"ATCCACATCGACAGAA-1","4","Non-laminar"
"ATCCACGCTAAATGTT-1","0","L2/L3"
"ATCCAGAGCAACAACC-1","1","WM"
"ATCCAGGATTCGTGAA-1","1","WM"
"ATCCCATCCACAGCGC-1","1","WM"
"ATCCTACCTAAGCTCT-1","1","WM"
"ATCCTGAATCGCTGCG-1","2","L6"
"ATCCTGCGTGGAATGG-1","1","WM"
"ATCCTGCTGCAGATAG-1","5","L1"
"ATCGACCCAATACAGA-1","2","L6"
"ATCGACTCTTTCCGTT-1","3","L5"
"ATCGCACGATTGTTCA-1","5","L1"
"ATCGCACGCCGGGAGA-1","2","L6"
"ATCGCCAGTCAACATT-1","0","L2/L3"
"ATCGCTGCGTGCAGCA-1","0","L2/L3"
"ATCGGAGACAGACGGC-1","4","Non-laminar"
"ATCGGCAAGCAGTCCA-1","0","L2/L3"
"ATCGTGGAAAGTCTGG-1","1","WM"
"ATCGTTAGCTAGCGGA-1","0","L2/L3"
"ATCGTTCACTTTCGCC-1","0","L2/L3"
"ATCTAATATCCTACGG-1","4","Non-laminar"
"ATCTAGCTTGTGAGGG-1","2","L6"
"ATCTCCCACGGAATAT-1","0","L2/L3"
"ATCTCCCTGCAATCTA-1","3","L5"
"ATCTCGTGAGCGAAAC-1","0","L2/L3"
"ATCTGACATGGAAGGA-1","1","WM"
"ATCTGATAGTGTCTTA-1","5","L1"
"ATCTGCACCTCTGCGA-1","0","L2/L3"
"ATCTGCTGTTATCGCC-1","4","Non-laminar"
"ATCTGGGCTGTTCTTG-1","2","L6"
"ATCTGGTTAAGACTGT-1","3","L5"
"ATCTGTAATTGTACCC-1","0","L2/L3"
"ATCTTAGGGCATTAAT-1","1","WM"
"ATCTTATCGCACACCC-1","4","Non-laminar"
"ATCTTGACCTGCAACG-1","2","L6"
"ATCTTGACTTGTCCAA-1","0","L2/L3"
"ATGAAGCCAAGGAGCC-1","3","L5"
"ATGACGCCGGCTCTAA-1","3","L5"
"ATGACGCGTTCTATCC-1","1","WM"
"ATGACTATCAGCTGTG-1","1","WM"
"ATGACTATGCGACATT-1","4","Non-laminar"
"ATGAGGAGTGTTAATC-1","3","L5"
"ATGATCGGGAATAGAC-1","0","L2/L3"
"ATGATGCAATGGTACA-1","1","WM"
"ATGCACGCGCTGTTCA-1","1","WM"
"ATGCACTACCGCATTG-1","2","L6"
"ATGCATGATCCAGGAT-1","2","L6"
"ATGCATTCCGTGATGG-1","5","L1"
"ATGCCAATCGCTCTGC-1","5","L1"
"ATGCCATTTGCGACCA-1","0","L2/L3"
"ATGCCGGTCTTGCATA-1","3","L5"
"ATGCCGGTTGATGGGA-1","0","L2/L3"
"ATGCGACAATTGGTCC-1","4","Non-laminar"
"ATGCGACAGTCCCATT-1","2","L6"
"ATGCGAGTCCCACCAC-1","0","L2/L3"
"ATGCTCAGTGTTGCAT-1","0","L2/L3"
"ATGCTCTGGCGCGGTA-1","4","Non-laminar"
"ATGCTTAGGAGTTGAT-1","0","L2/L3"
"ATGGAAATTTAAGGAG-1","1","WM"
"ATGGAGCAGGCCGTGA-1","2","L6"
"ATGGATCCGGCGTCCG-1","3","L5"
"ATGGATTGACCAAACG-1","2","L6"
"ATGGCAGCATTACGAT-1","1","WM"
"ATGGCTGGAAATGGCC-1","0","L2/L3"
"ATGGGAACGGAAGCGG-1","0","L2/L3"
"ATGGGACCTGCTGAAC-1","1","WM"
"ATGGGCCTCGGCCTCT-1","0","L2/L3"
"ATGGGTGTATACCTCC-1","1","WM"
"ATGGTATTTACTGATT-1","1","WM"
"ATGGTCGCGTGGTTTC-1","3","L5"
"ATGGTGCTCAAAGCCA-1","5","L1"
"ATGTAAGGCTGCTCTT-1","0","L2/L3"
"ATGTACATGCGGTGAG-1","4","Non-laminar"
"ATGTACGATGACGTCG-1","2","L6"
"ATGTAGCGCGCGTAGG-1","4","Non-laminar"
"ATGTGAAAGCCTAATG-1","1","WM"
"ATGTGCATCCGACGCA-1","3","L5"
"ATGTGGACATCTTGAT-1","2","L6"
"ATGTGTAGTTTAGTCA-1","0","L2/L3"
"ATGTTACGAGCAATAC-1","0","L2/L3"
"ATGTTCGTCGACCCAC-1","3","L5"
"ATGTTGTAGTCTGTTT-1","1","WM"
"ATTAATACTACGCGGG-1","3","L5"
"ATTAATGAACCAGTCG-1","3","L5"
"ATTAATTCGGTCACTC-1","3","L5"
"ATTACAACTACCGGCC-1","0","L2/L3"
"ATTACATGTCAGTCTT-1","0","L2/L3"
"ATTACCACACTGCCTG-1","0","L2/L3"
"ATTACGCGCTGGCAGG-1","2","L6"
"ATTACTAGCCTCTTGC-1","0","L2/L3"
"ATTACTTACTGGGCAT-1","0","L2/L3"
"ATTAGATTCCTCAGCA-1","0","L2/L3"
"ATTAGATTGATAGCGG-1","0","L2/L3"
"ATTAGGCGATGCTTTC-1","3","L5"
"ATTATACTTTGCTCGT-1","0","L2/L3"
"ATTATAGCTACTTTAC-1","0","L2/L3"
"ATTATCTCGACAGATC-1","0","L2/L3"
"ATTATGAGACCCAATT-1","1","WM"
"ATTATGCCATAGGGAG-1","3","L5"
"ATTATTATGTCCGTCA-1","1","WM"
"ATTCAAAGTACCTGTT-1","4","Non-laminar"
"ATTCAACCATTTAAGG-1","0","L2/L3"
"ATTCACTGATGTTGGA-1","4","Non-laminar"
"ATTCAGGACCTATTTC-1","0","L2/L3"
"ATTCAGGATCGCCTCT-1","0","L2/L3"
"ATTCAGTAGCAGGGTC-1","2","L6"
"ATTCATATACTGTCCA-1","2","L6"
"ATTCATCGTTGAGGCA-1","0","L2/L3"
"ATTCCCACATAAACAA-1","2","L6"
"ATTCCTAAGACGTGGA-1","0","L2/L3"
"ATTCCTCCGCCAGTGC-1","3","L5"
"ATTCCTTCCAGGCGGT-1","5","L1"
"ATTCGACGCCGGGCCT-1","2","L6"
"ATTCGTGCTATCTCTT-1","0","L2/L3"
"ATTCTCGTCTCTTTAG-1","0","L2/L3"
"ATTCTGAGTATGAACT-1","0","L2/L3"
"ATTCTTCGTACTTATG-1","0","L2/L3"
"ATTGAAGATCTTAGTG-1","2","L6"
"ATTGACGTAACTCGGT-1","0","L2/L3"
"ATTGATAGCAACGAGA-1","5","L1"
"ATTGATCACCACATTT-1","1","WM"
"ATTGATGAGTCCTAAC-1","0","L2/L3"
"ATTGCCTATTAGACCG-1","1","WM"
"ATTGCCTTTATGTTTG-1","0","L2/L3"
"ATTGCGATCAGTAACT-1","0","L2/L3"
"ATTGCTGCTCCTCCAT-1","2","L6"
"ATTGGATTACAGCGTA-1","5","L1"
"ATTGGGAATATCTTGG-1","0","L2/L3"
"ATTGGTTGTGCATTAC-1","4","Non-laminar"
"ATTGTACAACTCGGCT-1","4","Non-laminar"
"ATTGTCGCAATACCTT-1","0","L2/L3"
"ATTGTGACTTCGCTGC-1","5","L1"
"ATTTAACTCGTATTAC-1","0","L2/L3"
"ATTTACAGTTTACTGG-1","2","L6"
"ATTTACTAAGTCCATT-1","0","L2/L3"
"ATTTCATTATTTCGCG-1","3","L5"
"ATTTCCGGGTTCTGCG-1","1","WM"
"ATTTGCCTAGTTACGA-1","5","L1"
"ATTTGCGCGAGTAGCT-1","1","WM"
"ATTTGTCTTGGGAGCT-1","3","L5"
"ATTTGTTCCAGGGCTC-1","3","L5"
"CAAACGAGTATCGCAG-1","1","WM"
"CAAACGGTCGCACTTT-1","3","L5"
"CAAACGTGGTCTTGCG-1","0","L2/L3"
"CAAACTACGATAGAGA-1","0","L2/L3"
"CAAACTATTGAGCTTC-1","0","L2/L3"
"CAAACTCGCGACGCCG-1","0","L2/L3"
"CAAAGATTATTGGGCC-1","1","WM"
"CAAATCTCTCACAAGG-1","1","WM"
"CAAATGCGGAGTGTTC-1","5","L1"
"CAAATGTCCTTCCGTG-1","1","WM"
"CAAATTGTCAGCAAGC-1","0","L2/L3"
"CAACAGAATAACGCTA-1","0","L2/L3"
"CAACAGTGCCAAACGG-1","5","L1"
"CAACATGGCCTGATAA-1","5","L1"
"CAACCTACCGAGCAGT-1","0","L2/L3"
"CAACGACCCGTTTACA-1","3","L5"
"CAACGGTTCTTGATAC-1","0","L2/L3"
"CAACGTGGTGGAGTCT-1","0","L2/L3"
"CAACTATATCGAATGC-1","0","L2/L3"
"CAACTCCAACGTTTAG-1","0","L2/L3"
"CAACTCCGTAACTTGC-1","1","WM"
"CAACTCCTTGATCCCG-1","5","L1"
"CAACTGCTCATCCGAT-1","2","L6"
"CAACTTGTAGTGGGCA-1","0","L2/L3"
"CAAGAGGGCGGAGTAC-1","3","L5"
"CAAGATATTATAACGT-1","4","Non-laminar"
"CAAGCAACGTCGGAGT-1","2","L6"
"CAAGCACCAAATGCCT-1","3","L5"
"CAAGCGGCACATAATT-1","4","Non-laminar"
"CAAGGATCGCATGTTC-1","2","L6"
"CAAGGTCCTATAGGCT-1","0","L2/L3"
"CAAGTGAACTTTGGTT-1","0","L2/L3"
"CAAGTGTGGTTGCAAA-1","0","L2/L3"
"CAATAAACCTTGGCCC-1","3","L5"
"CAATACGCTCTGAGGC-1","3","L5"
"CAATATGTAGATTTAC-1","5","L1"
"CAATATTCTTGACCTA-1","1","WM"
"CAATCCATTATCCGTT-1","2","L6"
"CAATCCCTATACCAGC-1","0","L2/L3"
"CAATCCTGCCGTGGAG-1","5","L1"
"CAATGCGAGAAGTATC-1","3","L5"
"CAATGGAATCTACATA-1","0","L2/L3"
"CAATGGATCTCTACCA-1","3","L5"
"CAATGGTCGGCCTGGG-1","0","L2/L3"
"CAATGTGCCAACCCTT-1","4","Non-laminar"
"CAATTAAGGGTGATGA-1","2","L6"
"CAATTTCGTATAAGGG-1","2","L6"
"CAATTTGACCGGGAAG-1","5","L1"
"CACAAGAAAGATATTA-1","5","L1"
"CACAAGCTAAGAAAGG-1","1","WM"
"CACAATGAGCTGCTAT-1","1","WM"
"CACACACGCTAACGAG-1","0","L2/L3"
"CACACAGCTTGCGCTC-1","0","L2/L3"
"CACACAGGGATAGATT-1","0","L2/L3"
"CACACGCGCTGTCTTA-1","3","L5"
"CACACGTTTCAATGGG-1","0","L2/L3"
"CACACTTGTATTGCGA-1","0","L2/L3"
"CACAGAGACGAGGACG-1","1","WM"
"CACAGCACCCACGGCA-1","2","L6"
"CACAGCTAGGGAGTGA-1","3","L5"
"CACAGGGCCATATAGT-1","0","L2/L3"
"CACAGGGCCGTTGTCA-1","4","Non-laminar"
"CACAGTCCCGCTTCGC-1","4","Non-laminar"
"CACAGTTCGCTTCCCA-1","0","L2/L3"
"CACATAAGGCGACCGT-1","5","L1"
"CACATATTAGCAGGAT-1","2","L6"
"CACATCGTGCACGCGC-1","1","WM"
"CACATCTCACCGACGA-1","4","Non-laminar"
"CACATGATTCAGCAAC-1","2","L6"
"CACATTCTTTCGATGG-1","0","L2/L3"
"CACATTTCTTGTCAGA-1","0","L2/L3"
"CACCAGTCAGCATGCA-1","1","WM"
"CACCATCGGAGGAGAC-1","0","L2/L3"
"CACCCAAATCTTATGT-1","4","Non-laminar"
"CACCCACACGTCACCC-1","0","L2/L3"
"CACCCACGAGGCAATT-1","0","L2/L3"
"CACCCGGTTTGTGACT-1","1","WM"
"CACCCTAACAAGATCT-1","3","L5"
"CACCCTTGGTGAGACC-1","1","WM"
"CACCCTTTCCTCGCTC-1","5","L1"
"CACCGATACACCGAGC-1","0","L2/L3"
"CACCGCCAGAAGGTTT-1","2","L6"
"CACCGCCGACCAGCGA-1","0","L2/L3"
"CACCGCGTCCACTCTA-1","0","L2/L3"
"CACCGGAGATATCTCC-1","0","L2/L3"
"CACCGGTAGAGACATT-1","1","WM"
"CACCGTATCCCATCCG-1","0","L2/L3"
"CACCGTTAGGGATCAC-1","1","WM"
"CACCGTTGCGCGATAT-1","1","WM"
"CACCTAATAGAGTCGT-1","0","L2/L3"
"CACCTAATCAGTTTAC-1","3","L5"
"CACCTCGATGGTGGAC-1","3","L5"
"CACCTTGCGAAACTCG-1","3","L5"
"CACCTTGGCGCCTTTG-1","0","L2/L3"
"CACGAAAGTTAGTCCC-1","2","L6"
"CACGACCACAGACTTT-1","5","L1"
"CACGACGTAATAGTAA-1","4","Non-laminar"
"CACGACTAAAGTTCTG-1","5","L1"
"CACGATTGGTCGTTAA-1","5","L1"
"CACGCACAGCGCAGCT-1","0","L2/L3"
"CACGCAGCGAGGCTTT-1","2","L6"
"CACGCGGAACTGTTGC-1","0","L2/L3"
"CACGGCGCGCCAAAGG-1","0","L2/L3"
"CACGGGATTGAGGGTT-1","0","L2/L3"
"CACGTCGGCAACCTCT-1","1","WM"
"CACGTCTATGATGTGG-1","0","L2/L3"
"CACGTTCGTGCTCTAG-1","3","L5"
"CACGTTTCGTACACAC-1","4","Non-laminar"
"CACTAAAGTTGCCTAT-1","2","L6"
"CACTACGGGAGCTGCC-1","0","L2/L3"
"CACTACTCAGTTCTGT-1","0","L2/L3"
"CACTCAAGAGCTATGG-1","1","WM"
"CACTCAGCTCTTGAGG-1","0","L2/L3"
"CACTCCTATGTAAGAT-1","1","WM"
"CACTCCTCTCGGTCGG-1","3","L5"
"CACTCGAGCTGAACAA-1","2","L6"
"CACTCGGTTAGGAGGA-1","4","Non-laminar"
"CACTCTTCTGCTAGCC-1","0","L2/L3"
"CACTGACGATTGTGGA-1","2","L6"
"CACTGTCCAAGTGAGA-1","0","L2/L3"
"CACTTAATCAGACGGA-1","2","L6"
"CACTTCGCCACAGGCT-1","0","L2/L3"
"CAGAACTTAGCCCTCT-1","4","Non-laminar"
"CAGAATAACACACGGA-1","0","L2/L3"
"CAGACACCGATCGCTG-1","1","WM"
"CAGACCTGTAAGTGTT-1","0","L2/L3"
"CAGACGAACCTGATAC-1","1","WM"
"CAGAGACGGTCACCCA-1","2","L6"
"CAGAGCATGAGCTTGC-1","3","L5"
"CAGAGGCGATGCATGA-1","1","WM"
"CAGAGTGATTTAACGT-1","0","L2/L3"
"CAGATACTAACATAGT-1","3","L5"
"CAGATATGAAGATGAC-1","1","WM"
"CAGATCATTTAAAGTC-1","0","L2/L3"
"CAGATCCTGGTTTGAA-1","1","WM"
"CAGCAGCCCGTTCCTT-1","3","L5"
"CAGCAGTCCAGACTAT-1","0","L2/L3"
"CAGCAGTCTGTGCTGC-1","3","L5"
"CAGCCCTCACAGGCAG-1","0","L2/L3"
"CAGCCGGGCCCTCTAT-1","0","L2/L3"
"CAGCCTCCTGCAGAGG-1","3","L5"
"CAGCCTCTCCTCAAGA-1","0","L2/L3"
"CAGCGATTCCCTTCAA-1","1","WM"
"CAGCTCACTGAGACAT-1","4","Non-laminar"
"CAGCTCGACAAGTTAA-1","3","L5"
"CAGCTCGTGCTTGTGT-1","0","L2/L3"
"CAGCTGGCGTAACCGT-1","1","WM"
"CAGCTTAGTAGGTAGC-1","3","L5"
"CAGGAAGACTTTATAT-1","0","L2/L3"
"CAGGATCCGCCCGACC-1","5","L1"
"CAGGCAGTCTTACCAG-1","4","Non-laminar"
"CAGGCCGTTTGGGTGT-1","1","WM"
"CAGGCGCACGGTGGTC-1","1","WM"
"CAGGCGCCATGCTAGG-1","2","L6"
"CAGTAACTATTTATTG-1","0","L2/L3"
"CAGTAATCCCTCCCAG-1","0","L2/L3"
"CAGTACATTCTCTAAA-1","0","L2/L3"
"CAGTACCAGTTTACGT-1","1","WM"
"CAGTAGCCCACGCGGT-1","0","L2/L3"
"CAGTAGCGAGGTAGTA-1","5","L1"
"CAGTCGAGGATGCAAT-1","0","L2/L3"
"CAGTCTCTCGGCTAAT-1","5","L1"
"CAGTCTGTATACTGGG-1","2","L6"
"CAGTGAATAAATGACT-1","3","L5"
"CAGTGGTTGCACATGA-1","0","L2/L3"
"CAGTGTCCGCAGAATG-1","0","L2/L3"
"CAGTGTCGGCTGGCCC-1","0","L2/L3"
"CAGTGTTAATCTCTCA-1","1","WM"
"CAGTTCAAATTGACAC-1","2","L6"
"CAGTTCCGCGGGTCGA-1","2","L6"
"CATAACGGACAGTCGT-1","0","L2/L3"
"CATAAGAAGCTTGGCT-1","4","Non-laminar"
"CATAAGCTCTCCGTCT-1","4","Non-laminar"
"CATAATGAGCGGGCGA-1","5","L1"
"CATACAAAGCCGAACC-1","0","L2/L3"
"CATACACGGTTCCCAC-1","2","L6"
"CATACCCGTACCCAGT-1","2","L6"
"CATACGAACTAGCTGG-1","1","WM"
"CATACGGCGTCTGGGC-1","2","L6"
"CATACGGGTGCATGAT-1","5","L1"
"CATACTATGTAATTGT-1","2","L6"
"CATACTTAGGCAATAC-1","0","L2/L3"
"CATAGCCGCCCGGGAT-1","2","L6"
"CATAGCGTTGCCCACC-1","1","WM"
"CATAGTACATTGAGAG-1","0","L2/L3"
"CATAGTAGCATAGTAG-1","0","L2/L3"
"CATAGTCAAATACATA-1","0","L2/L3"
"CATAGTCCACAAGAAC-1","1","WM"
"CATATACTACTGATAA-1","0","L2/L3"
"CATATAGGTACAGTCA-1","1","WM"
"CATATGTCAGGCTACG-1","1","WM"
"CATATTATTTGCCCTA-1","0","L2/L3"
"CATCATCTACCCGGAC-1","0","L2/L3"
"CATCATTACCCTGAGG-1","4","Non-laminar"
"CATCCAATATAGTTTG-1","1","WM"
"CATCCGCAGGCCCGAA-1","5","L1"
"CATCCTCTCAAAGATC-1","0","L2/L3"
"CATCGAATGGATCTCT-1","5","L1"
"CATCGCCCGCGGCCAA-1","0","L2/L3"
"CATCGGACGGGTTAAT-1","2","L6"
"CATCTATCCCGTGTCT-1","0","L2/L3"
"CATCTTACACCACCTC-1","4","Non-laminar"
"CATGAACCGACATTTG-1","0","L2/L3"
"CATGAACCTCTTATCA-1","0","L2/L3"
"CATGACTTCGCTGAAT-1","0","L2/L3"
"CATGAGATGCACTCTC-1","3","L5"
"CATGATCGCTTTGAGA-1","4","Non-laminar"
"CATGATGCACAATTCT-1","3","L5"
"CATGATGGAAGTTAGC-1","5","L1"
"CATGCACGTGTTACTG-1","0","L2/L3"
"CATGCATGGAGACCCT-1","4","Non-laminar"
"CATGCCAACTCGCAAA-1","2","L6"
"CATGCGACCAGTTTAA-1","0","L2/L3"
"CATGCGTTAGACAGAA-1","0","L2/L3"
"CATGCTGGCTCCAATT-1","0","L2/L3"
"CATGGAAATGGGACCA-1","5","L1"
"CATGGATTGTCTTCCG-1","0","L2/L3"
"CATGGCAGGAAGATCG-1","3","L5"
"CATGGGTATGCCTTAT-1","2","L6"
"CATGGGTCGGGTGTGG-1","3","L5"
"CATGGTAAGTAGCGTT-1","2","L6"
"CATGGTATTAGTTTGT-1","1","WM"
"CATGGTCTAGATACCG-1","3","L5"
"CATGTAAGAGACATTT-1","0","L2/L3"
"CATGTAGGAGCGCCAA-1","5","L1"
"CATGTCTCATTTATGG-1","3","L5"
"CATTACGTCGGCCCGT-1","3","L5"
"CATTATAACAGGGTCC-1","5","L1"
"CATTATCCCATTAACG-1","1","WM"
"CATTATGCTTGTTGTG-1","3","L5"
"CATTCACTGACAGCTA-1","0","L2/L3"
"CATTCAGGTCAGTGCG-1","5","L1"
"CATTGCAAAGCATAAT-1","0","L2/L3"
"CATTGCGAAATGGGCG-1","3","L5"
"CATTGTGTGCTAGATC-1","5","L1"
"CATTTAGCGGACCATG-1","3","L5"
"CATTTATCGTTCAAGA-1","0","L2/L3"
"CATTTCTAGCAGACTA-1","5","L1"
"CATTTGAGTGGTACGT-1","1","WM"
"CCAAACAGAACCCTCG-1","3","L5"
"CCAAAGCAGTTGGTTG-1","4","Non-laminar"
"CCAAATAACAAGATTC-1","0","L2/L3"
"CCAACCTTATGTAACT-1","1","WM"
"CCAACGATGCACTGAT-1","2","L6"
"CCAACGCTTGCCAGGG-1","0","L2/L3"
"CCAAGAAAGTGGGCGA-1","1","WM"
"CCAAGACTTCTGCGAA-1","3","L5"
"CCAAGCGTAACTCGTA-1","2","L6"
"CCAAGGAACAGAGAGG-1","0","L2/L3"
"CCAATAGTGCCGTCGA-1","2","L6"
"CCAATCGGTAGATCGA-1","0","L2/L3"
"CCAATGTCACAGCAAG-1","2","L6"
"CCAATTACGGGTCGAG-1","0","L2/L3"
"CCAATTGAATGTTAAT-1","3","L5"
"CCACAATGTACGTCTT-1","3","L5"
"CCACACTGAGATATTA-1","2","L6"
"CCACAGCTGAAATCAT-1","5","L1"
"CCACAGTACCCATCCT-1","0","L2/L3"
"CCACATACTGCACCCA-1","5","L1"
"CCACCAACTTTACTGT-1","1","WM"
"CCACCCAAGGAAAGTG-1","2","L6"
"CCACGAATTTAACCTC-1","0","L2/L3"
"CCACGAGAAGAGAATC-1","0","L2/L3"
"CCACGGAGCCATAAGA-1","1","WM"
"CCACGGTGCCCGGTAG-1","4","Non-laminar"
"CCACTAAACTGAATCG-1","4","Non-laminar"
"CCACTGGTGGCTGGTT-1","2","L6"
"CCACTGTTTGGATTAA-1","0","L2/L3"
"CCAGAAAGCAACTCAT-1","1","WM"
"CCAGAGACAAAGCCGG-1","0","L2/L3"
"CCAGATAGTTGAGTGA-1","3","L5"
"CCAGCCTGGACCAATA-1","1","WM"
"CCAGCTACGCCTCATA-1","5","L1"
"CCAGCTCGAACGCATT-1","2","L6"
"CCAGCTGATGGTACTT-1","3","L5"
"CCAGCTTCCGCCCGCA-1","2","L6"
"CCAGGGACGTGGCCTC-1","2","L6"
"CCAGTAGTCTGATCCA-1","3","L5"
"CCAGTCAAATCTCTTA-1","2","L6"
"CCAGTCTAGACGGCGC-1","3","L5"
"CCAGTCTTGTCATAGA-1","4","Non-laminar"
"CCATAAACAACCCGAC-1","0","L2/L3"
"CCATACCTTTACTTGT-1","0","L2/L3"
"CCATAGGTTGGCGTGG-1","3","L5"
"CCATAGTCAGTAACCC-1","0","L2/L3"
"CCATATGGAAACTATA-1","0","L2/L3"
"CCATATTGGATCATGA-1","5","L1"
"CCATCCATACCAAGTC-1","0","L2/L3"
"CCATCGCAGTTAAACT-1","2","L6"
"CCATCTCACCAGTGAA-1","0","L2/L3"
"CCATCTTGTTCACAAT-1","5","L1"
"CCATGCCCTAGATTTC-1","0","L2/L3"
"CCATGCCTGTTTAGTA-1","2","L6"
"CCATGCTCTGCAGGAA-1","3","L5"
"CCATGGCCCTTGTACC-1","2","L6"
"CCATGTTCATCTATAT-1","1","WM"
"CCATTAGCGATAATCC-1","2","L6"
"CCATTCCCTGCCCACA-1","2","L6"
"CCATTTCTACCTATTA-1","2","L6"
"CCCAAACATGCTGCTC-1","3","L5"
"CCCAACATACGTCGCG-1","1","WM"
"CCCAACCACACTAACA-1","0","L2/L3"
"CCCAAGAATGCACGGT-1","0","L2/L3"
"CCCAAGACAGAGTATG-1","5","L1"
"CCCAATGAGATTTGCA-1","1","WM"
"CCCAATTTCACAACTT-1","2","L6"
"CCCAGAGGAGGGCGTA-1","0","L2/L3"
"CCCAGGTCTGAAGGCT-1","0","L2/L3"
"CCCAGTAAACTTGGGA-1","1","WM"
"CCCAGTTAAGGCGCCG-1","0","L2/L3"
"CCCATATAGGTCGATT-1","4","Non-laminar"
"CCCGAAGTTTCGCGAA-1","4","Non-laminar"
"CCCGACCATAGTCCGC-1","3","L5"
"CCCGAGTTTCTCCGTA-1","0","L2/L3"
"CCCGCAGCGCGAACTA-1","2","L6"
"CCCGCAGGGCCCAAAG-1","0","L2/L3"
"CCCGCCATGCTCCCGT-1","0","L2/L3"
"CCCGCGCAATGCACCC-1","5","L1"
"CCCGCTAGAGGGTTAA-1","0","L2/L3"
"CCCGGCACGTGTCAGG-1","4","Non-laminar"
"CCCGGGTCGTTCAGGG-1","2","L6"
"CCCGGTGGAAGAACCT-1","5","L1"
"CCCGGTGTATCGGAAT-1","1","WM"
"CCCGTAAGTCTAGGCC-1","2","L6"
"CCCGTAGCTGGGAAGA-1","1","WM"
"CCCGTCAGCGTCTGAC-1","3","L5"
"CCCGTTTCGCAGATGT-1","0","L2/L3"
"CCCTAGTGTCAGGTGT-1","5","L1"
"CCCTATGTAGAGCAGA-1","1","WM"
"CCCTCATTCTGGAATT-1","0","L2/L3"
"CCCTCCTCGCTCGTAT-1","0","L2/L3"
"CCCTCGGGAGCCTTGT-1","5","L1"
"CCCTGAAATGAGTTGA-1","2","L6"
"CCCTGACTAACAAATT-1","3","L5"
"CCCTGCCCAATCCGCT-1","2","L6"
"CCCTGCGCTACGCATA-1","3","L5"
"CCCTGGTATGGGCGGC-1","4","Non-laminar"
"CCCTTCTCGTACGCGA-1","5","L1"
"CCCTTTAATGGAGTTC-1","0","L2/L3"
"CCCTTTGACAGGTCTT-1","1","WM"
"CCGAAAGTGGTGAGCA-1","0","L2/L3"
"CCGAACCTTCCCGGCC-1","2","L6"
"CCGAAGTATATTGTTC-1","5","L1"
"CCGACAAACACATGAG-1","2","L6"
"CCGACAAAGGGAGTGC-1","3","L5"
"CCGACAATAGGCCGCC-1","4","Non-laminar"
"CCGACGGGCATGAGGT-1","1","WM"
"CCGACGTAAACACAAC-1","0","L2/L3"
"CCGACTCGCATAGTCT-1","0","L2/L3"
"CCGAGAAGTCGCATAA-1","5","L1"
"CCGAGCTGTGCTTGTC-1","5","L1"
"CCGAGGGATGTTAGGC-1","0","L2/L3"
"CCGATCTCAACCTTAT-1","0","L2/L3"
"CCGATTCGAGGGACCC-1","4","Non-laminar"
"CCGATTGGTCAATGAA-1","5","L1"
"CCGCACAAAGACCAAC-1","2","L6"
"CCGCACGTGACCTCGG-1","2","L6"
"CCGCATGTGGTACGAT-1","4","Non-laminar"
"CCGCCACCACAATCCA-1","0","L2/L3"
"CCGCCGGAACTTCTCG-1","1","WM"
"CCGCCGGTCAACACAC-1","0","L2/L3"
"CCGCCGTTGAGGATAA-1","4","Non-laminar"
"CCGCCTGCGAATTGGT-1","0","L2/L3"
"CCGCGATTTGGTAGGT-1","2","L6"
"CCGCGGAATGCGTCAC-1","1","WM"
"CCGCGGGTACGAAGAA-1","2","L6"
"CCGCGTAGGTAAGGGC-1","0","L2/L3"
"CCGCTATCAGCACCAG-1","2","L6"
"CCGCTCTTCCGAACTA-1","4","Non-laminar"
"CCGCTGGTGCCATTCA-1","4","Non-laminar"
"CCGCTTACCTCACTCT-1","1","WM"
"CCGCTTCGCGGTTAAC-1","5","L1"
"CCGCTTGCTGACATGG-1","0","L2/L3"
"CCGGAATGGTTTCAGT-1","0","L2/L3"
"CCGGAGCGTACTTTCT-1","1","WM"
"CCGGCACGACCGTTTC-1","4","Non-laminar"
"CCGGCGCATATTGGAT-1","0","L2/L3"
"CCGGCGTGAGACTCTG-1","4","Non-laminar"
"CCGGGACCCGCAGAGA-1","0","L2/L3"
"CCGGGCGGTCTCGTCA-1","3","L5"
"CCGGGCTAAGAATTTC-1","1","WM"
"CCGGGCTGCTCCATAC-1","3","L5"
"CCGGGTTCGAGGTTAC-1","2","L6"
"CCGGTAATGGCTAGTC-1","4","Non-laminar"
"CCGGTTTGTAATTGTG-1","1","WM"
"CCGTAAGTTGGTCCCA-1","2","L6"
"CCGTACCCAAGCGCCA-1","0","L2/L3"
"CCGTAGGAAATCCCTG-1","4","Non-laminar"
"CCGTAGGGTTGTTTAC-1","0","L2/L3"
"CCGTATCTCGTCGTAG-1","1","WM"
"CCGTATTAGCGCAGTT-1","5","L1"
"CCGTCAACCTCTGGCG-1","1","WM"
"CCGTGCCCATGACGGC-1","0","L2/L3"
"CCGTGGAACGATCCAA-1","0","L2/L3"
"CCGTGTTAAATTCCAT-1","1","WM"
"CCGTTACGTTAGAACA-1","0","L2/L3"
"CCGTTCCGAATCTCGG-1","2","L6"
"CCTAAACAGGGTCCGT-1","5","L1"
"CCTAAAGGCTGACGCT-1","0","L2/L3"
"CCTAAATTAACGGTTC-1","2","L6"
"CCTAAATTGTATCCTA-1","0","L2/L3"
"CCTAACCCAAACAAGT-1","4","Non-laminar"
"CCTAACTAAGGCTCTA-1","0","L2/L3"
"CCTAAGTGTCTAACCG-1","5","L1"
"CCTACAAGTCCGGAAT-1","4","Non-laminar"
"CCTACATTCACAGACG-1","1","WM"
"CCTACGCGACCTTACA-1","0","L2/L3"
"CCTACGGCTCAGTCGA-1","4","Non-laminar"
"CCTACTGCTTACACTT-1","2","L6"
"CCTAGGCGTAGCGATC-1","3","L5"
"CCTAGGTAAAGGTAGC-1","1","WM"
"CCTAGTTAGTCGCATG-1","0","L2/L3"
"CCTATAATGAGTGCCC-1","2","L6"
"CCTATACCGTCCTGTC-1","1","WM"
"CCTATATCGTGTCACG-1","1","WM"
"CCTATATTTGTCCTGG-1","1","WM"
"CCTATCTATATCGGAA-1","0","L2/L3"
"CCTATGAAGTGGTGCC-1","0","L2/L3"
"CCTATGGCTCCTAGTG-1","1","WM"
"CCTATGGGTTACCGTC-1","2","L6"
"CCTATGGTCAAAGCTG-1","2","L6"
"CCTATGTCCACTCCAC-1","0","L2/L3"
"CCTCACCAATCTTGAC-1","0","L2/L3"
"CCTCACCTGAGGGAGC-1","0","L2/L3"
"CCTCACCTTAGCATCG-1","0","L2/L3"
"CCTCATGCAGCTACGA-1","5","L1"
"CCTCCCGACAATCCCT-1","0","L2/L3"
"CCTCCGACAATTCAAG-1","2","L6"
"CCTCCTAGCTAGAGTC-1","1","WM"
"CCTCCTGTTGTGTCGT-1","0","L2/L3"
"CCTCGAAGTGGACGGG-1","3","L5"
"CCTCGACCCACTGCCT-1","4","Non-laminar"
"CCTCGCCAGCAAATTA-1","3","L5"
"CCTCGCGCGATATAGG-1","0","L2/L3"
"CCTCGCGCTGTGCGAT-1","2","L6"
"CCTCGGACCGGGATAG-1","3","L5"
"CCTCGGATGCTACCTG-1","0","L2/L3"
"CCTCGGTTTCCTTGCC-1","1","WM"
"CCTCTAATCTGCCAAG-1","0","L2/L3"
"CCTCTACAAGGATTGG-1","1","WM"
"CCTCTATCGATTAGCA-1","1","WM"
"CCTCTCTCCCATCTAG-1","2","L6"
"CCTCTGGCCTAGACGG-1","0","L2/L3"
"CCTCTGTACTATTCTA-1","5","L1"
"CCTGAACGATATATTC-1","3","L5"
"CCTGAATATTTACATA-1","3","L5"
"CCTGACGCAACCTTTA-1","0","L2/L3"
"CCTGCGTTCTACGCTT-1","2","L6"
"CCTGCTATTTGAGAAG-1","0","L2/L3"
"CCTGGAAACGTTCTGC-1","0","L2/L3"
"CCTGGCTAGACCCGCC-1","4","Non-laminar"
"CCTGGTCGAATGTGGG-1","4","Non-laminar"
"CCTGTAAGACATGATA-1","2","L6"
"CCTGTACTCACGCCCA-1","2","L6"
"CCTGTCACCCGGGCTC-1","2","L6"
"CCTGTCCCTCACGTTA-1","5","L1"
"CCTGTCGCCCGTAAAT-1","2","L6"
"CCTGTGCATAGGAGAC-1","5","L1"
"CCTGTGCGGATTGTAA-1","5","L1"
"CCTGTTTGAAGACACG-1","0","L2/L3"
"CCTTCAGTTAAAGTGA-1","1","WM"
"CCTTCGTATAGAATCC-1","1","WM"
"CCTTCTCAGCGTTCCT-1","4","Non-laminar"
"CCTTCTTGATCCAGTG-1","3","L5"
"CCTTGACCACTTTATT-1","0","L2/L3"
"CCTTTAAGGGAGCACT-1","1","WM"
"CCTTTCAATGAAGAAA-1","0","L2/L3"
"CCTTTGAATTATGGCT-1","1","WM"
"CGAAACATAGATGGCA-1","0","L2/L3"
"CGAAACGCAATTCATG-1","2","L6"
"CGAACAGTATGGGCGT-1","0","L2/L3"
"CGAACCCGCATGCGTC-1","1","WM"
"CGAACGCCCAGTGCCG-1","3","L5"
"CGAACGGCCGGACAAC-1","1","WM"
"CGAAGACTGCCCGGGA-1","5","L1"
"CGAAGCTATAAATTCA-1","0","L2/L3"
"CGAAGGGTTTCAGATT-1","1","WM"
"CGAAGTTGCTCTGTGT-1","2","L6"
"CGAATCTGCTCGACGC-1","1","WM"
"CGAATGAAGTCATTGC-1","1","WM"
"CGAATGACGCATAATG-1","2","L6"
"CGAATTACATGGTGTT-1","0","L2/L3"
"CGACAATTTGATCTAA-1","0","L2/L3"
"CGACACGCTCCGACAG-1","3","L5"
"CGACAGTTCGCGTTAT-1","2","L6"
"CGACATGCGATCTTCT-1","0","L2/L3"
"CGACCCTTAACGCCGG-1","1","WM"
"CGACGCATCCGTACCT-1","1","WM"
"CGACTCAGGATGTTAT-1","3","L5"
"CGACTTTGTATAGCCT-1","0","L2/L3"
"CGAGACCCTAGAGTGT-1","2","L6"
"CGAGAGATGTGAACCT-1","2","L6"
"CGAGAGCGCGTAGATA-1","4","Non-laminar"
"CGAGAGCTTTCACTAC-1","4","Non-laminar"
"CGAGAGGGTAGCCGCG-1","0","L2/L3"
"CGAGATGTTGCCTATA-1","5","L1"
"CGAGATTTCGCTCGGG-1","0","L2/L3"
"CGAGCACTTCAAGTTT-1","5","L1"
"CGAGCGTTGATCAGCC-1","0","L2/L3"
"CGAGCTGGGCTTTAGG-1","3","L5"
"CGAGGCCAGGCATTGG-1","5","L1"
"CGAGGCTAAATATGGC-1","3","L5"
"CGAGGGACTGCGGTCG-1","3","L5"
"CGAGGGTATCCAGGTG-1","2","L6"
"CGAGTACTAAAGAGGA-1","1","WM"
"CGAGTGAAGGTACCAG-1","1","WM"
"CGAGTGCTATAGTTCG-1","0","L2/L3"
"CGAGTTCTGTCCCACC-1","3","L5"
"CGAGTTTATCGGACTG-1","0","L2/L3"
"CGATAATACTCAGGTT-1","0","L2/L3"
"CGATACCTCGCGGACA-1","1","WM"
"CGATAGCGATACAGTG-1","1","WM"
"CGATAGTCGTACTGCA-1","4","Non-laminar"
"CGATATTAGCCGCAGG-1","5","L1"
"CGATCCGACCCAGTGC-1","2","L6"
"CGATCCTCGCAACATA-1","1","WM"
"CGATCTGTTGGAGGAC-1","1","WM"
"CGATGGACCCTACGCC-1","0","L2/L3"
"CGATGTTGTTATCTAC-1","1","WM"
"CGATTAAATATCTCCT-1","4","Non-laminar"
"CGATTCGCCTGGCTGC-1","2","L6"
"CGCAAACACGAGTTAC-1","2","L6"
"CGCAATTACTTTCGGT-1","0","L2/L3"
"CGCAATTAGGGTAATA-1","2","L6"
"CGCAATTCTACAATAA-1","2","L6"
"CGCACATGTCCACTAC-1","3","L5"
"CGCACGTCTGTTTATG-1","1","WM"
"CGCACGTGCGCTATCA-1","0","L2/L3"
"CGCAGAAACATTTGCG-1","0","L2/L3"
"CGCAGATCTTCACCCG-1","0","L2/L3"
"CGCAGGCGATCCAAAC-1","0","L2/L3"
"CGCATCATGGCTTCAG-1","0","L2/L3"
"CGCATGGTGCGATGCT-1","2","L6"
"CGCATTAGCTAATAGG-1","2","L6"
"CGCCAAGAAGCCGAGT-1","2","L6"
"CGCCACAGGTCGCGAT-1","1","WM"
"CGCCACCCGCATTAAC-1","5","L1"
"CGCCATCCGATTATGA-1","3","L5"
"CGCCCAGCACGCCTAG-1","1","WM"
"CGCCCAGCGTTTCACG-1","4","Non-laminar"
"CGCCCGCTTCCGTACA-1","0","L2/L3"
"CGCCCTAATTGTTCAA-1","1","WM"
"CGCCCTTACATCCACC-1","5","L1"
"CGCCCTTGAAGGCTGA-1","0","L2/L3"
"CGCCGCCCATGCCTGT-1","3","L5"
"CGCCGCGTTCTGAACG-1","1","WM"
"CGCCGTTCAGCATAGT-1","0","L2/L3"
"CGCCTCCCTCCTCTAT-1","2","L6"
"CGCCTGGCCTACGTAA-1","2","L6"
"CGCCTTTAGCATGCTC-1","0","L2/L3"
"CGCGAAGTGGCATACT-1","0","L2/L3"
"CGCGACCGCGACAGAT-1","4","Non-laminar"
"CGCGAGAGGGACTTGT-1","0","L2/L3"
"CGCGAGTCTGCCGGGT-1","1","WM"
"CGCGCAAATGTCCAGA-1","1","WM"
"CGCGCAAGGAACTACA-1","5","L1"
"CGCGCATGTTTGATTG-1","1","WM"
"CGCGCCCGACTTAATA-1","3","L5"
"CGCGGCTCAACTTGAA-1","0","L2/L3"
"CGCGGGAATTAGGCAG-1","0","L2/L3"
"CGCGGTCACAAACCAA-1","0","L2/L3"
"CGCGTCATATTAAACC-1","0","L2/L3"
"CGCGTGCTATCAACGA-1","5","L1"
"CGCGTTCATGAAATAC-1","2","L6"
"CGCTACGGGACATTTA-1","2","L6"
"CGCTAGAGACCGCTGC-1","0","L2/L3"
"CGCTATACCGCCCACT-1","0","L2/L3"
"CGCTATTCAATGTATG-1","3","L5"
"CGCTATTCTTAGGCTC-1","2","L6"
"CGCTCGACATAATGAT-1","3","L5"
"CGCTCTCCGTAGATTA-1","2","L6"
"CGCTGAGGACGTCCAA-1","5","L1"
"CGCTGGTGACTACCCT-1","0","L2/L3"
"CGCTGTGACGCCGCAC-1","3","L5"
"CGCTGTGTGGATGTTG-1","1","WM"
"CGCTTAGTATTGATAC-1","1","WM"
"CGCTTATTCCCGGTCG-1","1","WM"
"CGCTTCCACTGAAATC-1","0","L2/L3"
"CGCTTCGGTCTAAGAC-1","4","Non-laminar"
"CGCTTTCATACCGGTG-1","0","L2/L3"
"CGCTTTCTTGCATTCG-1","3","L5"
"CGGAAAGAATCAAACG-1","1","WM"
"CGGAAATTTCACATCC-1","0","L2/L3"
"CGGAACGTAAACATAG-1","1","WM"
"CGGAGCAATTTAATCG-1","2","L6"
"CGGAGCATGGCGATCC-1","2","L6"
"CGGAGCTTATAACACC-1","0","L2/L3"
"CGGAGTTTGAGAGACA-1","2","L6"
"CGGATAAGCGGACATG-1","0","L2/L3"
"CGGATCCTCAAGGACT-1","3","L5"
"CGGCAAACATCGTGCG-1","2","L6"
"CGGCAATAAGATCGCC-1","0","L2/L3"
"CGGCACCGTTAGCGCC-1","0","L2/L3"
"CGGCACTCAAGAAAGT-1","0","L2/L3"
"CGGCAGGGTCGGGTTG-1","0","L2/L3"
"CGGCCACGCACAAAGT-1","2","L6"
"CGGCCAGAGCGACCAT-1","1","WM"
"CGGCCCAACCTGTAGT-1","0","L2/L3"
"CGGCCCAGGTATATCC-1","0","L2/L3"
"CGGCGCCATCAATCCC-1","0","L2/L3"
"CGGCTCTAAAGCTGCA-1","0","L2/L3"
"CGGCTCTTCGTCGAAC-1","0","L2/L3"
"CGGCTGCAAGATTAAG-1","0","L2/L3"
"CGGCTTTGTATGATAA-1","0","L2/L3"
"CGGGAATATAGTATAC-1","0","L2/L3"
"CGGGAATTTATGTAAA-1","4","Non-laminar"
"CGGGAGCTTCAGTGTA-1","4","Non-laminar"
"CGGGAGTATACCGCCG-1","5","L1"
"CGGGATCAATGTAAGA-1","3","L5"
"CGGGCAGCTAAACCGC-1","2","L6"
"CGGGCCATAGCCGCAC-1","5","L1"
"CGGGCCTTCTTTGTAA-1","2","L6"
"CGGGTGTACCCATTTA-1","3","L5"
"CGGGTTCGGCACGTAT-1","5","L1"
"CGGGTTGTAGCTTTGG-1","5","L1"
"CGGGTTTGTTAGGGCT-1","0","L2/L3"
"CGGTACTAGAATCAAA-1","3","L5"
"CGGTAGAGGTGCAGGT-1","0","L2/L3"
"CGGTATAGGTATTAGC-1","4","Non-laminar"
"CGGTCAAGTGGGAACC-1","3","L5"
"CGGTCCGTCGCAAGCC-1","1","WM"
"CGGTCTATCAACCCGT-1","0","L2/L3"
"CGGTGAAGACTAAAGT-1","2","L6"
"CGGTGCAGATAGAACG-1","1","WM"
"CGGTGCGCGTTGGTCC-1","1","WM"
"CGGTGGGCTCCAGCCT-1","0","L2/L3"
"CGGTGTACTTGATCCC-1","0","L2/L3"
"CGGTTATCCAACAGTG-1","0","L2/L3"
"CGGTTCAAGTAGGTGT-1","0","L2/L3"
"CGGTTCCGGCTTCTTG-1","5","L1"
"CGGTTGACCTGGCATA-1","2","L6"
"CGGTTGAGTATCCTTC-1","1","WM"
"CGGTTGGGTTCAAGTT-1","0","L2/L3"
"CGGTTTATGAAGGAAC-1","4","Non-laminar"
"CGTAAACGCTTGAGTG-1","5","L1"
"CGTAACTTCGACACTT-1","1","WM"
"CGTACCTGATAGGCCT-1","3","L5"
"CGTAGAGAGTAATTAT-1","0","L2/L3"
"CGTAGCGAATTGTCAG-1","0","L2/L3"
"CGTAGCGCCGACGTTG-1","0","L2/L3"
"CGTATTAAGAGATCTA-1","2","L6"
"CGTCAAGGCTATAAAT-1","4","Non-laminar"
"CGTCACGTCCATTGGT-1","1","WM"
"CGTCAGTGCGCACAAG-1","0","L2/L3"
"CGTCAGTTTATCGTCT-1","5","L1"
"CGTCATACCATATCCA-1","5","L1"
"CGTCGCATGTGAGCCA-1","4","Non-laminar"
"CGTCGCGGCGGGATTT-1","5","L1"
"CGTCGCTTGGTTATAC-1","1","WM"
"CGTCGGATAGTGTTGA-1","0","L2/L3"
"CGTCGGGTCTAAGCGC-1","1","WM"
"CGTCGTCCTTCGCGAA-1","4","Non-laminar"
"CGTCTGGAAGGGCCCG-1","3","L5"
"CGTGAAGTTAATTCAC-1","1","WM"
"CGTGACATTGGGTCGT-1","3","L5"
"CGTGACCAGTCCTCTG-1","2","L6"
"CGTGCAGACTGGGACA-1","2","L6"
"CGTGCATTGTCGACGC-1","2","L6"
"CGTGCCCGACATTTGT-1","5","L1"
"CGTGCCCTCCCGAAGA-1","2","L6"
"CGTGCTTCTACCTAAA-1","1","WM"
"CGTGGCCGAATATCTA-1","0","L2/L3"
"CGTGGTACCCAAAGGC-1","1","WM"
"CGTGTCCCATTCGCGA-1","3","L5"
"CGTGTCTCGTTACGAC-1","1","WM"
"CGTGTGTTAAACCCTG-1","0","L2/L3"
"CGTTAAACTAGTTAGG-1","0","L2/L3"
"CGTTAATGTCCCGACG-1","0","L2/L3"
"CGTTAGCTCACAACTG-1","5","L1"
"CGTTCAGACCCGCGAA-1","2","L6"
"CGTTCATGGTGCGCGT-1","1","WM"
"CGTTCTTCGCACACCT-1","0","L2/L3"
"CGTTGAATACCGCGCT-1","4","Non-laminar"
"CGTTGAGCGACCGTCG-1","2","L6"
"CGTTGAGTAATTGCGT-1","0","L2/L3"
"CGTTGCCCGCGTGGGA-1","1","WM"
"CGTTGTAAACGTCAGG-1","0","L2/L3"
"CGTTGTAAGATTGATT-1","0","L2/L3"
"CGTTGTCGGCAATTGA-1","4","Non-laminar"
"CGTTGTTTCAATTCCC-1","2","L6"
"CGTTTAAGCGGAGCAC-1","0","L2/L3"
"CGTTTCACTTCGGGCG-1","0","L2/L3"
"CGTTTCGCTCATTACA-1","2","L6"
"CGTTTGTGTAGAGGGT-1","1","WM"
"CTAAACGGGTGTAATC-1","5","L1"
"CTAAAGAATGCCTACT-1","2","L6"
"CTAAAGGGAAATAGGA-1","4","Non-laminar"
"CTAAAGTCCGAAGCTA-1","5","L1"
"CTAAATCCGGTGTACA-1","1","WM"
"CTAAATCCTATTCCGG-1","3","L5"
"CTAACCGCGCGCCCGT-1","2","L6"
"CTAACGAAACTTGCTG-1","0","L2/L3"
"CTAACTGATAATCGCC-1","0","L2/L3"
"CTAACTGGTCCGGTTC-1","1","WM"
"CTAAGGGAATGATTGG-1","2","L6"
"CTAAGTACAGGGCTAC-1","4","Non-laminar"
"CTAATTCGCACGCGCT-1","4","Non-laminar"
"CTAATTCTCAGATATT-1","0","L2/L3"
"CTAATTTCAACAACAC-1","0","L2/L3"
"CTACAAGAAATAACCC-1","1","WM"
"CTACACTAGCTTGTTC-1","5","L1"
"CTACACTCGCAGATGG-1","0","L2/L3"
"CTACATATCGCGGGAC-1","1","WM"
"CTACCCTAAGGTCATA-1","3","L5"
"CTACGAACTAGGTCGA-1","0","L2/L3"
"CTACGACTAGCTATAA-1","2","L6"
"CTACGATCCTATCCTA-1","1","WM"
"CTACGCACGGAGTACC-1","2","L6"
"CTACGCCATTTCCGAT-1","0","L2/L3"
"CTACGTGTTGCCACCA-1","5","L1"
"CTACTATCATAGGTTT-1","1","WM"
"CTACTATCTTTCAGAG-1","3","L5"
"CTACTCAAGGTATAGT-1","1","WM"
"CTACTCTAGGCCCGGC-1","3","L5"
"CTACTGCCACCTGACC-1","2","L6"
"CTAGACATATATGTAG-1","4","Non-laminar"
"CTAGACTGCATTTCGT-1","0","L2/L3"
"CTAGATAAACTCCTCG-1","5","L1"
"CTAGATGTGAGTGTAA-1","0","L2/L3"
"CTAGATTTACGACGGC-1","2","L6"
"CTAGCAACTAATTTAC-1","5","L1"
"CTAGCATAGTATAATG-1","2","L6"
"CTAGCCGATGTTATGA-1","0","L2/L3"
"CTAGGCGCCCTATCAG-1","0","L2/L3"
"CTAGGGATAGGGACAA-1","1","WM"
"CTAGGTCTGAAGGAAT-1","4","Non-laminar"
"CTAGGTTCGGACGTGA-1","4","Non-laminar"
"CTAGTAGAAAGGGATT-1","4","Non-laminar"
"CTAGTATTCGGAATTA-1","0","L2/L3"
"CTAGTCACGTCTTAAG-1","2","L6"
"CTAGTGAAGGACAGGA-1","2","L6"
"CTAGTTACAACCCGGT-1","2","L6"
"CTAGTTGGGCCCGGTA-1","0","L2/L3"
"CTATAAGAGCCAATCG-1","0","L2/L3"
"CTATAGGCGTTGATGT-1","1","WM"
"CTATCGACGAAATACA-1","0","L2/L3"
"CTATCGGGTCTCAACA-1","2","L6"
"CTATGCCCGAATGCAA-1","2","L6"
"CTATGGGAAGCGGAAT-1","0","L2/L3"
"CTATGTCACTAGCCCA-1","2","L6"
"CTATGTCTATTGAAAC-1","0","L2/L3"
"CTATGTGAGTCACGGC-1","4","Non-laminar"
"CTATTCATGTGTCCCA-1","2","L6"
"CTATTGTGTTTGGTCA-1","0","L2/L3"
"CTATTTGCTTGGAGGA-1","1","WM"
"CTATTTGGTTACGGAT-1","3","L5"
"CTCAAACCACTGCCCG-1","1","WM"
"CTCAACTAACCCGGAT-1","4","Non-laminar"
"CTCAAGACATTAGCGC-1","0","L2/L3"
"CTCACATTTACTAAAT-1","4","Non-laminar"
"CTCACTGTGATACTTA-1","4","Non-laminar"
"CTCACTTGGCTGGTAA-1","2","L6"
"CTCAGGACTCACCTGT-1","0","L2/L3"
"CTCAGTCACGACAAAT-1","0","L2/L3"
"CTCATAAATGTGTATA-1","4","Non-laminar"
"CTCATGGCTCACAATC-1","0","L2/L3"
"CTCATGGTAATTTGCG-1","1","WM"
"CTCATTGCTCTAACAA-1","4","Non-laminar"
"CTCATTTGATGGGCGG-1","3","L5"
"CTCCCAATGAGTCGCG-1","4","Non-laminar"
"CTCCCTCCTTTCGATC-1","1","WM"
"CTCCGCCCACATGAGG-1","1","WM"
"CTCCGGCCTAATATGC-1","3","L5"
"CTCCGGCTTGTAGACA-1","5","L1"
"CTCCTAAGTTATGTCT-1","0","L2/L3"
"CTCCTCCAGCTCACAC-1","1","WM"
"CTCCTGTTCAAGGCAG-1","5","L1"
"CTCCTTTACGCAAGTC-1","0","L2/L3"
"CTCGAATGGAACGTAT-1","0","L2/L3"
"CTCGAGGTCGAACAGT-1","3","L5"
"CTCGATATTTGCGAGC-1","0","L2/L3"
"CTCGCACCTATATAGT-1","0","L2/L3"
"CTCGCATTGCATAGCC-1","1","WM"
"CTCGCCGAATGTAGGG-1","2","L6"
"CTCGGGCATCGTCGGG-1","5","L1"
"CTCGGGTTCTCTGGCC-1","1","WM"
"CTCGGTACCACTGCTC-1","3","L5"
"CTCGGTCCGTAGCCTG-1","0","L2/L3"
"CTCGGTTGTCGGCCCT-1","1","WM"
"CTCGTCGAGGGCTCAT-1","1","WM"
"CTCGTTACGGCTACCA-1","1","WM"
"CTCGTTTCTAATGTTT-1","0","L2/L3"
"CTCTAATGCATTGATC-1","0","L2/L3"
"CTCTACACTGGCGATT-1","4","Non-laminar"
"CTCTAGCCCTCGGAAA-1","4","Non-laminar"
"CTCTATTTGGCTGCAG-1","2","L6"
"CTCTCACAATCGATGA-1","2","L6"
"CTCTCGATGTGCGCCT-1","0","L2/L3"
"CTCTCTAACTGCCTAG-1","1","WM"
"CTCTGCGAAGCAAGCA-1","5","L1"
"CTCTGGACGCCTGGTG-1","2","L6"
"CTCTGTTTGAGGATTC-1","3","L5"
"CTCTTCTATTGACTGG-1","0","L2/L3"
"CTCTTCTGGAAGTTAG-1","1","WM"
"CTGAAAGAGATCCGAC-1","3","L5"
"CTGAATCCGAGACCTC-1","1","WM"
"CTGAATTTATTGCCAG-1","0","L2/L3"
"CTGACATAGAAATAGA-1","4","Non-laminar"
"CTGACTGCGCAGCTCG-1","0","L2/L3"
"CTGAGAAAGTTCGGCG-1","4","Non-laminar"
"CTGAGCAAGTAACAAG-1","0","L2/L3"
"CTGATAGTGTATCTCA-1","2","L6"
"CTGCAAATGGGCTCCA-1","5","L1"
"CTGCAAGCACGTTCCG-1","4","Non-laminar"
"CTGCACAACTACATAT-1","4","Non-laminar"
"CTGCACCTGGAACCGC-1","0","L2/L3"
"CTGCACTCCAGTACAG-1","4","Non-laminar"
"CTGCAGAGAATCAGAG-1","0","L2/L3"
"CTGCCAAGGTTGGAAG-1","3","L5"
"CTGCCATGCATCACAT-1","2","L6"
"CTGCCTAGCCACCAAG-1","0","L2/L3"
"CTGCCTTTAATACCTT-1","1","WM"
"CTGCCTTTCTAGTAAA-1","0","L2/L3"
"CTGCGGGTGAAATGTT-1","2","L6"
"CTGCGGTAGTCACGTG-1","0","L2/L3"
"CTGCGTTACGATATAA-1","0","L2/L3"
"CTGCTGAGGCCACGAA-1","1","WM"
"CTGCTGTCTAACGAGC-1","4","Non-laminar"
"CTGCTTGGCGATAGCT-1","4","Non-laminar"
"CTGCTTTATGTCCGCG-1","5","L1"
"CTGGAAATGGATGCTT-1","2","L6"
"CTGGAAGACACGGTGG-1","4","Non-laminar"
"CTGGACGCAGTCCGGC-1","1","WM"
"CTGGATTTACACTTGA-1","1","WM"
"CTGGCATCCGAATGAG-1","1","WM"
"CTGGCGACATAAGTCC-1","0","L2/L3"
"CTGGCGATTTACATGT-1","4","Non-laminar"
"CTGGCGCACAGGTCTG-1","3","L5"
"CTGGCGGGAATAAGTA-1","0","L2/L3"
"CTGGCTCCTGCGGGAT-1","5","L1"
"CTGGCTGATTCATCCT-1","0","L2/L3"
"CTGGCTGCTAACGTAA-1","5","L1"
"CTGGCTGGTTGTCAGT-1","2","L6"
"CTGGGATAAATAATGG-1","3","L5"
"CTGGGATACGCTACCC-1","4","Non-laminar"
"CTGGGATCGCCCAGAT-1","5","L1"
"CTGGGCACTAGTCGGA-1","5","L1"
"CTGGGCCTGCTATATC-1","2","L6"
"CTGGGCGGCCAAATGT-1","0","L2/L3"
"CTGGGTAGGCAGTTAA-1","3","L5"
"CTGGGTTGAGTTAAAG-1","1","WM"
"CTGGTAAAGTGTGGGC-1","4","Non-laminar"
"CTGGTAACACATAGAA-1","3","L5"
"CTGGTAACGAGCTCTT-1","3","L5"
"CTGGTCATTCCAATCC-1","0","L2/L3"
"CTGGTCCTAACTTGGC-1","0","L2/L3"
"CTGGTGAATGGGCCTA-1","1","WM"
"CTGGTTCAACGCATCA-1","5","L1"
"CTGGTTTCGAGCAAGA-1","4","Non-laminar"
"CTGTACTTCTTAGCAT-1","1","WM"
"CTGTAGCCATCTCACT-1","1","WM"
"CTGTAGTGAGGATCGA-1","1","WM"
"CTGTATGGTGTAGAAA-1","0","L2/L3"
"CTGTCAAATGGCTCGG-1","3","L5"
"CTGTCACGCCAGGCGC-1","0","L2/L3"
"CTGTGCAGGGTAGGTC-1","3","L5"
"CTGTGGTCGGGAGATA-1","0","L2/L3"
"CTGTTACCCAATCTAG-1","1","WM"
"CTGTTCACTGCCTGTG-1","3","L5"
"CTGTTCATCTCACGGG-1","0","L2/L3"
"CTGTTGTTCAGTCGTA-1","1","WM"
"CTTAACTTCGAAGTAC-1","0","L2/L3"
"CTTACACGGTATTCCA-1","2","L6"
"CTTACACTGGGAAATA-1","0","L2/L3"
"CTTAGCCTTCCACATG-1","3","L5"
"CTTAGGTATAGACCAG-1","1","WM"
"CTTAGTAGGCCTACAG-1","0","L2/L3"
"CTTAGTGTAGTAGCAT-1","4","Non-laminar"
"CTTAGTTGAGGAATCG-1","1","WM"
"CTTATGCGCTCAGGGC-1","4","Non-laminar"
"CTTATGTTGACTACCA-1","0","L2/L3"
"CTTCAACTCCACTTGG-1","3","L5"
"CTTCAGTGGTCGCCTA-1","1","WM"
"CTTCATAGCTCAAGAA-1","0","L2/L3"
"CTTCATTGTCAGTGGA-1","2","L6"
"CTTCCGCTCCGTGAAG-1","1","WM"
"CTTCCTGCATATTTAC-1","5","L1"
"CTTCGGCCAATTGTTT-1","0","L2/L3"
"CTTCGTAGATAGGTGA-1","2","L6"
"CTTCGTGCCCGCATCG-1","5","L1"
"CTTCTATGTTGAAGTA-1","1","WM"
"CTTCTATTAATGCTAG-1","1","WM"
"CTTCTGGGCGTACCTA-1","1","WM"
"CTTCTTACGTCGTATA-1","0","L2/L3"
"CTTGACCCGAAAGATA-1","0","L2/L3"
"CTTGAGTTAGGGTAAT-1","3","L5"
"CTTGCCCAGGCTCTAC-1","1","WM"
"CTTGGCCAAGCTGGGA-1","4","Non-laminar"
"CTTGTACTTGTTGACT-1","3","L5"
"CTTGTCAACATTCGAG-1","2","L6"
"CTTGTCGTACGTGTCA-1","5","L1"
"CTTGTGAGGACAGCGG-1","5","L1"
"CTTGTGAGTCTTTGAC-1","5","L1"
"CTTGTGCTCACCGATT-1","0","L2/L3"
"CTTGTTGCTGAGTCAA-1","3","L5"
"CTTGTTTATGTAGCCA-1","5","L1"
"CTTTAACTTTCAAAGG-1","3","L5"
"CTTTAATATTGGTCGA-1","2","L6"
"CTTTACCGAATAGTAG-1","3","L5"
"CTTTAGGAACACTGTT-1","3","L5"
"CTTTAGTGCTATTATT-1","2","L6"
"CTTTCTGTGCGGGCTT-1","4","Non-laminar"
"CTTTGAAACATATTCC-1","5","L1"
"CTTTGCATCGCTCTTG-1","4","Non-laminar"
"CTTTGGCGCTTTATAC-1","2","L6"
"CTTTGGCTTTAGTAAA-1","2","L6"
"CTTTGGGATTGTTGCA-1","1","WM"
"CTTTGTCGAATGCTCC-1","1","WM"
"GAAACAGATGACCACC-1","0","L2/L3"
"GAAACAGCCATGCAGT-1","0","L2/L3"
"GAAACATAGGAAACAG-1","1","WM"
"GAAACCATGGTGCGCT-1","0","L2/L3"
"GAAACCGAATTACCTT-1","1","WM"
"GAAACCTATACAAATG-1","1","WM"
"GAAACTCGTGCGATGC-1","2","L6"
"GAAACTCTAATGAAGG-1","0","L2/L3"
"GAAAGAACAGCGTTAT-1","4","Non-laminar"
"GAAAGCAGTGCACTTT-1","1","WM"
"GAAAGCCCTTTGGACC-1","3","L5"
"GAAAGTGACTAACTGC-1","2","L6"
"GAAATACCTGCTGGCT-1","0","L2/L3"
"GAAATACTAAACGTTT-1","0","L2/L3"
"GAAATATCACCATCAG-1","2","L6"
"GAAATATGCTTGAATG-1","0","L2/L3"
"GAAATCGCGCGCAACT-1","3","L5"
"GAAATGGCGGTGTTAG-1","2","L6"
"GAAATGGGATGTAAAC-1","5","L1"
"GAAATTAGCACGGATA-1","0","L2/L3"
"GAAATTCACATCGCTG-1","0","L2/L3"
"GAAATTGTCTCTATAA-1","1","WM"
"GAACAACTGGGATGAA-1","4","Non-laminar"
"GAACACACATCAACCA-1","3","L5"
"GAACAGATTACTAAAT-1","4","Non-laminar"
"GAACCATCTGGGAGAC-1","5","L1"
"GAACCCTCTGTGTTCT-1","2","L6"
"GAACCTCGACCTACAC-1","4","Non-laminar"
"GAACCTTTAACGATCC-1","4","Non-laminar"
"GAACGACCGAATGATA-1","3","L5"
"GAACGCGGGTCACACG-1","0","L2/L3"
"GAACGTCTCATGGTCG-1","3","L5"
"GAACGTTAGGAAGACG-1","2","L6"
"GAACTGTGGAGAGACA-1","2","L6"
"GAACTTAGCGCCCGGT-1","5","L1"
"GAAGAAACGATATTGT-1","1","WM"
"GAAGAACGGTGCAGGT-1","0","L2/L3"
"GAAGACTTCAATGCCG-1","0","L2/L3"
"GAAGCAAGGCAATGTT-1","5","L1"
"GAAGCCACTGATTATG-1","4","Non-laminar"
"GAAGCCTGCACATTCC-1","4","Non-laminar"
"GAAGCGTGAGGAATTT-1","2","L6"
"GAAGCTCGGACCCGTC-1","1","WM"
"GAAGCTTGCTGACCGC-1","2","L6"
"GAAGGACTAAATTGAA-1","5","L1"
"GAAGGAGTCGAGTGCG-1","2","L6"
"GAAGGGCATAACCATG-1","5","L1"
"GAAGTCAGTTGCACTA-1","2","L6"
"GAAGTCTCCCTAGCGA-1","0","L2/L3"
"GAAGTGATTTATCGTG-1","1","WM"
"GAAGTGCTGGATAGCT-1","0","L2/L3"
"GAAGTTTCCACTCAAT-1","2","L6"
"GAATAGACGCGACCCA-1","0","L2/L3"
"GAATAGCATTTAGGGT-1","0","L2/L3"
"GAATAGCCCTGCGGTC-1","0","L2/L3"
"GAATAGTGCTCGATTA-1","1","WM"
"GAATATTCGGAGTCCC-1","0","L2/L3"
"GAATCGACATGGTCAC-1","3","L5"
"GAATCGCCGGACACGG-1","0","L2/L3"
"GAATCTATACTCGGAC-1","0","L2/L3"
"GAATCTGAACATTCTC-1","2","L6"
"GAATGCCGAAATGACC-1","0","L2/L3"
"GAATGCGAATCGGTTC-1","4","Non-laminar"
"GAATGTATGGCAGGTC-1","0","L2/L3"
"GAATGTGGTCCGGATT-1","3","L5"
"GAATGTTGGGTAATCT-1","0","L2/L3"
"GAATTATAGTGAAAGG-1","2","L6"
"GAATTCACCCGGGTGT-1","1","WM"
"GAATTTCTCGCTGCAG-1","4","Non-laminar"
"GACAAACATATGCAGG-1","0","L2/L3"
"GACAACGACCATTGAA-1","3","L5"
"GACAACGCAGCTTACG-1","3","L5"
"GACAAGAGATGAGATT-1","5","L1"
"GACACAAGGGAAGAAA-1","3","L5"
"GACACGAGTTAGAGGA-1","0","L2/L3"
"GACACTGAGTTCAGTG-1","1","WM"
"GACACTGGAACCCGAT-1","0","L2/L3"
"GACAGATTTCTGGCTC-1","4","Non-laminar"
"GACAGCCAGACCTGAC-1","4","Non-laminar"
"GACAGGCACACACTAT-1","2","L6"
"GACATCCGTCGAACTG-1","4","Non-laminar"
"GACATCGATTTATAAC-1","1","WM"
"GACCAAACGTTGACTG-1","0","L2/L3"
"GACCAGAGCCCTGTAG-1","2","L6"
"GACCAGGTCATTCATA-1","0","L2/L3"
"GACCCAATTATGATAC-1","1","WM"
"GACCCGTCGCCGGCTA-1","0","L2/L3"
"GACCGACGTGAAAGCA-1","0","L2/L3"
"GACCGACTGAAGCGTC-1","3","L5"
"GACCGATTAAATATGT-1","1","WM"
"GACCGCGTCTGACGTG-1","0","L2/L3"
"GACCGTCAGGTCGTGA-1","0","L2/L3"
"GACCGTGCTGACGGTG-1","1","WM"
"GACCTTCCACGTCTAC-1","4","Non-laminar"
"GACGACGATCCGCGTT-1","4","Non-laminar"
"GACGAGGCTAATAAAC-1","0","L2/L3"
"GACGCATACCCGTCGG-1","1","WM"
"GACGCCGTAAAGGCTA-1","1","WM"
"GACGCCTGTTGCAGGG-1","0","L2/L3"
"GACGCTTGCTTCTAAA-1","2","L6"
"GACGGACCGCGTTCCT-1","0","L2/L3"
"GACGGGATGTCTTATG-1","5","L1"
"GACGGGTTGGCCCGTA-1","1","WM"
"GACGGTCAATAGAAGC-1","0","L2/L3"
"GACGTGAGACTCCATG-1","5","L1"
"GACTAACACAGCACCT-1","0","L2/L3"
"GACTAAGATCATGCAC-1","3","L5"
"GACTAAGTAGGCTCAC-1","3","L5"
"GACTACAAAGCGGTGG-1","1","WM"
"GACTACAATTGCTCGT-1","0","L2/L3"
"GACTAGGCCGTTAGGT-1","3","L5"
"GACTCACCCACGTGAG-1","0","L2/L3"
"GACTCCCAGAATAAGG-1","0","L2/L3"
"GACTCCTTCCAATTGA-1","1","WM"
"GACTCGCGGGAATGAC-1","0","L2/L3"
"GACTCGGTCGGCGGAT-1","5","L1"
"GACTGATTGGTCACAA-1","0","L2/L3"
"GACTGCAAATCGAGCT-1","4","Non-laminar"
"GACTGCACCAGCCCAG-1","4","Non-laminar"
"GACTGCGGCACGTGTA-1","4","Non-laminar"
"GACTGCTGGTGAGAAA-1","1","WM"
"GACTGGGCGCCGCAAC-1","0","L2/L3"
"GAGACTGATGGGTAGA-1","2","L6"
"GAGACTTCGCGACCGA-1","2","L6"
"GAGAGGGCGCGAGGTT-1","2","L6"
"GAGAGGTGCATTCTGG-1","1","WM"
"GAGAGTCTCGGGAGAG-1","1","WM"
"GAGATCTGCTTGGCAT-1","2","L6"
"GAGATCTGTCACTCCG-1","3","L5"
"GAGATCTTCCATGACA-1","2","L6"
"GAGATGGGAGTCGACA-1","2","L6"
"GAGCACCTGTGTCCAG-1","3","L5"
"GAGCATCAACAACTTG-1","1","WM"
"GAGCATCATCCCTGGG-1","0","L2/L3"
"GAGCCACGGTAGTAGG-1","0","L2/L3"
"GAGCCAGCTACCTGTG-1","3","L5"
"GAGCCGAGCGTTTATT-1","0","L2/L3"
"GAGCGAGGGAGTACCG-1","0","L2/L3"
"GAGCGCAAATACTCCG-1","0","L2/L3"
"GAGCGCGCACGAGTAG-1","0","L2/L3"
"GAGCGCTGTTAGGTAA-1","1","WM"
"GAGCGGAATGCGGTGT-1","1","WM"
"GAGCTAAGGGCATATC-1","3","L5"
"GAGCTCTCGGACCTAA-1","0","L2/L3"
"GAGCTGTCGTCTCGGA-1","0","L2/L3"
"GAGGAATGGAGAGGTT-1","2","L6"
"GAGGAGTAATTCCTAC-1","5","L1"
"GAGGATAAACAGTGCT-1","4","Non-laminar"
"GAGGCCCGACTCCGCA-1","1","WM"
"GAGGCCTGTTGATACA-1","0","L2/L3"
"GAGGCTATCAAAGTCG-1","2","L6"
"GAGGGAGTCAGATCGC-1","1","WM"
"GAGGGCATCGCGTATC-1","0","L2/L3"
"GAGGGCGCAGCTCTGC-1","3","L5"
"GAGGGTAGTAACAAAG-1","1","WM"
"GAGGTACATCCATCTT-1","0","L2/L3"
"GAGGTACGCGTGTCCC-1","2","L6"
"GAGGTCCCAAAGATCT-1","0","L2/L3"
"GAGGTCTTAGTGGGTC-1","0","L2/L3"
"GAGTAAACCGGAAAGT-1","4","Non-laminar"
"GAGTAAGGCCACGGGA-1","1","WM"
"GAGTACGGGTATACAA-1","0","L2/L3"
"GAGTAGATACTAGTTG-1","2","L6"
"GAGTATGCCCGCCTTG-1","1","WM"
"GAGTATGCGCGTGCAT-1","3","L5"
"GAGTCAGACCAGAATC-1","1","WM"
"GAGTCCGCTTACCGGA-1","2","L6"
"GAGTGTCAACCAGAAA-1","4","Non-laminar"
"GAGTGTGCGGTACCCA-1","3","L5"
"GAGTTGATGGCAATTT-1","1","WM"
"GAGTTGTCACCAGTCT-1","1","WM"
"GATAAATCGGTGGATG-1","0","L2/L3"
"GATAACTCGCACTGTG-1","3","L5"
"GATAAGGCAGATGCAA-1","5","L1"
"GATACGATGGGAGTCA-1","1","WM"
"GATAGGTAACGTTGAC-1","1","WM"
"GATAGTGCGAGTAAGT-1","1","WM"
"GATATCTCATGCAATA-1","0","L2/L3"
"GATATGAGACACTAAC-1","3","L5"
"GATATGCGGTAGCCAA-1","0","L2/L3"
"GATATGGATTACGCGG-1","0","L2/L3"
"GATATTGAGATTGGCG-1","0","L2/L3"
"GATATTTCCTACATGG-1","0","L2/L3"
"GATCAACATAAAGGGA-1","1","WM"
"GATCATTCCAAACATT-1","2","L6"
"GATCCCTTTATACTGC-1","2","L6"
"GATCCGGGAATTAACA-1","2","L6"
"GATCCTAAATCGGGAC-1","0","L2/L3"
"GATCCTCGACACTGGC-1","1","WM"
"GATCCTCTTGCGCTTA-1","0","L2/L3"
"GATCGACACTATCTGA-1","2","L6"
"GATCGCGGGCTCTCCA-1","2","L6"
"GATCGCTACCCGATTT-1","0","L2/L3"
"GATCGCTATATCTCAG-1","1","WM"
"GATCGGATAGAACCAT-1","2","L6"
"GATCGGCGATAAGTCG-1","0","L2/L3"
"GATCGGTGGCCATAAC-1","3","L5"
"GATCGTGACTGATATC-1","2","L6"
"GATCTCGACGCTGTGG-1","4","Non-laminar"
"GATCTGCTATCTAAGG-1","2","L6"
"GATCTTGGAGGGCATA-1","2","L6"
"GATCTTTGCAGGGTAT-1","2","L6"
"GATGACAAGTAGGGCA-1","1","WM"
"GATGACGATGATCGCG-1","5","L1"
"GATGAGGAACCTTCGG-1","4","Non-laminar"
"GATGATTTGAAACTGG-1","5","L1"
"GATGCCACACTACAGC-1","5","L1"
"GATGCCAGCAGAAGGC-1","5","L1"
"GATGCCTTCTGCGGCA-1","1","WM"
"GATGCGTCCTGCATTC-1","1","WM"
"GATGCTACAAGCGCCT-1","0","L2/L3"
"GATGCTGTATTTCATC-1","3","L5"
"GATGGCGCACACATTA-1","0","L2/L3"
"GATGGTGCCCTAGGCA-1","0","L2/L3"
"GATGTAACGAACCACC-1","1","WM"
"GATGTCCGGATCACAT-1","5","L1"
"GATGTCGGTCAACTGC-1","0","L2/L3"
"GATGTGTTGTCACAAG-1","0","L2/L3"
"GATGTTCAATCCACGA-1","1","WM"
"GATGTTTGTGCGAGAT-1","3","L5"
"GATTAACCGAAAGCCC-1","4","Non-laminar"
"GATTAATCCTGGCTCA-1","5","L1"
"GATTACTGAATTTGGG-1","2","L6"
"GATTCCCTTGTCGCAG-1","3","L5"
"GATTCCGCGTTTCCGT-1","0","L2/L3"
"GATTCCTATACGGCGC-1","2","L6"
"GATTCGACGGTTCACG-1","2","L6"
"GATTGACACTCTGCTC-1","4","Non-laminar"
"GATTGCTCCAGTTGCA-1","1","WM"
"GATTGGGAAAGGTTGT-1","4","Non-laminar"
"GCAAACCCTACATTAT-1","0","L2/L3"
"GCAAACCTTGGCCATA-1","2","L6"
"GCAAACGTAAGCGACC-1","1","WM"
"GCAAACGTCGCCAGGT-1","0","L2/L3"
"GCAAAGGGCGTTAGCC-1","1","WM"
"GCAAATATTACGCTTT-1","2","L6"
"GCAACACACTAGAACT-1","4","Non-laminar"
"GCAACAGCAGTATGCG-1","0","L2/L3"
"GCAACCACCAGACCGG-1","0","L2/L3"
"GCAACCACGGCCGCGT-1","2","L6"
"GCAACGGCTAGTTATG-1","0","L2/L3"
"GCAAGAATTCCTTGGC-1","1","WM"
"GCAAGATGTGTTCGCG-1","0","L2/L3"
"GCAAGTGCACAGAGAA-1","3","L5"
"GCAAGTGTAAAGCATG-1","1","WM"
"GCACAAACCCTAGATG-1","1","WM"
"GCACAAACGAGGCGTG-1","0","L2/L3"
"GCACAACCTCGGGCGT-1","1","WM"
"GCACAAGTGTCGGAAG-1","0","L2/L3"
"GCACACACTGGTAGCC-1","0","L2/L3"
"GCACACGCCCATGGTC-1","4","Non-laminar"
"GCACAGCACGGGCCGA-1","1","WM"
"GCACGCCTACTTAGAT-1","1","WM"
"GCACGTGGTTTACTTA-1","4","Non-laminar"
"GCACTAGTCGCGCTAT-1","0","L2/L3"
"GCACTGCCTACCTTTA-1","4","Non-laminar"
"GCACTGTGCAAATGTA-1","5","L1"
"GCAGACCCAGCACGTA-1","4","Non-laminar"
"GCAGATCCATAAGACT-1","4","Non-laminar"
"GCAGATCCTCGCAAAT-1","0","L2/L3"
"GCAGATTAGGGATATC-1","2","L6"
"GCAGCACACAGCCCAG-1","2","L6"
"GCAGCCTATATCACAT-1","4","Non-laminar"
"GCAGCGGTGGGCATTA-1","5","L1"
"GCAGGAACTTAGATCT-1","1","WM"
"GCAGGACTATAGAATA-1","2","L6"
"GCAGGTAGAGTATGGT-1","0","L2/L3"
"GCAGTGTGGCTATAGG-1","0","L2/L3"
"GCATACGAGGTCTTTA-1","3","L5"
"GCATAGAGCACTCAGG-1","2","L6"
"GCATCCCTAACTTTGA-1","0","L2/L3"
"GCATCGGCCGTGTAGG-1","0","L2/L3"
"GCATGAGGGACGCGGC-1","3","L5"
"GCATTCAAGGCAACGC-1","0","L2/L3"
"GCATTCGAAATGAACA-1","0","L2/L3"
"GCATTGTAATTCATAT-1","2","L6"
"GCATTTCCAAGGCTCC-1","0","L2/L3"
"GCCAACCATTTCCGGA-1","0","L2/L3"
"GCCAAGAATACTTCTG-1","4","Non-laminar"
"GCCAATAGGGCATCTC-1","0","L2/L3"
"GCCACAATTTAAGGAC-1","1","WM"
"GCCACTCAGAGCGCGA-1","0","L2/L3"
"GCCAGGAAAGAACACT-1","1","WM"
"GCCAGGAGTAACCGAT-1","3","L5"
"GCCAGGCGTTCGCATG-1","0","L2/L3"
"GCCATATTGCACACAG-1","4","Non-laminar"
"GCCATCGAGCTGCGTG-1","1","WM"
"GCCATCGATGCTGCAT-1","0","L2/L3"
"GCCATTAGCCTCAAAC-1","1","WM"
"GCCCACCAAGGCTGTC-1","0","L2/L3"
"GCCCAGTTGGTATGCC-1","0","L2/L3"
"GCCCATGGGTGCAATG-1","0","L2/L3"
"GCCCGACTTCTTCCCG-1","1","WM"
"GCCCGAGAGTCTAAAT-1","1","WM"
"GCCCGATCTGTGGTCG-1","2","L6"
"GCCCGCGCGTAAACGG-1","1","WM"
"GCCCGCGCGTTTGACA-1","2","L6"
"GCCCGTAATACCTTCT-1","3","L5"
"GCCCTAGCCGTCGCGA-1","1","WM"
"GCCCTGAGGATGGGCT-1","4","Non-laminar"
"GCCGAAATTCCTACGT-1","2","L6"
"GCCGACCCACGACTGC-1","1","WM"
"GCCGCATTAGTCCGGC-1","3","L5"
"GCCGCTAGATACGCAG-1","0","L2/L3"
"GCCGCTTGTGAGAAAC-1","2","L6"
"GCCGGAAACACATCTT-1","5","L1"
"GCCGGGTTAGGGTCGC-1","1","WM"
"GCCGGTTTGGGCGGAT-1","2","L6"
"GCCGTCGGTTTCGGGC-1","1","WM"
"GCCGTGGAAGAAATGT-1","4","Non-laminar"
"GCCTAGCGATCTGACC-1","0","L2/L3"
"GCCTATAGTGTCAGGG-1","3","L5"
"GCCTATTCCGATATAG-1","2","L6"
"GCCTATTTGCTACACA-1","0","L2/L3"
"GCCTCATCTGGAAATA-1","0","L2/L3"
"GCCTCCGACAATTCAC-1","4","Non-laminar"
"GCCTCTATACATAGCA-1","2","L6"
"GCCTGCTACACTGAGA-1","5","L1"
"GCCTTCAGCCCTACCG-1","0","L2/L3"
"GCCTTGTATATGCAGT-1","0","L2/L3"
"GCCTTTGTCAGTGGAC-1","1","WM"
"GCGAAACGATCGGGAG-1","0","L2/L3"
"GCGAAACTTAACTGGA-1","3","L5"
"GCGAAGAATCTGACGG-1","2","L6"
"GCGAAGCCATACCCGT-1","2","L6"
"GCGACATGTAAACATC-1","4","Non-laminar"
"GCGACCCAACCATCTG-1","1","WM"
"GCGACGATAGTTGTAC-1","1","WM"
"GCGAGAAACGGGAGTT-1","2","L6"
"GCGAGAGGCCATGTAA-1","0","L2/L3"
"GCGAGAGTTGCGTCCA-1","0","L2/L3"
"GCGAGCGCATGCTCCC-1","4","Non-laminar"
"GCGAGGCCCGAGCAGA-1","2","L6"
"GCGAGTTCTGCAAAGA-1","2","L6"
"GCGATTCTGGAAGCAG-1","0","L2/L3"
"GCGATTGTTAACGTTA-1","2","L6"
"GCGCAAATATATTCAA-1","1","WM"
"GCGCAAGAGCGCGCTG-1","0","L2/L3"
"GCGCATCCAGTCAGCA-1","0","L2/L3"
"GCGCCTCCCACTCCGA-1","0","L2/L3"
"GCGCGGTCTAGTAACT-1","1","WM"
"GCGCGTCATTGGTACA-1","2","L6"
"GCGCTAAGTATGCATG-1","0","L2/L3"
"GCGCTAATTGAATAGA-1","2","L6"
"GCGCTATGCCGAGGCA-1","1","WM"
"GCGCTGATCCAGACTC-1","0","L2/L3"
"GCGCTGCTTTGCATTT-1","0","L2/L3"
"GCGCTTAAATAATTGG-1","0","L2/L3"
"GCGGACCGCGTTGTGG-1","1","WM"
"GCGGAGAAACTTCGCA-1","1","WM"
"GCGGAGAGGGAGAACG-1","3","L5"
"GCGGCAAAGTATTGCC-1","1","WM"
"GCGGCTCTGACGTACC-1","2","L6"
"GCGGGAACCAGGCCCT-1","3","L5"
"GCGGGCGAGCCTTACC-1","1","WM"
"GCGGTCCCTAGACGCA-1","0","L2/L3"
"GCGGTGAACTGCGCTC-1","0","L2/L3"
"GCGGTTCCCTATCATG-1","1","WM"
"GCGTAAATGGCCATAA-1","0","L2/L3"
"GCGTCCCTAAGACATA-1","1","WM"
"GCGTCGAAATGTCGGT-1","3","L5"
"GCGTCGCCAGGGTGAT-1","2","L6"
"GCGTGGTACTGGGTTA-1","0","L2/L3"
"GCGTGTATGTCGTATT-1","0","L2/L3"
"GCGTTATATTTGGAAC-1","0","L2/L3"
"GCGTTCGGAGACCGGG-1","0","L2/L3"
"GCTAAACCTGAGGTGA-1","5","L1"
"GCTAACTGAAGTCTGA-1","0","L2/L3"
"GCTAAGTAAAGGCGAT-1","0","L2/L3"
"GCTAAGTAGTTTCTCT-1","3","L5"
"GCTAATACCGAATGCC-1","3","L5"
"GCTACAATCGAGGATA-1","0","L2/L3"
"GCTACAGTACGGACCG-1","4","Non-laminar"
"GCTACGACTTATTGGG-1","2","L6"
"GCTACTATAGTAGAGT-1","0","L2/L3"
"GCTAGACCGTCTACTG-1","0","L2/L3"
"GCTAGAGTAGAGATGT-1","0","L2/L3"
"GCTAGCAGGGAGTGGG-1","0","L2/L3"
"GCTAGCGATAGGTCTT-1","1","WM"
"GCTAGCTTGAATAGCT-1","1","WM"
"GCTAGGCACCACGGAG-1","2","L6"
"GCTAGTAGAGCTTGTA-1","2","L6"
"GCTAGTTTCATTGAGG-1","0","L2/L3"
"GCTATACGTCTCGGAC-1","4","Non-laminar"
"GCTATCATACTCATGG-1","4","Non-laminar"
"GCTATCGCGGCGCAAC-1","2","L6"
"GCTCAATCCGTTTATT-1","1","WM"
"GCTCAATGTAATACCG-1","2","L6"
"GCTCATTACTGCATGT-1","0","L2/L3"
"GCTCCCAGTCGGTCCA-1","0","L2/L3"
"GCTCCGCTCGCTTCAG-1","0","L2/L3"
"GCTCCGGACGTTGATA-1","5","L1"
"GCTCCTGACATACTGG-1","1","WM"
"GCTCGCGGTTCCGCTC-1","0","L2/L3"
"GCTCGCTCATGTCCAA-1","0","L2/L3"
"GCTCGGAATTTAAAGC-1","3","L5"
"GCTCTAAACCCTGACG-1","5","L1"
"GCTCTATGTTACGTGC-1","3","L5"
"GCTCTCGGGTACCGAA-1","2","L6"
"GCTCTTTCCGCTAGTG-1","1","WM"
"GCTGAATCTTCCAATC-1","1","WM"
"GCTGAGGCGTGAGTAT-1","2","L6"
"GCTGCACGGTTTCTTA-1","2","L6"
"GCTGCTAAGTAGTCGA-1","1","WM"
"GCTGCTACTGCGTAGC-1","4","Non-laminar"
"GCTGCTCTCCGGACAC-1","2","L6"
"GCTGGACCCAAAGTGG-1","0","L2/L3"
"GCTGGCATATTCACCT-1","3","L5"
"GCTGGCGGCGCATGCT-1","4","Non-laminar"
"GCTGGGTCCGCTGTTA-1","4","Non-laminar"
"GCTGGTTTAGGCCATA-1","1","WM"
"GCTGTATTACTGGCCC-1","1","WM"
"GCTGTCTGTGATCGAC-1","5","L1"
"GCTGTTGCTACCGAAC-1","0","L2/L3"
"GCTTAATGTAACTAAC-1","4","Non-laminar"
"GCTTACGTAGTTAGTA-1","5","L1"
"GCTTATGAAGCAGGAA-1","3","L5"
"GCTTCCATGTAACCGC-1","4","Non-laminar"
"GCTTCCGTCCCTAGAC-1","3","L5"
"GCTTCGACGTTCAATC-1","1","WM"
"GCTTGATGATAATCAG-1","0","L2/L3"
"GCTTGGATCGATTAGG-1","0","L2/L3"
"GCTTTCAGAGGAGGTG-1","0","L2/L3"
"GGAAACCTTGTTGAAT-1","0","L2/L3"
"GGAAACTAAATGGGCC-1","0","L2/L3"
"GGAAAGTGCCCATGCC-1","0","L2/L3"
"GGAACCGTGTAAATTG-1","1","WM"
"GGAACCTTGACTCTGC-1","1","WM"
"GGAACGGCCTGCAGCC-1","0","L2/L3"
"GGAACTTTGGCGATTA-1","0","L2/L3"
"GGAAGCTCGCTTACAG-1","0","L2/L3"
"GGAATAACCTCAAGAA-1","5","L1"
"GGAATGCGCTAGCGTG-1","3","L5"
"GGACACAAGTTTACAC-1","0","L2/L3"
"GGACCAACAGGATAAC-1","2","L6"
"GGACCTACGGTAACGT-1","0","L2/L3"
"GGACCTCTAGGCCGCC-1","1","WM"
"GGACGGCTTGCGCAAC-1","0","L2/L3"
"GGACTCGACAGCGCAT-1","1","WM"
"GGACTCGTGAGTGGTC-1","1","WM"
"GGAGAAGTCATTGGCA-1","3","L5"
"GGAGACCATCTACATA-1","1","WM"
"GGAGACGACACCTTTG-1","2","L6"
"GGAGCAACATTTCAAG-1","5","L1"
"GGAGCACCAAGAACTA-1","3","L5"
"GGAGCGAGGCCTACTT-1","4","Non-laminar"
"GGAGGATTGAAAGGAG-1","0","L2/L3"
"GGAGGCCGAAGTCGTC-1","0","L2/L3"
"GGAGGCGAAGAACCGC-1","5","L1"
"GGAGGGCTTGGTTGGC-1","3","L5"
"GGAGGGTCAAGTAAGA-1","4","Non-laminar"
"GGAGTGCCGCCCTGGA-1","3","L5"
"GGAGTTGATTCTGTGT-1","4","Non-laminar"
"GGATACTCATGAATTG-1","0","L2/L3"
"GGATCAAAGGACGAGG-1","0","L2/L3"
"GGATCATCCCGTACGC-1","0","L2/L3"
"GGATCCCTACCAGCTA-1","5","L1"
"GGATCCGGAATATACT-1","3","L5"
"GGATCTTACTGCCCTT-1","1","WM"
"GGATCTTGACTCAACC-1","1","WM"
"GGATGAAGATCGCTGA-1","0","L2/L3"
"GGATGCTGGCGTTCCT-1","2","L6"
"GGATGTCCTTACCGCA-1","3","L5"
"GGATTAAGCTAAGGTC-1","0","L2/L3"
"GGATTCAGTACGGTGG-1","0","L2/L3"
"GGATTCCGCTATACCC-1","3","L5"
"GGATTGAAGTAGCCTC-1","4","Non-laminar"
"GGATTGCTGTGACTCC-1","4","Non-laminar"
"GGATTTCACTTCTATA-1","3","L5"
"GGCAAAGGCGCCAATA-1","1","WM"
"GGCAAATTACTTTACT-1","1","WM"
"GGCAAGCCCATAGTGG-1","2","L6"
"GGCAAGGCGAAATAGC-1","2","L6"
"GGCAATAGTCAATGAG-1","3","L5"
"GGCACTCCACTGGGCA-1","2","L6"
"GGCAGCAAACCTATGC-1","0","L2/L3"
"GGCAGCGGTAATCCTA-1","0","L2/L3"
"GGCATACAGGTAGCGG-1","2","L6"
"GGCATATCGGTTCTGC-1","0","L2/L3"
"GGCATCAACGAGCACG-1","5","L1"
"GGCCACAAGCGATGGC-1","5","L1"
"GGCCCTCACCCACTTA-1","2","L6"
"GGCCGAGACTCTGGTG-1","1","WM"
"GGCCGGCGTCTGCTAT-1","4","Non-laminar"
"GGCCGTTTGGGTTTCA-1","1","WM"
"GGCCTGCTTCTCCCGA-1","0","L2/L3"
"GGCGAAATCTAACTTG-1","3","L5"
"GGCGAGCATCGAGGAC-1","5","L1"
"GGCGAGCGAAACGGCA-1","1","WM"
"GGCGCAGGACATCTTC-1","2","L6"
"GGCGCATGAATTGATG-1","1","WM"
"GGCGCGGAGATCTTTC-1","2","L6"
"GGCGCGTTCGAGTTTA-1","1","WM"
"GGCGCTCCTCATCAAT-1","0","L2/L3"
"GGCGCTTCATTCCCTG-1","4","Non-laminar"
"GGCGGAGTAATATTAG-1","2","L6"
"GGCGGTAGGATCATTG-1","2","L6"
"GGCGGTTTGCCGGTGC-1","5","L1"
"GGCGTACCCTATATAA-1","5","L1"
"GGCGTAGGGAAAGCTG-1","4","Non-laminar"
"GGCGTCCTATCCGCTG-1","2","L6"
"GGCTAAAGGGCGGGTC-1","0","L2/L3"
"GGCTACTATACACTCC-1","1","WM"
"GGCTATTAAGTTGTAT-1","2","L6"
"GGCTCCTCCACCTGTT-1","1","WM"
"GGCTCGCGTTGAGGTA-1","3","L5"
"GGCTCGTGCCACCAGC-1","0","L2/L3"
"GGCTCTGCTCCAACGC-1","3","L5"
"GGCTGAAATAGCAAAG-1","4","Non-laminar"
"GGCTGAGCATCGTAAG-1","0","L2/L3"
"GGCTGGCTAGCTTAAA-1","5","L1"
"GGCTTTCAATAAGGGT-1","4","Non-laminar"
"GGGAACCACCTGTTTC-1","5","L1"
"GGGAACGGGAGGTTAG-1","2","L6"
"GGGAACGGTTTCAGAT-1","1","WM"
"GGGAAGACGGTCTGTC-1","4","Non-laminar"
"GGGAAGGGCTTTCTCA-1","4","Non-laminar"
"GGGAATGAGCCCTCAC-1","0","L2/L3"
"GGGACAGAGTTACTCC-1","1","WM"
"GGGACCCGTATATCTT-1","1","WM"
"GGGACTGCATAGATAG-1","2","L6"
"GGGAGAACTCACAGTA-1","2","L6"
"GGGAGGATGCCCGAAA-1","2","L6"
"GGGAGTAATGGCTGGC-1","0","L2/L3"
"GGGAGTTAATGAGGCG-1","3","L5"
"GGGATGGACCCGCGTC-1","1","WM"
"GGGATGGTCGTAACCG-1","1","WM"
"GGGATTTACCGCACCT-1","3","L5"
"GGGCAACCGCACGTGC-1","1","WM"
"GGGCAGAGCAATCGTT-1","4","Non-laminar"
"GGGCAGGATTTCTGTG-1","1","WM"
"GGGCCATTCGTGCTGG-1","1","WM"
"GGGCCCGTCTTAAACA-1","1","WM"
"GGGCCCTACGAAAGGG-1","2","L6"
"GGGCCGGCCGAAGTAC-1","3","L5"
"GGGCCTAAATGGGCTA-1","2","L6"
"GGGCGATATGTGTGAA-1","3","L5"
"GGGCGGCAAATGAATT-1","1","WM"
"GGGCGGGTTCCCTACG-1","1","WM"
"GGGCGGTCCTATTGTC-1","5","L1"
"GGGCGTACATTTATAT-1","3","L5"
"GGGCGTCACCACGTAA-1","1","WM"
"GGGCGTCCACTGGCTC-1","0","L2/L3"
"GGGCGTGGTTTCCCAG-1","4","Non-laminar"
"GGGCGTTTACATTCAT-1","1","WM"
"GGGCTATGATCGATGG-1","1","WM"
"GGGCTCATCGAACCCA-1","3","L5"
"GGGCTGCCTAGGGCGA-1","2","L6"
"GGGCTGGTTAGTCGCG-1","2","L6"
"GGGTACACTCTGGAGG-1","5","L1"
"GGGTACCCACGGTCCT-1","0","L2/L3"
"GGGTACTTCATGAACT-1","2","L6"
"GGGTATGTATGCACTT-1","0","L2/L3"
"GGGTATTCTAGCAAAC-1","1","WM"
"GGGTCACCGTGACGGT-1","2","L6"
"GGGTCACGTGCTTATG-1","5","L1"
"GGGTCAGGAGCTAGAT-1","2","L6"
"GGGTCATGCGTACCAT-1","5","L1"
"GGGTCGTGGCAAGTGT-1","0","L2/L3"
"GGGTCTATCGCTTTCC-1","4","Non-laminar"
"GGGTGACACCTTAACT-1","1","WM"
"GGGTGCATATGAAAGC-1","0","L2/L3"
"GGGTGGTCCAGCCTGT-1","0","L2/L3"
"GGGTGTTTCAGCTATG-1","3","L5"
"GGGTTAACATTTGAGT-1","1","WM"
"GGGTTCAGACGAACAA-1","5","L1"
"GGGTTTAGGATAGGAT-1","0","L2/L3"
"GGTAAACTCTGCGCTG-1","4","Non-laminar"
"GGTAAATGTGCGTTAC-1","0","L2/L3"
"GGTAACCGGGAGGATA-1","1","WM"
"GGTAACTATGTATCTG-1","0","L2/L3"
"GGTACAAACATGCTAT-1","1","WM"
"GGTACATCTGGGACGA-1","2","L6"
"GGTACCATTAAGACGG-1","0","L2/L3"
"GGTAGAAGACCGCCTG-1","4","Non-laminar"
"GGTAGACCGTTGGGCG-1","1","WM"
"GGTAGTGCTCGCACCA-1","2","L6"
"GGTATAGTGACACATA-1","4","Non-laminar"
"GGTATTGCCGAGTTTA-1","2","L6"
"GGTCAAGACTACTTCG-1","0","L2/L3"
"GGTCACGTTAGATTCA-1","5","L1"
"GGTCAGTGGGTCCCAC-1","1","WM"
"GGTCATTGTAGTCATA-1","1","WM"
"GGTCGGATAAACGGCG-1","0","L2/L3"
"GGTCGGCCAGGAGCTT-1","3","L5"
"GGTCGGTAATTAGACA-1","0","L2/L3"
"GGTCGGTCGTCCACAG-1","1","WM"
"GGTCGTAAGCTCGCAC-1","1","WM"
"GGTCTCCGTCCAGGTT-1","0","L2/L3"
"GGTCTCTGAATGGACT-1","1","WM"
"GGTCTGAGAATCTGGA-1","3","L5"
"GGTCTTGAGCGCTCTT-1","2","L6"
"GGTGAAACCGGGAATG-1","5","L1"
"GGTGAACGGGCTAGCC-1","5","L1"
"GGTGAAGTACAGGGAT-1","1","WM"
"GGTGAGATGCAGATAA-1","0","L2/L3"
"GGTGATAAGGAGCAGT-1","3","L5"
"GGTGATTTCATCTTGT-1","5","L1"
"GGTGCAGAGCCTATCG-1","0","L2/L3"
"GGTGCATAAATGATTA-1","1","WM"
"GGTGCGGATAAGTGGC-1","0","L2/L3"
"GGTGCTGATCACAAAG-1","0","L2/L3"
"GGTGCTGGTACACATT-1","1","WM"
"GGTGGACCACGTGTTA-1","5","L1"
"GGTGGACTGCTCTGGC-1","2","L6"
"GGTGTAAATCGATTGT-1","1","WM"
"GGTGTTCTGTTTCTAC-1","0","L2/L3"
"GGTTACCACCCTCGGG-1","1","WM"
"GGTTAGCTATATGTCT-1","4","Non-laminar"
"GGTTAGGCTTGGAGAA-1","2","L6"
"GGTTAGTTACGGCGCC-1","0","L2/L3"
"GGTTCCACCCGCTTCT-1","0","L2/L3"
"GGTTCTACTCGTCTGA-1","0","L2/L3"
"GGTTGTATCGTGAAAT-1","5","L1"
"GGTTGTGTAGCCTGGC-1","0","L2/L3"
"GGTTTAATTACCATCG-1","1","WM"
"GGTTTACAATCTCAAT-1","0","L2/L3"
"GGTTTAGCCTTTCTTG-1","0","L2/L3"
"GGTTTCAATCGGTCAG-1","3","L5"
"GGTTTGAGTGCTGGAA-1","0","L2/L3"
"GGTTTGTGACCTGAGG-1","0","L2/L3"
"GTAACATCTAAGATAA-1","0","L2/L3"
"GTAACTGCCCAAGGAG-1","1","WM"
"GTAACTTGCGGCAGTC-1","0","L2/L3"
"GTAAGCGGGCAGTCAG-1","3","L5"
"GTAAGGATTTGTCGGA-1","0","L2/L3"
"GTAAGTAACAGTCTGG-1","3","L5"
"GTAAGTAGGGTATACC-1","2","L6"
"GTAATAAAGGGCTCCC-1","0","L2/L3"
"GTAATCTGATTCTTCG-1","1","WM"
"GTACACTTACCTGAAG-1","2","L6"
"GTACAGAGGCAAGGGT-1","3","L5"
"GTACGACGGCGCTGCG-1","0","L2/L3"
"GTACGAGATTGCGACA-1","3","L5"
"GTACGCTTCATTGCAC-1","2","L6"
"GTACGTCACGTATTAA-1","5","L1"
"GTACGTTTGCCCGTCA-1","2","L6"
"GTACTAAGATTTGGAG-1","2","L6"
"GTACTCCCTTATCGCT-1","2","L6"
"GTACTCCTGGGTATGC-1","0","L2/L3"
"GTACTGAGGTCGTAAC-1","0","L2/L3"
"GTACTGCATGAAGCGT-1","0","L2/L3"
"GTACTGGAGTTAGACC-1","2","L6"
"GTACTTGGGCACTTCT-1","0","L2/L3"
"GTAGAAACGGGTGGAG-1","0","L2/L3"
"GTAGACAACCGATGAA-1","0","L2/L3"
"GTAGACACGCCTGACT-1","2","L6"
"GTAGACGTCGTTACAT-1","0","L2/L3"
"GTAGAGGGAGACAAGT-1","1","WM"
"GTAGCCAAACATGGGA-1","2","L6"
"GTAGCGCTGTTGTAGT-1","0","L2/L3"
"GTAGCGGCTATACACT-1","2","L6"
"GTAGCTAGTAAGCGCG-1","0","L2/L3"
"GTAGCTCCGGGAGGCT-1","1","WM"
"GTAGCTTCCTCTTGTT-1","3","L5"
"GTAGGTGATCCGTGTA-1","0","L2/L3"
"GTAGTCGCGGGAATCA-1","3","L5"
"GTAGTCTACGATATTG-1","4","Non-laminar"
"GTAGTTCGAAGGCGAA-1","1","WM"
"GTATAATCTCCCGGAT-1","2","L6"
"GTATAGGACTCAGTAG-1","3","L5"
"GTATAGTGGCCCATGT-1","0","L2/L3"
"GTATATGTTACGGCGG-1","5","L1"
"GTATCAAACGTTAGCT-1","0","L2/L3"
"GTATCAGCTTGGGTTC-1","0","L2/L3"
"GTATCCTTTGGTAACC-1","0","L2/L3"
"GTATCGGGACGAGCTG-1","5","L1"
"GTATCTCAGTCTTGAC-1","1","WM"
"GTATCTCCCTAACTGT-1","5","L1"
"GTATCTTGTTGCTCAC-1","5","L1"
"GTATCTTTCATAACCA-1","2","L6"
"GTATGAAATTTCACTC-1","1","WM"
"GTATGACGTGGGAAAC-1","5","L1"
"GTATGTGGGTCTAGTT-1","3","L5"
"GTATTAAGGCGTCTAA-1","0","L2/L3"
"GTATTCTGAGAAACGA-1","1","WM"
"GTATTTAATGGCATAA-1","4","Non-laminar"
"GTCAAAGAAGTGGTGT-1","1","WM"
"GTCAAAGTTTACATAG-1","0","L2/L3"
"GTCAACCAGGCCTATA-1","4","Non-laminar"
"GTCAAGCGGACTCGGG-1","3","L5"
"GTCAATTGTACTGAAG-1","5","L1"
"GTCACAAAGTTTCCAA-1","0","L2/L3"
"GTCACCTGTCTATGTC-1","0","L2/L3"
"GTCACTCTCCAAATCT-1","0","L2/L3"
"GTCAGAATAGTCTATG-1","4","Non-laminar"
"GTCAGTTGTGCTCGTT-1","0","L2/L3"
"GTCAGTTTGGTAGTCG-1","4","Non-laminar"
"GTCATCTCCTACAGCT-1","5","L1"
"GTCATGCACCTCCGTT-1","4","Non-laminar"
"GTCATGCGCGAGGGCT-1","4","Non-laminar"
"GTCATGGACATGACTA-1","2","L6"
"GTCATTAGAGCGAACG-1","2","L6"
"GTCATTGCATTGACCC-1","2","L6"
"GTCCAATATTTAGCCT-1","2","L6"
"GTCCATTACTGCTACG-1","0","L2/L3"
"GTCCCAACGTAAAGTA-1","2","L6"
"GTCCCGCGACGTTATG-1","3","L5"
"GTCCGGACCTGAAATT-1","4","Non-laminar"
"GTCCGGCTGAATTGCG-1","2","L6"
"GTCCTACAGGCGGCTC-1","0","L2/L3"
"GTCCTACGAATAGTCT-1","0","L2/L3"
"GTCCTAGGATACCTTA-1","1","WM"
"GTCCTTCTAGTGGGTT-1","0","L2/L3"
"GTCCTTTAATGACTTC-1","5","L1"
"GTCGAATTTGGGCGCT-1","1","WM"
"GTCGCCGTTGTGTGTT-1","1","WM"
"GTCGCGTAACCCGTTG-1","2","L6"
"GTCGGATATCTCAGAC-1","3","L5"
"GTCGGATGTAGCGCGC-1","3","L5"
"GTCGGGAAGCAGAAAC-1","2","L6"
"GTCGTACCATCTCGGG-1","2","L6"
"GTCGTATTGGCGTACA-1","0","L2/L3"
"GTCGTCAATTATAAGG-1","0","L2/L3"
"GTCGTGTCTGGTCATC-1","0","L2/L3"
"GTCGTTATTCGCTTAT-1","2","L6"
"GTCTACTCAATTACAA-1","4","Non-laminar"
"GTCTAGTGAGCCGCTT-1","4","Non-laminar"
"GTCTATCTGAGTTTCT-1","2","L6"
"GTCTATTGGTTCCGGT-1","0","L2/L3"
"GTCTCAAGGCCCGGCT-1","4","Non-laminar"
"GTCTCCTGCCAGTATG-1","1","WM"
"GTCTCGACTAAGTTTG-1","0","L2/L3"
"GTCTCGATCTGCTTTC-1","3","L5"
"GTCTCGCCAACACGCC-1","0","L2/L3"
"GTCTGGGCGGTCGAGA-1","1","WM"
"GTCTGTAGGTTGAACA-1","1","WM"
"GTCTTAGTACAGCCGG-1","3","L5"
"GTCTTGAGGAGCAGTG-1","0","L2/L3"
"GTCTTGTAGCTATTCA-1","0","L2/L3"
"GTGAAACGGCGCCACC-1","3","L5"
"GTGAAACGTGCTCCAC-1","0","L2/L3"
"GTGAACTCCCATTCGA-1","0","L2/L3"
"GTGAAGATTTCAAGTG-1","0","L2/L3"
"GTGAAGCCGTATAGTC-1","0","L2/L3"
"GTGAAGTCACGACTCG-1","1","WM"
"GTGACAGCTTCCCACT-1","3","L5"
"GTGACCGCACACTACG-1","3","L5"
"GTGACGAGGGTGACCC-1","0","L2/L3"
"GTGACGCAGGTTTCAT-1","3","L5"
"GTGACTTCAGTAGTGC-1","1","WM"
"GTGAGATAACCTTATA-1","1","WM"
"GTGAGCGTGCTGCACT-1","3","L5"
"GTGAGGACACTTAAGG-1","2","L6"
"GTGAGGAGCGGTTGAG-1","0","L2/L3"
"GTGAGTGGTACAACGC-1","1","WM"
"GTGATCAAGCGTGCAC-1","1","WM"
"GTGATCACTAACGCCT-1","0","L2/L3"
"GTGATCATAGATCTGC-1","1","WM"
"GTGATCCTTGTCATGA-1","4","Non-laminar"
"GTGATGCACAACATCT-1","0","L2/L3"
"GTGATTCGCCGCTCAA-1","1","WM"
"GTGCAACAAATGTGGC-1","0","L2/L3"
"GTGCACCAGCTTCAAC-1","2","L6"
"GTGCACGAAAGTGACT-1","0","L2/L3"
"GTGCCATCACACGGTG-1","2","L6"
"GTGCCCGTTCGGATTC-1","3","L5"
"GTGCCGCTTCAAAGGT-1","1","WM"
"GTGCCTCAGTGTACGG-1","0","L2/L3"
"GTGCGAAATCGAACAC-1","1","WM"
"GTGCGACAGGGAGTGT-1","4","Non-laminar"
"GTGCGCAGCTTGCTCC-1","5","L1"
"GTGCGCTTACAAATGA-1","5","L1"
"GTGCGGGACCATCGGC-1","5","L1"
"GTGCGGGTCTCCAAAT-1","3","L5"
"GTGCGTGTATATGAGC-1","3","L5"
"GTGCTCAAGTACTGTC-1","2","L6"
"GTGCTTACATCAGCGC-1","0","L2/L3"
"GTGGAACCTACATGCG-1","0","L2/L3"
"GTGGACCAACCCGATT-1","1","WM"
"GTGGACGCATTTGTCC-1","2","L6"
"GTGGACGTGCTGAGAC-1","0","L2/L3"
"GTGGAGCGTTTACCGA-1","1","WM"
"GTGGAGTCGGCGGTTG-1","1","WM"
"GTGGCAAACAGCGGCA-1","1","WM"
"GTGGCCGGTTTCTCGG-1","1","WM"
"GTGGCGGGCCGTAGCT-1","0","L2/L3"
"GTGGCGGTCCCAGCGT-1","2","L6"
"GTGGCGTGCACCAGAG-1","5","L1"
"GTGGGAAGACTGAATC-1","4","Non-laminar"
"GTGGGCTTAGACACAC-1","2","L6"
"GTGGTATAGTCTGCCG-1","1","WM"
"GTGGTCAGCGAAGTAT-1","0","L2/L3"
"GTGGTGGCCAAGTGAA-1","3","L5"
"GTGGTTACTTCTTTCG-1","0","L2/L3"
"GTGGTTTCCGCCTTTC-1","2","L6"
"GTGTACCTTGGCTACG-1","3","L5"
"GTGTATATCAGCGGGC-1","4","Non-laminar"
"GTGTATGACTTTAAAG-1","5","L1"
"GTGTCAGTGTACGTGG-1","1","WM"
"GTGTCCGATAAGGCAT-1","0","L2/L3"
"GTGTCGTATAGCGTTC-1","4","Non-laminar"
"GTGTGAATAACTTAGG-1","3","L5"
"GTGTGAGCCGAGGTGC-1","5","L1"
"GTGTTACTATGCGTCC-1","2","L6"
"GTTAAAGTAGGACTGG-1","3","L5"
"GTTAACATCACTTAAA-1","4","Non-laminar"
"GTTAACTATGTTGTCA-1","0","L2/L3"
"GTTAAGGGTGCGATGT-1","4","Non-laminar"
"GTTAAGTTAGAGTGGG-1","4","Non-laminar"
"GTTAATGTCTATCTTA-1","2","L6"
"GTTACAATTGGTGACG-1","2","L6"
"GTTACCTACAACTTGC-1","4","Non-laminar"
"GTTACGAAATCCACGC-1","5","L1"
"GTTACTTTGGGCCTAG-1","1","WM"
"GTTAGAGTGTGCCGCT-1","0","L2/L3"
"GTTAGCCCATGACATC-1","4","Non-laminar"
"GTTAGCCGTAAATCAA-1","0","L2/L3"
"GTTAGGCTACCCGTTT-1","1","WM"
"GTTATAATACGGTGAA-1","0","L2/L3"
"GTTATATTATCTCCCT-1","1","WM"
"GTTATCACCTTCTGAA-1","0","L2/L3"
"GTTATTAAATACGACC-1","0","L2/L3"
"GTTATTAACGTGGGAG-1","5","L1"
"GTTCAATCTATGTCAA-1","0","L2/L3"
"GTTCACAGGAGTCTAG-1","2","L6"
"GTTCAGTCGCCAAATG-1","1","WM"
"GTTCATCGTTTGGCTG-1","0","L2/L3"
"GTTCCAAGACAGCGAC-1","5","L1"
"GTTCCAGTCTGACCAT-1","0","L2/L3"
"GTTCCGTCCGCCTGCA-1","1","WM"
"GTTCGCCATAAGTGCC-1","2","L6"
"GTTCGCTGAGACGTCT-1","0","L2/L3"
"GTTCGGATCGGGAACA-1","5","L1"
"GTTCGGGCGTACCATT-1","0","L2/L3"
"GTTCGTCTAAAGAACT-1","0","L2/L3"
"GTTCGTTGCGGACCAG-1","5","L1"
"GTTCTTCCCTCGATGT-1","4","Non-laminar"
"GTTGAACCGGTTCCAT-1","1","WM"
"GTTGAGTCCCGCCGGT-1","3","L5"
"GTTGCACGGAGTTTCG-1","3","L5"
"GTTGCGGACGGTCAGG-1","5","L1"
"GTTGGATTCAGTGGCT-1","0","L2/L3"
"GTTGGATTGAGAACAC-1","3","L5"
"GTTGGATTTGCGTTGG-1","2","L6"
"GTTGGTCATGCTATCC-1","2","L6"
"GTTGTCGTGTTAGTTG-1","0","L2/L3"
"GTTTACGTTCCATCTG-1","2","L6"
"GTTTCAAACGAGTTGT-1","0","L2/L3"
"GTTTCATATCGTCGCT-1","2","L6"
"GTTTCCTGGAGGGTGA-1","3","L5"
"GTTTCTGCAGTCTCCC-1","3","L5"
"GTTTGACCAAATCCTA-1","2","L6"
"GTTTGAGCGGTTATGT-1","5","L1"
"GTTTGGCCCAAGTTAT-1","2","L6"
"GTTTGGCCGCTCAGCG-1","0","L2/L3"
"GTTTGGGCTTGTGAGC-1","4","Non-laminar"
"GTTTGGGTTTCGCCCG-1","4","Non-laminar"
"GTTTGGTAGGGTCAAC-1","2","L6"
"GTTTGGTGATCGGTGC-1","1","WM"
"TAAACCCAGGAGGGCA-1","1","WM"
"TAAAGAGCCCGAAACC-1","0","L2/L3"
"TAAAGCGGTATTTCCA-1","1","WM"
"TAAAGCGTTAGGAGAA-1","3","L5"
"TAAAGCTGCAATAGGG-1","0","L2/L3"
"TAAAGGAGAAACTAGT-1","5","L1"
"TAAATGAATCCGTTTC-1","0","L2/L3"
"TAAATGCCGTCTCATG-1","0","L2/L3"
"TAAATTTAGTAACACC-1","1","WM"
"TAACAAAGGGAGAAGC-1","0","L2/L3"
"TAACAATATTTGTTGC-1","2","L6"
"TAACAGCGTTTGTGCT-1","1","WM"
"TAACATACAATGTGGG-1","2","L6"
"TAACATACACGCGATC-1","1","WM"
"TAACCGCCCGCAGTGC-1","0","L2/L3"
"TAACCTACCGTCCGAG-1","0","L2/L3"
"TAACCTAGGGAGTCCA-1","0","L2/L3"
"TAACGCTTTGAGAGCG-1","2","L6"
"TAACTATCGAAGGTCC-1","3","L5"
"TAACTATTACGCCAAA-1","0","L2/L3"
"TAACTCATCCGCGCGG-1","1","WM"
"TAACTCCATGGAGGCT-1","0","L2/L3"
"TAAGAGGGACAGGGAC-1","1","WM"
"TAAGATTTAGCGGGAG-1","5","L1"
"TAAGCAGGCGACACGC-1","3","L5"
"TAAGCGCGAATCAAAT-1","1","WM"
"TAAGGAACTTGTGGGA-1","0","L2/L3"
"TAAGGCAACATAAGAT-1","3","L5"
"TAAGGCATAACATCAA-1","1","WM"
"TAAGGCCCGTCACCCT-1","4","Non-laminar"
"TAAGGCTGAATCCCTC-1","0","L2/L3"
"TAAGGGCCTGTCCGAT-1","0","L2/L3"
"TAAGGGCTGGGAGAGG-1","4","Non-laminar"
"TAAGTAAATGTGCCGC-1","0","L2/L3"
"TAAGTAACATCTTGAC-1","1","WM"
"TAAGTCGCCGAGTATC-1","1","WM"
"TAAGTTGCGACGTAGG-1","0","L2/L3"
"TAATAAACAAGGAGAT-1","0","L2/L3"
"TAATACACAGTAGTAT-1","3","L5"
"TAATAGAACAGAGTTA-1","1","WM"
"TAATAGGTCACCAGAA-1","1","WM"
"TAATAGTGACGACCAG-1","3","L5"
"TAATATTGAAATTCGC-1","0","L2/L3"
"TAATCGATCCGTACGT-1","3","L5"
"TAATGAAAGACCCTTG-1","0","L2/L3"
"TAATTACGTCAGTAGA-1","0","L2/L3"
"TAATTAGATGGATATG-1","5","L1"
"TAATTAGGACATCCGT-1","0","L2/L3"
"TAATTGGAATCGGGAA-1","0","L2/L3"
"TACAAATTGCGGAGGT-1","4","Non-laminar"
"TACAACGCACAACTCA-1","1","WM"
"TACAAGCTGTTCACTG-1","5","L1"
"TACAAGTCTCGTGCAT-1","3","L5"
"TACAGAAACGGTGGGC-1","2","L6"
"TACATAGGCATACACC-1","2","L6"
"TACATCCCTATCCCTG-1","4","Non-laminar"
"TACATTTCTAACGTGC-1","1","WM"
"TACCAAATAGCCCAGA-1","2","L6"
"TACCAATAAAGTACCA-1","3","L5"
"TACCAGAAGTAGGTTC-1","1","WM"
"TACCAGCTAGGTTTAA-1","0","L2/L3"
"TACCAGGAATCCCGTC-1","1","WM"
"TACCGCGGACTTGCAG-1","0","L2/L3"
"TACCGGCTCACTGCCC-1","2","L6"
"TACCGGTCGTTTCCAT-1","1","WM"
"TACCGTAGGTTAACTA-1","2","L6"
"TACCGTGCCTCGGACC-1","2","L6"
"TACCTACTCCCAGTAT-1","4","Non-laminar"
"TACCTCACGCTTGTAC-1","0","L2/L3"
"TACCTCAGTTGTCTGT-1","1","WM"
"TACCTCCACACCAATG-1","1","WM"
"TACCTGCTGCACTGTG-1","2","L6"
"TACCTTAAGATTTCCC-1","1","WM"
"TACGAACACGACTTCA-1","2","L6"
"TACGACGCTTGCTGCG-1","1","WM"
"TACGACTGCCTCTTAG-1","2","L6"
"TACGAGAACTTCACGT-1","2","L6"
"TACGATGTTGATCATC-1","2","L6"
"TACGCAGTTCTTTCCT-1","2","L6"
"TACGCCATATTCTAAT-1","4","Non-laminar"
"TACGCCGAGGGTACCC-1","1","WM"
"TACGCCTCCATTCCGA-1","2","L6"
"TACGCTATAGAAACCT-1","0","L2/L3"
"TACGCTCGGTATTGGA-1","4","Non-laminar"
"TACGCTGCTGTGTTAA-1","1","WM"
"TACGGGATGCTAGCAG-1","3","L5"
"TACGTAAAGCGGAGTG-1","5","L1"
"TACGTACTAGTGCTGA-1","1","WM"
"TACGTGCACTATGCTG-1","0","L2/L3"
"TACGTTTACCGGCAAT-1","2","L6"
"TACTATGGTTCCTCAG-1","1","WM"
"TACTCCTCTAGTTGAC-1","1","WM"
"TACTCGGCACGCCGGG-1","3","L5"
"TACTCTCCGAACAAAT-1","3","L5"
"TACTCTTACTTTACTG-1","0","L2/L3"
"TACTCTTTCGTCTTCA-1","1","WM"
"TACTGAACAGATTTAG-1","1","WM"
"TACTGAGGGAAGAAAG-1","1","WM"
"TACTGCAATCAATTAC-1","0","L2/L3"
"TACTGGACAGCTCGGC-1","2","L6"
"TACTGTTTCTCTGGTA-1","0","L2/L3"
"TACTTGTTAGTAGTCC-1","3","L5"
"TACTTTACTGAGCCGG-1","0","L2/L3"
"TACTTTCCGCACGCCA-1","2","L6"
"TAGAAACCACTAAGTA-1","0","L2/L3"
"TAGAAAGGTGGCGCTA-1","3","L5"
"TAGAAATTCACGTATA-1","4","Non-laminar"
"TAGAATAGCCGATGAA-1","0","L2/L3"
"TAGAATTAAGGGCAAC-1","0","L2/L3"
"TAGACGAAACGCCAAT-1","2","L6"
"TAGACGCCCGTACCGG-1","3","L5"
"TAGACTACCTAGCGTT-1","0","L2/L3"
"TAGAGATCATGCAACT-1","1","WM"
"TAGAGCTACGAAGAAC-1","0","L2/L3"
"TAGAGGTTCTACTTGT-1","5","L1"
"TAGAGTCTAAGCGAAC-1","2","L6"
"TAGATATGGACTGGAA-1","1","WM"
"TAGATCCGAAGTCGCA-1","0","L2/L3"
"TAGATGGTTCCTTACT-1","0","L2/L3"
"TAGATTCAAAGTGCGG-1","1","WM"
"TAGATTCCTGGTTATT-1","2","L6"
"TAGCAACCTGTCACAA-1","4","Non-laminar"
"TAGCAGTATGACTAAA-1","0","L2/L3"
"TAGCCAGAGGGTCCGG-1","5","L1"
"TAGCCATTTCAAAGTC-1","4","Non-laminar"
"TAGCCGGCGGTCAGCG-1","0","L2/L3"
"TAGCGTCCCTCGATTG-1","0","L2/L3"
"TAGCGTCCGGTGTGGT-1","4","Non-laminar"
"TAGCGTTGGGTCTTAC-1","2","L6"
"TAGCTAAGTCCGGGAG-1","2","L6"
"TAGCTAGAAGGCATGA-1","1","WM"
"TAGCTAGTGATGATGG-1","1","WM"
"TAGCTCGCCTGATAAC-1","1","WM"
"TAGCTGATGTGAAGCG-1","4","Non-laminar"
"TAGGAACAGCCTCCAG-1","0","L2/L3"
"TAGGCATGTTACGCCA-1","3","L5"
"TAGGCCTATATAGTCT-1","4","Non-laminar"
"TAGGCGATGAGGTCTC-1","1","WM"
"TAGGCGGCTGCAAAGA-1","1","WM"
"TAGGCTAAAGTGGCAC-1","4","Non-laminar"
"TAGGGAGCTTGGGATG-1","0","L2/L3"
"TAGGGTGTTTCAAGAG-1","3","L5"
"TAGGTCCAAGTAAGGA-1","0","L2/L3"
"TAGGTCGCCGGAACTG-1","0","L2/L3"
"TAGGTGACGATAACCT-1","3","L5"
"TAGGTGAGCCCTACTC-1","3","L5"
"TAGGTGCTCGCCTAGC-1","3","L5"
"TAGGTGTTCCACAGAT-1","4","Non-laminar"
"TAGGTTCGAGTTCGTC-1","2","L6"
"TAGTACCACAACTTTC-1","1","WM"
"TAGTACCTTAGTGGTC-1","5","L1"
"TAGTAGCTTATACCAG-1","1","WM"
"TAGTCCCGGAGACCAC-1","1","WM"
"TAGTCCGCAGAGAATG-1","4","Non-laminar"
"TAGTCCGTATGCATAA-1","5","L1"
"TAGTCGATCACGGGTT-1","0","L2/L3"
"TAGTCTAACAACGAGA-1","4","Non-laminar"
"TAGTCTGCGGCACATT-1","1","WM"
"TAGTCTGTGACGTTGC-1","0","L2/L3"
"TAGTCTTTCCGAATTG-1","4","Non-laminar"
"TAGTGCCCTCCAGAGT-1","2","L6"
"TAGTGGAACTCATACA-1","0","L2/L3"
"TAGTGTCAGAAACGGC-1","5","L1"
"TAGTTAAGATAGGATA-1","0","L2/L3"
"TAGTTTATTCTTGCTT-1","0","L2/L3"
"TATAAATCCACAAGCT-1","0","L2/L3"
"TATAAGTGAGGATAGC-1","0","L2/L3"
"TATACACAGACGCCTT-1","4","Non-laminar"
"TATACACGCAAAGTAT-1","4","Non-laminar"
"TATACCGAGTGCCACA-1","4","Non-laminar"
"TATACGCGTCATCACT-1","2","L6"
"TATACTCATGCGGCAA-1","0","L2/L3"
"TATAGAGTCGCTTGAA-1","1","WM"
"TATAGATGGTCGCAGT-1","4","Non-laminar"
"TATAGGGTACTCATGA-1","3","L5"
"TATATAGGGCTTTACG-1","1","WM"
"TATATATCGAGAAATG-1","1","WM"
"TATATCAAAGTGATCT-1","1","WM"
"TATATCCCTGGGAGGA-1","0","L2/L3"
"TATATTACAAATGTCG-1","0","L2/L3"
"TATATTCGCGTCGATA-1","0","L2/L3"
"TATCACAGCACGGGCA-1","0","L2/L3"
"TATCACCATGTAAAGT-1","0","L2/L3"
"TATCACCCAACCGACC-1","0","L2/L3"
"TATCACTTCGAGTAAC-1","0","L2/L3"
"TATCAGTGGCGTAGTC-1","1","WM"
"TATCCAATTGGTTATC-1","2","L6"
"TATCCATATCATGCGA-1","0","L2/L3"
"TATCCATCTCGGTTAG-1","1","WM"
"TATCCGCACCGTCGGG-1","1","WM"
"TATCCTATCAACTGGT-1","1","WM"
"TATCCTGCATGGGAAT-1","0","L2/L3"
"TATCGATCTATGCATA-1","0","L2/L3"
"TATCGATGATTAAACG-1","3","L5"
"TATCTACAGAGGTAAT-1","4","Non-laminar"
"TATCTAGCCTAAAGGA-1","4","Non-laminar"
"TATCTGAGCCGATATT-1","1","WM"
"TATCTTGCAATACAAC-1","1","WM"
"TATGAAGACAGGTGCG-1","2","L6"
"TATGATAAATCTAACG-1","0","L2/L3"
"TATGATCCGGCACGCC-1","0","L2/L3"
"TATGATCTTCTCTTTA-1","0","L2/L3"
"TATGATTCTGCTTGGT-1","5","L1"
"TATGCTCCCTACTTAC-1","3","L5"
"TATGGAGTTTCTCGTT-1","5","L1"
"TATGGATGTGCTACGC-1","2","L6"
"TATGGCCCGGCCTCGC-1","3","L5"
"TATGGGACCGAGCAGG-1","2","L6"
"TATGGGTACGTATCGT-1","2","L6"
"TATGGTCTGAGTAACA-1","2","L6"
"TATGGTTAGTGGGAGA-1","0","L2/L3"
"TATGTAAAGTGCTTAA-1","1","WM"
"TATGTAGAAACCCGGC-1","1","WM"
"TATGTCAAGACCGACT-1","0","L2/L3"
"TATGTCTCATTGTGCC-1","3","L5"
"TATTAACACCAAAGCA-1","1","WM"
"TATTAACCTGACCGCG-1","1","WM"
"TATTACCATCCTGCTT-1","0","L2/L3"
"TATTATGTTTGCCTGC-1","1","WM"
"TATTCAATTCTAATCC-1","2","L6"
"TATTCCACTCAGCTCG-1","1","WM"
"TATTCCGAGCTGTTAT-1","4","Non-laminar"
"TATTCCGGCAGTCCTA-1","0","L2/L3"
"TATTCCTCCGCCCACT-1","1","WM"
"TATTCGTGCCAGAATA-1","2","L6"
"TATTGCCGGGCTTGTA-1","4","Non-laminar"
"TATTTAGTCTAGATCG-1","3","L5"
"TATTTATACCGAGTAG-1","0","L2/L3"
"TATTTGATTTGCACAG-1","5","L1"
"TATTTGTTACCCTTTA-1","3","L5"
"TCAAACAACCGCGTCG-1","2","L6"
"TCAAACTTAGATTGTT-1","2","L6"
"TCAAATTTGAGACTCA-1","4","Non-laminar"
"TCAACAAAGATAATTC-1","1","WM"
"TCAACACATTGGGTAA-1","0","L2/L3"
"TCAACATAGCGCCCTA-1","1","WM"
"TCAACATCGACCGAGA-1","4","Non-laminar"
"TCAACCATGTTCGGGC-1","3","L5"
"TCAACGAGGAGACAAA-1","1","WM"
"TCAACGCAGGAAATAA-1","1","WM"
"TCAACGCGACCGGCAG-1","2","L6"
"TCAACTAACGTATAAC-1","2","L6"
"TCAACTGCAGAGTCAG-1","0","L2/L3"
"TCAAGAAATACTAGCT-1","0","L2/L3"
"TCAAGCGCGGACGGTA-1","4","Non-laminar"
"TCAAGGTTACTACACC-1","0","L2/L3"
"TCAATACGCCGTCATG-1","2","L6"
"TCAATCCGGGAAGTTT-1","4","Non-laminar"
"TCACAAACCGAGGTAC-1","4","Non-laminar"
"TCACAGATCCTCAAAC-1","4","Non-laminar"
"TCACAGCAAACTCGAA-1","1","WM"
"TCACAGGAGAATAAGA-1","1","WM"
"TCACAGGGAATCGCAA-1","4","Non-laminar"
"TCACAGGTTATTGGGC-1","2","L6"
"TCACATCTTATCTGAT-1","4","Non-laminar"
"TCACCGCTCGGCACTC-1","3","L5"
"TCACGATGTCCGTGGA-1","1","WM"
"TCACGCATTGTAGATC-1","2","L6"
"TCACGGCCCAAGAGAG-1","1","WM"
"TCACGGTCATCGCACA-1","3","L5"
"TCACGTGCCCGATTCA-1","2","L6"
"TCACTACGACCAATGC-1","0","L2/L3"
"TCACTATCGTGCAATC-1","5","L1"
"TCACTCAGCGCATTAG-1","5","L1"
"TCACTCGTGCAACGGC-1","0","L2/L3"
"TCAGAACCTCCACAGG-1","0","L2/L3"
"TCAGACGCTATAGAAG-1","2","L6"
"TCAGCAAATGCATCTC-1","3","L5"
"TCAGCAGTAGGCCCTG-1","1","WM"
"TCAGCCAATCCGTAAA-1","0","L2/L3"
"TCAGGGCGCAAACTCG-1","0","L2/L3"
"TCAGGGTGCACGAAAC-1","0","L2/L3"
"TCAGGGTGTAACGTAA-1","2","L6"
"TCAGGTTCTTTGAGAA-1","2","L6"
"TCAGTACTGACCCGCG-1","2","L6"
"TCAGTAGGGACTATAA-1","1","WM"
"TCAGTGTATACGTCAT-1","1","WM"
"TCAGTTACGGAATGAT-1","0","L2/L3"
"TCATACTTACAGATCC-1","0","L2/L3"
"TCATATGAGCTTTGTT-1","2","L6"
"TCATCACTCGAGCTCG-1","5","L1"
"TCATCCCAGAGGGTGG-1","0","L2/L3"
"TCATCGATGGTCCCAA-1","1","WM"
"TCATGCAGGTTCTCAT-1","3","L5"
"TCATTTAAGTCTCCGA-1","4","Non-laminar"
"TCATTTAGAAGTGTGA-1","0","L2/L3"
"TCCAACTCAGCTATCT-1","4","Non-laminar"
"TCCAACTTTAAATTCT-1","2","L6"
"TCCAAGCCTAGACACA-1","4","Non-laminar"
"TCCAATAAAGGCTACC-1","1","WM"
"TCCACAATGGTTTACG-1","2","L6"
"TCCACATCGTATATTG-1","1","WM"
"TCCACCAAGACATAGG-1","4","Non-laminar"
"TCCACCTCTAGCCTTT-1","2","L6"
"TCCACTTTATCTAGGT-1","3","L5"
"TCCAGAGCACCGGTTC-1","1","WM"
"TCCAGCGCTATAAGCG-1","5","L1"
"TCCAGGCGAGTACGGT-1","2","L6"
"TCCAGGGTATATACGA-1","2","L6"
"TCCATCAATACTAATC-1","1","WM"
"TCCATTAGTTGGATAG-1","5","L1"
"TCCATTGTGACCTCGT-1","0","L2/L3"
"TCCCAAACAGACAACG-1","0","L2/L3"
"TCCCAAAGACGAAGGA-1","3","L5"
"TCCCAAAGCCCTAAAT-1","4","Non-laminar"
"TCCCACGGAGGGAGCT-1","0","L2/L3"
"TCCCACTCTCTTCCGG-1","0","L2/L3"
"TCCCAGCTTTAGTCTG-1","2","L6"
"TCCCAGGCTTAGCTAA-1","2","L6"
"TCCCGCGTACTCCTGG-1","2","L6"
"TCCCGGGTGTGCTGCT-1","3","L5"
"TCCCGGTCAGGAATTT-1","5","L1"
"TCCCGTCAGTCCCGCA-1","3","L5"
"TCCCGTGTGCAATTTG-1","3","L5"
"TCCCTAGATCAATAGG-1","0","L2/L3"
"TCCCTGGCGTATTAAC-1","1","WM"
"TCCCTGGCTCGCTGGA-1","3","L5"
"TCCCTTAGATTACTCG-1","0","L2/L3"
"TCCCTTGTCTGAAACT-1","4","Non-laminar"
"TCCGAACTTGGCTTAC-1","5","L1"
"TCCGAAGTAGTCACCA-1","5","L1"
"TCCGAATGGTCCTGAG-1","0","L2/L3"
"TCCGACCGCTAATCAA-1","1","WM"
"TCCGAGAAGGCTAAGC-1","5","L1"
"TCCGATAATTGCCATA-1","3","L5"
"TCCGATGACTGAGCTC-1","3","L5"
"TCCGATGGTGCGACAT-1","3","L5"
"TCCGATTACATTGCCG-1","2","L6"
"TCCGCCTGTCTACAAG-1","2","L6"
"TCCGCGGCAGCATCTG-1","3","L5"
"TCCGCGGCCCAATGAA-1","0","L2/L3"
"TCCGCTGTCATCCCGG-1","3","L5"
"TCCGCTTATCCCATTA-1","4","Non-laminar"
"TCCGGAGGAAGGGCTG-1","5","L1"
"TCCGGCCTAGCGTACA-1","0","L2/L3"
"TCCGGCCTGCATCGAT-1","0","L2/L3"
"TCCGGGCTTGACGGGA-1","4","Non-laminar"
"TCCGGTTCGTCCGGTC-1","1","WM"
"TCCGTAACCACAATCC-1","0","L2/L3"
"TCCGTTAAGCTAATAT-1","0","L2/L3"
"TCCGTTTAGCCTTGAA-1","3","L5"
"TCCTAAATTGGGAAGC-1","4","Non-laminar"
"TCCTAACCGTCGGGCA-1","1","WM"
"TCCTACATCCACGGCC-1","3","L5"
"TCCTAGCAAAGAAGCT-1","1","WM"
"TCCTCCTAAGACATTC-1","1","WM"
"TCCTCGGGCTGGGCTT-1","2","L6"
"TCCTCTACGAGATGGC-1","0","L2/L3"
"TCCTCTCCAGTTGTCC-1","2","L6"
"TCCTCTGGCCCATTAG-1","0","L2/L3"
"TCCTGCCAACTGGAGA-1","0","L2/L3"
"TCCTGCGTTGATACTC-1","2","L6"
"TCCTGGCGCTGCCTGG-1","0","L2/L3"
"TCCTTACGACGGTCCG-1","0","L2/L3"
"TCCTTCAGTGGTCGAA-1","0","L2/L3"
"TCCTTGTCCTTTAATT-1","4","Non-laminar"
"TCCTTTAAATCCGCTT-1","0","L2/L3"
"TCCTTTCTTACGCTTA-1","2","L6"
"TCGAAATTTAGGACCA-1","2","L6"
"TCGAAGAACCGAGCAC-1","0","L2/L3"
"TCGAATATCCCGCAGG-1","1","WM"
"TCGACAACTGAACCCG-1","1","WM"
"TCGAGACCAACACCGT-1","2","L6"
"TCGAGCCAGGCAGGCC-1","1","WM"
"TCGATAGGCTAGTCGC-1","0","L2/L3"
"TCGCAAAGATGCATTT-1","2","L6"
"TCGCACCAGGAGGCAG-1","3","L5"
"TCGCATAAAGGGCGCA-1","4","Non-laminar"
"TCGCATCCCTAAGTGT-1","0","L2/L3"
"TCGCATTCAATGACTT-1","5","L1"
"TCGCCCAACTGACTCC-1","4","Non-laminar"
"TCGCCGAAGTTGCGTC-1","1","WM"
"TCGCCGACATATTCGC-1","0","L2/L3"
"TCGCCGGTCGATCCGT-1","3","L5"
"TCGCCTCGACCTGTTG-1","5","L1"
"TCGCGTCCAGAAGGTC-1","3","L5"
"TCGCTAAACCGCTATC-1","0","L2/L3"
"TCGCTACTGGCTTTGA-1","4","Non-laminar"
"TCGCTCGATATATTCC-1","2","L6"
"TCGCTCGGCACCAGCG-1","0","L2/L3"
"TCGCTGGGCGGATTGT-1","3","L5"
"TCGCTGTGCGTAAATC-1","0","L2/L3"
"TCGCTTTAAACGTTTG-1","3","L5"
"TCGGAATGACCATCAA-1","0","L2/L3"
"TCGGAATGCGCTCTGA-1","2","L6"
"TCGGACGCCCAGCCCA-1","3","L5"
"TCGGAGAGTATCGGGA-1","1","WM"
"TCGGAGTACATGAGTA-1","2","L6"
"TCGGATCTGGATGACC-1","1","WM"
"TCGGCGAACCCAAACC-1","0","L2/L3"
"TCGGCGTACTGCACAA-1","1","WM"
"TCGGCTAACTTCCCTT-1","0","L2/L3"
"TCGGCTTGTATCGACG-1","4","Non-laminar"
"TCGGGAACGTGCCTAG-1","0","L2/L3"
"TCGGGAGACAGCGTAC-1","4","Non-laminar"
"TCGGGATTCAAACATA-1","2","L6"
"TCGGGCACTTCTGGAT-1","5","L1"
"TCGGGCCGTCGTGGTA-1","3","L5"
"TCGGGTGAAACTGCTA-1","0","L2/L3"
"TCGGTCCCGACAATAG-1","1","WM"
"TCGGTCCCTGACTCCA-1","0","L2/L3"
"TCGGTGACCGCTCCGG-1","0","L2/L3"
"TCGGTTAGCCATGTAG-1","0","L2/L3"
"TCGTAAGACGACATTG-1","3","L5"
"TCGTAAGCTCCGAGGA-1","0","L2/L3"
"TCGTATAGTGCAATTA-1","0","L2/L3"
"TCGTATTACCCATTGC-1","2","L6"
"TCGTATTTCGTCCGGA-1","0","L2/L3"
"TCGTCAAGTACGCGCA-1","1","WM"
"TCGTCACACTGTTAGC-1","0","L2/L3"
"TCGTCCGCTGGCGTCT-1","0","L2/L3"
"TCGTCTTAGGCGTTAA-1","4","Non-laminar"
"TCGTGTTCGACCACAA-1","5","L1"
"TCGTTAGGAGTCCCTA-1","1","WM"
"TCGTTCGTTATTATGT-1","0","L2/L3"
"TCGTTGCTATCCGGTC-1","1","WM"
"TCGTTGGCTCGTCAAT-1","5","L1"
"TCTAAAGAACAGTCTC-1","1","WM"
"TCTAACTGTATGTAAA-1","0","L2/L3"
"TCTAATACTGCCTCAG-1","1","WM"
"TCTACACGTTCATGCA-1","0","L2/L3"
"TCTACCCAATAGAGAG-1","0","L2/L3"
"TCTACCGTCCACAAGC-1","0","L2/L3"
"TCTAGCAATCTCCGCC-1","1","WM"
"TCTAGCATCTTCGATG-1","3","L5"
"TCTAGCATGCCCAGAA-1","4","Non-laminar"
"TCTAGGTGGCGACGCT-1","0","L2/L3"
"TCTAGTGATATCGTGG-1","0","L2/L3"
"TCTAGTTATCAGAAGA-1","2","L6"
"TCTATAGGTGGGTAAT-1","4","Non-laminar"
"TCTATCATGCAGTTAC-1","0","L2/L3"
"TCTATCGGTCGCAACA-1","3","L5"
"TCTATGCTATAACGAC-1","0","L2/L3"
"TCTATTACGCTGGCGA-1","0","L2/L3"
"TCTATTACTAGAGGAT-1","3","L5"
"TCTCATGAGATAGGGT-1","4","Non-laminar"
"TCTCCAACGTAGGTTA-1","3","L5"
"TCTCCACAAGTTGAAT-1","0","L2/L3"
"TCTCCCTGGGCAGCGT-1","2","L6"
"TCTCGAACGAGGTCAC-1","0","L2/L3"
"TCTCGACGTATCGCCG-1","0","L2/L3"
"TCTCGAGGAGGTTCGC-1","0","L2/L3"
"TCTCGGCTCCAGGACT-1","5","L1"
"TCTCTAATAGCTGGTA-1","3","L5"
"TCTCTCGCCGCACATA-1","5","L1"
"TCTCTTACCGCGAACC-1","1","WM"
"TCTGAACCGGTCGGCT-1","0","L2/L3"
"TCTGAACTCGTACCCG-1","0","L2/L3"
"TCTGAAGCACGTGGTC-1","4","Non-laminar"
"TCTGAATTCCGTACAA-1","0","L2/L3"
"TCTGACTGTAATGGTT-1","5","L1"
"TCTGAGCAATTGACTG-1","0","L2/L3"
"TCTGATGTATTCTGTC-1","4","Non-laminar"
"TCTGCATACCTTGCTT-1","0","L2/L3"
"TCTGCCAGAAACTGCA-1","2","L6"
"TCTGCGTCCGGTTTCT-1","0","L2/L3"
"TCTGGGAACCTTTGAA-1","4","Non-laminar"
"TCTGTCATACAAGAGC-1","0","L2/L3"
"TCTGTGACTGACCGTT-1","5","L1"
"TCTGTGCCATCATAGT-1","3","L5"
"TCTGTGGCTACATTTC-1","5","L1"
"TCTGTTACCCAGCATA-1","1","WM"
"TCTTACAGAGGTACCG-1","0","L2/L3"
"TCTTACCGGAACTCGT-1","0","L2/L3"
"TCTTACGGCATCCGAC-1","0","L2/L3"
"TCTTACTTATGCCTCT-1","3","L5"
"TCTTAGAGCTCCAATT-1","0","L2/L3"
"TCTTAGAGTGAACTCT-1","0","L2/L3"
"TCTTATGGGTAGTACC-1","5","L1"
"TCTTCCCATGGGCACA-1","0","L2/L3"
"TCTTCGAATAGACGTT-1","2","L6"
"TCTTCGATACCAATAA-1","2","L6"
"TCTTCTATAACCCGCC-1","0","L2/L3"
"TCTTGATGCGTAGCGA-1","2","L6"
"TCTTGCTCCCGATACT-1","0","L2/L3"
"TCTTGGTAACACCAAA-1","3","L5"
"TCTTTAAGACTATGAA-1","0","L2/L3"
"TCTTTAGAGTCTAACA-1","0","L2/L3"
"TCTTTCTCTTAAGGAG-1","0","L2/L3"
"TGAAACCTCAACTCAC-1","5","L1"
"TGAAACTTATGCAAGC-1","0","L2/L3"
"TGAAAGGACCTGACTC-1","3","L5"
"TGAACAAGCAGGGACT-1","1","WM"
"TGAATACCGACGCGTA-1","4","Non-laminar"
"TGAATGAGTGTTTCCC-1","1","WM"
"TGAATGTCAGCCGGCC-1","0","L2/L3"
"TGACACTTCTCTTTGC-1","0","L2/L3"
"TGACAGGACAAGTCCA-1","1","WM"
"TGACATCGAGCGGACC-1","4","Non-laminar"
"TGACATGTAACGTGAC-1","1","WM"
"TGACCAAATCTTAAAC-1","2","L6"
"TGACCAGCTTCAAAGT-1","0","L2/L3"
"TGACCCAACTCACATT-1","5","L1"
"TGACCCACGTTAGACA-1","2","L6"
"TGACGAATATTTCCCT-1","2","L6"
"TGACGATGCACTAGAA-1","0","L2/L3"
"TGACTATAATCCTTTC-1","2","L6"
"TGACTCCGAATCATAC-1","1","WM"
"TGAGAATGCTTTACCG-1","3","L5"
"TGAGAGATTTACCACG-1","3","L5"
"TGAGATCAAATACTCA-1","0","L2/L3"
"TGAGATTAGGCCCTAA-1","0","L2/L3"
"TGAGCCATACAGTCTC-1","1","WM"
"TGAGCGGAAAGTGTTC-1","2","L6"
"TGAGCTTTAATGACGC-1","0","L2/L3"
"TGAGGAGTGCCAGCTT-1","2","L6"
"TGAGGCATGTACTGTG-1","1","WM"
"TGAGGTTGATCCCAAG-1","0","L2/L3"
"TGAGTAAATTAGCGTA-1","1","WM"
"TGAGTGCCTCTTAAAT-1","1","WM"
"TGAGTGGTCCGTGACG-1","3","L5"
"TGAGTGTAACAACGGG-1","4","Non-laminar"
"TGAGTTAAAGACATTC-1","0","L2/L3"
"TGATACATTTAGCCGT-1","1","WM"
"TGATAGCGGGATTCTA-1","4","Non-laminar"
"TGATCAGGGAACTGCT-1","2","L6"
"TGATCCCAGCATTAGT-1","0","L2/L3"
"TGATCGGTTTGACCCT-1","2","L6"
"TGATCTACGCTGATCT-1","0","L2/L3"
"TGATCTCCGGCGCCAG-1","2","L6"
"TGATGGCTGTTTCTGA-1","0","L2/L3"
"TGATGGGACTAAGTCA-1","4","Non-laminar"
"TGATGTCAATTAAGTG-1","0","L2/L3"
"TGATTATGGCACGCAG-1","5","L1"
"TGATTCAGGTCCCGCG-1","2","L6"
"TGATTCCCGGTTACCT-1","1","WM"
"TGATTCGTCTATCACT-1","3","L5"
"TGATTCTGTCGCCGGT-1","1","WM"
"TGATTTATTAGCTGTG-1","2","L6"
"TGATTTCCTCCTGACG-1","0","L2/L3"
"TGCAACCCATCTGCGG-1","0","L2/L3"
"TGCAAGAATGACGTAA-1","2","L6"
"TGCAATCTAACACGGT-1","0","L2/L3"
"TGCAATTTGGGCACGG-1","0","L2/L3"
"TGCACAGTGAAGTTAT-1","0","L2/L3"
"TGCACGAGTCGGCAGC-1","0","L2/L3"
"TGCACTATGTGAGTGC-1","5","L1"
"TGCAGAACTATATCGT-1","2","L6"
"TGCAGAGTACCGAGCA-1","1","WM"
"TGCAGATCGTCCTAGG-1","2","L6"
"TGCAGCTACGTACTTC-1","2","L6"
"TGCAGGATCGGCAAAG-1","3","L5"
"TGCAGTGGTAGGGAAC-1","1","WM"
"TGCAGTTTCCTCCCAT-1","3","L5"
"TGCATATGTCTGTCAC-1","3","L5"
"TGCATGGATCGGATCT-1","3","L5"
"TGCATGTGACCCATAG-1","1","WM"
"TGCATGTGGTAATCTA-1","3","L5"
"TGCCAAAGTCAGACTT-1","2","L6"
"TGCCAATGGGTACTCT-1","1","WM"
"TGCCACCTGGCGAAAC-1","3","L5"
"TGCCAGTACGTGGAGA-1","2","L6"
"TGCCATGGCTTATAAG-1","0","L2/L3"
"TGCCATTACTAAAGAA-1","3","L5"
"TGCCCGTACCGTTAAA-1","2","L6"
"TGCCGGATGTACGAGC-1","1","WM"
"TGCCGTGGATCGTCCT-1","2","L6"
"TGCCTAATTGAAGATT-1","0","L2/L3"
"TGCCTGACATCGGTCA-1","5","L1"
"TGCCTGATCAAACGAT-1","3","L5"
"TGCCTTGGCCAGGCAA-1","4","Non-laminar"
"TGCGAATATGGGATTT-1","2","L6"
"TGCGACACCCTAGTGC-1","1","WM"
"TGCGACGGCCGAACGT-1","1","WM"
"TGCGAGAATATTACCC-1","1","WM"
"TGCGAGCCCTTCCGCG-1","0","L2/L3"
"TGCGCAAAGCATTTGG-1","2","L6"
"TGCGCGATTAACGGAG-1","2","L6"
"TGCGGACTTGACTCCG-1","2","L6"
"TGCGGAGTAAAGGTGC-1","0","L2/L3"
"TGCGGCATAGTTCAAC-1","0","L2/L3"
"TGCGGGTATTGGGATC-1","0","L2/L3"
"TGCGGTCTACGAGTAA-1","5","L1"
"TGCGGTGAAATTTCAT-1","0","L2/L3"
"TGCGTAAGAACCTGAT-1","1","WM"
"TGCGTCATGACTGAGC-1","1","WM"
"TGCGTTTGTTGACACT-1","2","L6"
"TGCTAAGTGTCTATTT-1","0","L2/L3"
"TGCTATACAAACGGAC-1","0","L2/L3"
"TGCTCCACAGTTCTTA-1","0","L2/L3"
"TGCTCGGCGAAACCCA-1","2","L6"
"TGCTCGGTGGGTCACC-1","4","Non-laminar"
"TGCTCTTGAGAGTTTG-1","3","L5"
"TGCTGGTTGGACAATT-1","0","L2/L3"
"TGCTGTTGAAGAACTC-1","2","L6"
"TGCTTAGAGAGAATGC-1","1","WM"
"TGCTTCCCAAGCAGTA-1","4","Non-laminar"
"TGGAAACGGAGTGAAC-1","5","L1"
"TGGAACCACTGACACA-1","0","L2/L3"
"TGGAAGAAGGGAACGT-1","5","L1"
"TGGAAGACGAACACCA-1","0","L2/L3"
"TGGAAGGATAAAGATG-1","0","L2/L3"
"TGGAATATCCTTGACC-1","0","L2/L3"
"TGGAATTAGACGCTTT-1","5","L1"
"TGGACCAATCTAAGAT-1","4","Non-laminar"
"TGGACGCAATCCAGCC-1","1","WM"
"TGGACTGTTCGCTCAA-1","2","L6"
"TGGAGAATAATCGTCC-1","1","WM"
"TGGAGCTAAAGTTCCC-1","0","L2/L3"
"TGGAGTGATGCGATGA-1","2","L6"
"TGGCAAACTAAATTAC-1","4","Non-laminar"
"TGGCAACTCGCGCGCC-1","0","L2/L3"
"TGGCAAGCACAAGTCG-1","2","L6"
"TGGCAATGGGACGGCG-1","0","L2/L3"
"TGGCACGAGCTCGAGT-1","0","L2/L3"
"TGGCAGATTACGATCA-1","2","L6"
"TGGCAGCAGTAATAGT-1","2","L6"
"TGGCATGAAGTTTGGG-1","1","WM"
"TGGCCAAACTGAAGTA-1","2","L6"
"TGGCCAATTTGGTACT-1","1","WM"
"TGGCCGTATATTGACC-1","2","L6"
"TGGCGACTGCTCCAAA-1","1","WM"
"TGGCGATCAAGTTATG-1","1","WM"
"TGGCGGTGTGCGATTG-1","5","L1"
"TGGCTACACTCTACCT-1","4","Non-laminar"
"TGGCTATGTGACATAC-1","4","Non-laminar"
"TGGCTCTTGTCGCGTA-1","4","Non-laminar"
"TGGCTTTGGGTAGACA-1","3","L5"
"TGGGAAATGCCTTTCC-1","2","L6"
"TGGGATGCACTCATTC-1","0","L2/L3"
"TGGGCAATAGTTGGGT-1","0","L2/L3"
"TGGGCACAAACAGAAC-1","0","L2/L3"
"TGGGCACGTTCTATGG-1","0","L2/L3"
"TGGGCAGGCCACCGCA-1","5","L1"
"TGGGCCACAAGAGCGC-1","3","L5"
"TGGGCCCATACTAATT-1","4","Non-laminar"
"TGGGCCTTGCCTGCAT-1","5","L1"
"TGGGCGATACAATAAG-1","1","WM"
"TGGGTAAGGTTCCCGC-1","0","L2/L3"
"TGGTAAGCAGGATTGA-1","2","L6"
"TGGTAGAATATATGGG-1","0","L2/L3"
"TGGTATCGCATCCCAA-1","0","L2/L3"
"TGGTATCGGTCTGTAT-1","4","Non-laminar"
"TGGTCCCACGCTACGG-1","4","Non-laminar"
"TGGTCTGTTGGGCGTA-1","2","L6"
"TGGTGATCGTATTTGT-1","0","L2/L3"
"TGGTTAACTTACATTT-1","1","WM"
"TGGTTCAACGGGTAAT-1","2","L6"
"TGGTTCGTAGCAAAGG-1","3","L5"
"TGGTTGGAGGATCCTG-1","0","L2/L3"
"TGGTTTAAACGTGGGT-1","0","L2/L3"
"TGTAACTTGTCAACCT-1","5","L1"
"TGTAATGACCACAATA-1","3","L5"
"TGTACCCGACCCTAAT-1","1","WM"
"TGTACCTACACGAGGG-1","0","L2/L3"
"TGTACGAACAAATCCG-1","2","L6"
"TGTACGCTATCAGCTT-1","0","L2/L3"
"TGTACTGTGCCAAAGT-1","5","L1"
"TGTAGCCATCCCATTC-1","4","Non-laminar"
"TGTAGGAGAAATTTCC-1","3","L5"
"TGTAGTGATCTATAAT-1","2","L6"
"TGTATAACAGATCCTG-1","3","L5"
"TGTATCCTTATTCCAT-1","0","L2/L3"
"TGTATGGCGCAGACAG-1","0","L2/L3"
"TGTATTTACCTAATGC-1","0","L2/L3"
"TGTCATTTGTTGGGAA-1","0","L2/L3"
"TGTCCACGGCTCAACT-1","0","L2/L3"
"TGTCCCGACATAGCAC-1","0","L2/L3"
"TGTCCGTGGCGCCTTT-1","2","L6"
"TGTCCTAAGTCACCGC-1","2","L6"
"TGTCGTTATCACATAT-1","1","WM"
"TGTCTACAGTTTCTGT-1","0","L2/L3"
"TGTGACTACGCCAGTC-1","3","L5"
"TGTGAGACTAGCCCAA-1","4","Non-laminar"
"TGTGATTCCAGCGCTT-1","0","L2/L3"
"TGTGCCGGTGCCGGAA-1","5","L1"
"TGTGCTTTACGTAAGA-1","4","Non-laminar"
"TGTGGAGGAAGCTTAA-1","0","L2/L3"
"TGTGGCAAAGCGTATG-1","3","L5"
"TGTGGCGGGCTTCTGG-1","2","L6"
"TGTGGCTCCCACCAAC-1","0","L2/L3"
"TGTGGTTGCTAAAGCT-1","1","WM"
"TGTGTCGCGAGTTGCA-1","2","L6"
"TGTGTTCGTATCCAAG-1","2","L6"
"TGTTATTGTATGTGGC-1","3","L5"
"TGTTCCGCTTCCATGA-1","2","L6"
"TGTTCCGGCCTGAGCT-1","1","WM"
"TGTTCTTCCATTGACT-1","2","L6"
"TGTTGTCAAGAAGTCT-1","3","L5"
"TGTTTAATACTTCATC-1","0","L2/L3"
"TGTTTCGGTACTTCTC-1","3","L5"
"TGTTTCTGAAGCGTGC-1","1","WM"
"TGTTTGAGATCGTCAG-1","0","L2/L3"
"TTAAACAGAGTCCCGC-1","5","L1"
"TTAAACCGGTAGCGAC-1","0","L2/L3"
"TTAAACCTGGTTCCTT-1","4","Non-laminar"
"TTAAACTCGAATTCAT-1","0","L2/L3"
"TTAACACCTCGAACAT-1","5","L1"
"TTAACCAACCCTCCCT-1","3","L5"
"TTAACGTCGCAAGACC-1","0","L2/L3"
"TTAACTCACGCGTGGA-1","0","L2/L3"
"TTAACTTCAGGTAGGA-1","1","WM"
"TTAAGACGAACGAACC-1","0","L2/L3"
"TTAAGATAGGATTGAC-1","0","L2/L3"
"TTAAGCCGACAACTTC-1","0","L2/L3"
"TTAAGCGCCTGACCCA-1","2","L6"
"TTAAGGATACGGAGGT-1","5","L1"
"TTAAGGCCCGTACTTT-1","1","WM"
"TTAAGTATTGTTATCC-1","0","L2/L3"
"TTAATCAGTACGTCAG-1","3","L5"
"TTAATGCGAGGTAACT-1","0","L2/L3"
"TTAATGTAGACCAGGT-1","2","L6"
"TTAATTGCTTTGGGTG-1","4","Non-laminar"
"TTAATTTCAGACGCGG-1","3","L5"
"TTACAACTACGCATCC-1","3","L5"
"TTACACGATCTGCGAC-1","0","L2/L3"
"TTACAGACCTAAATGA-1","0","L2/L3"
"TTACATCGTGGCCTGG-1","0","L2/L3"
"TTACATGCCACAACTA-1","4","Non-laminar"
"TTACCATTGATTACCC-1","3","L5"
"TTACCCATTGCCGGGT-1","0","L2/L3"
"TTACCCTAACAGTCCT-1","0","L2/L3"
"TTACCCTAGGGATTGG-1","4","Non-laminar"
"TTACGGATGGTTCGAG-1","0","L2/L3"
"TTACGGTGTCACCGAG-1","5","L1"
"TTACGTAGCGCGTGCT-1","5","L1"
"TTACTAAAGGACTTTA-1","4","Non-laminar"
"TTACTATCGGCTTCTC-1","4","Non-laminar"
"TTACTCCGGCCGGGAA-1","3","L5"
"TTACTCTGGTACGTAC-1","1","WM"
"TTACTGGGATATTTCA-1","1","WM"
"TTACTGTTTCTCTACG-1","0","L2/L3"
"TTAGAAGAACATGACT-1","4","Non-laminar"
"TTAGAATAAGGGTCGG-1","1","WM"
"TTAGACACGATCGTTG-1","0","L2/L3"
"TTAGACGAGTCACCTC-1","3","L5"
"TTAGAGTTTAGAAGGA-1","3","L5"
"TTAGCAACATGGATGT-1","0","L2/L3"
"TTAGCTAATACGATCT-1","0","L2/L3"
"TTAGCTCTGTAATCCG-1","4","Non-laminar"
"TTAGCTGATTTGCCGT-1","0","L2/L3"
"TTAGGTCATAACCGAC-1","1","WM"
"TTAGTAAACCTGCTCT-1","0","L2/L3"
"TTAGTAGGGCGGCGGG-1","3","L5"
"TTAGTTATTCGTGGCA-1","2","L6"
"TTAGTTCAAGTGTTCG-1","0","L2/L3"
"TTATAGATGCACATTA-1","5","L1"
"TTATAGGTAATTGTCT-1","4","Non-laminar"
"TTATATACGCTGTCAC-1","2","L6"
"TTATATTTGGCAATCC-1","3","L5"
"TTATCCAATCGAACTC-1","0","L2/L3"
"TTATCCGGGATCTATA-1","4","Non-laminar"
"TTATCCTCAAGGAATA-1","1","WM"
"TTATCGCCTGCGAAGC-1","0","L2/L3"
"TTATCTGACATTAGGA-1","4","Non-laminar"
"TTATCTGTATCATAAC-1","3","L5"
"TTATGACAAACTGGAT-1","2","L6"
"TTATGATCTTAACGAA-1","3","L5"
"TTATGCGTCCCGGTCC-1","5","L1"
"TTATGTTTGCGATAGA-1","0","L2/L3"
"TTATTAGAGCGTGTTC-1","2","L6"
"TTATTAGGGAAGCATC-1","0","L2/L3"
"TTATTTCATCCCAAAC-1","5","L1"
"TTCAAAGTCTCTAGCC-1","2","L6"
"TTCAACGACCCGACCG-1","3","L5"
"TTCAAGCCGAGCTGAG-1","0","L2/L3"
"TTCAATACTCTGAATC-1","3","L5"
"TTCAATTAGCCATAAT-1","0","L2/L3"
"TTCACGAAAGGATCAC-1","2","L6"
"TTCACTCGAGCACCTA-1","4","Non-laminar"
"TTCACTTCCTAGAACG-1","2","L6"
"TTCAGAGTAACCTGAC-1","5","L1"
"TTCAGCCCTGGTCCAC-1","4","Non-laminar"
"TTCAGCTGGCGTGCCC-1","0","L2/L3"
"TTCAGGCGTCAAAGCC-1","2","L6"
"TTCAGTTCAAGAGGAG-1","1","WM"
"TTCATAGCCTTGTAAC-1","5","L1"
"TTCATGGCGCAACAGG-1","3","L5"
"TTCCAATCAGAGCTAG-1","0","L2/L3"
"TTCCAATCTGGCTATC-1","1","WM"
"TTCCACACAGATTTGA-1","1","WM"
"TTCCACATTTCTCGTC-1","0","L2/L3"
"TTCCAGACGAGATTTA-1","5","L1"
"TTCCATCATGCGGTGA-1","0","L2/L3"
"TTCCATCGACAGCGTG-1","0","L2/L3"
"TTCCCGACGCTTCACT-1","0","L2/L3"
"TTCCCGGCGCCAATAG-1","4","Non-laminar"
"TTCCGCAGAGAAATAT-1","0","L2/L3"
"TTCCGCGTGAGGCGAT-1","4","Non-laminar"
"TTCCGGCCTTGAGGCT-1","1","WM"
"TTCCGGCTCGACTTCT-1","5","L1"
"TTCCGGTATCTGTGTC-1","0","L2/L3"
"TTCCGGTTACCCACTT-1","3","L5"
"TTCCTCGAGGGTGTCT-1","3","L5"
"TTCCTCGGACTAACCA-1","4","Non-laminar"
"TTCCTCTGCCCGAATA-1","3","L5"
"TTCCTTTCTGTGTTGC-1","5","L1"
"TTCGACAGAGCCCGTG-1","2","L6"
"TTCGACGGGAAGGGCG-1","3","L5"
"TTCGCACTCGCGTGCT-1","2","L6"
"TTCGCCGCTCGCGCTA-1","1","WM"
"TTCGCGCGCCATACGA-1","1","WM"
"TTCGCTAGGAAGTTGT-1","0","L2/L3"
"TTCGCTATCTGACGTG-1","0","L2/L3"
"TTCGGACTGATGCCTT-1","0","L2/L3"
"TTCGGACTGGGCATGG-1","1","WM"
"TTCGGCAACCCGCTGA-1","0","L2/L3"
"TTCGGCTAGAGATGGT-1","0","L2/L3"
"TTCGGGACTAATCGCG-1","3","L5"
"TTCGGGCGCTAGTCTT-1","1","WM"
"TTCGGTACTGTAGAGG-1","4","Non-laminar"
"TTCGTAATCCCAGCGG-1","0","L2/L3"
"TTCGTACTCCAGAACG-1","2","L6"
"TTCGTTCAACGAAGTT-1","0","L2/L3"
"TTCTAACCGAAGCTTA-1","3","L5"
"TTCTACCTCAATCGGT-1","1","WM"
"TTCTACCTTTATGTTG-1","0","L2/L3"
"TTCTACTTGCGAGGGC-1","0","L2/L3"
"TTCTAGAAAGTCTTAT-1","1","WM"
"TTCTAGGCCAATTGTG-1","3","L5"
"TTCTATTAAACGCAGC-1","2","L6"
"TTCTCTTACAGGTGAT-1","1","WM"
"TTCTGACCGGGCTCAA-1","3","L5"
"TTCTGCCGCGCCTAGA-1","2","L6"
"TTCTGCGAGCGCCCTT-1","4","Non-laminar"
"TTCTGCGGGTTAGCGG-1","3","L5"
"TTCTGCTAGACTCCAA-1","0","L2/L3"
"TTCTTAGTGAACGGTG-1","0","L2/L3"
"TTCTTAGTGGCTCAGA-1","3","L5"
"TTCTTATCCGCTGGGT-1","0","L2/L3"
"TTCTTCCCTTTGATAT-1","0","L2/L3"
"TTCTTCGCAATAGAGC-1","0","L2/L3"
"TTCTTGAGCCGCGCTA-1","1","WM"
"TTCTTGCTAGCATCTC-1","0","L2/L3"
"TTCTTGGACGATCTGC-1","1","WM"
"TTCTTGGAGTAATGAG-1","3","L5"
"TTCTTGTAACCTAATG-1","3","L5"
"TTCTTTGGTCGCGACG-1","0","L2/L3"
"TTGAAAGGTGTAAAGG-1","0","L2/L3"
"TTGAACGAATCCTTTG-1","0","L2/L3"
"TTGAACGACGTGCTGA-1","0","L2/L3"
"TTGAAGAATTCCCAGG-1","2","L6"
"TTGAAGGATGGGCGCC-1","1","WM"
"TTGAATATGGACTTTC-1","3","L5"
"TTGAATCGTTGTATAA-1","1","WM"
"TTGAATTCACGTGAGG-1","0","L2/L3"
"TTGACAGGAGCTCCCG-1","0","L2/L3"
"TTGACATGAACGTGGA-1","1","WM"
"TTGACCAGGAACAACT-1","4","Non-laminar"
"TTGACCATGTTCTCCG-1","3","L5"
"TTGACCGTGTTAATGA-1","1","WM"
"TTGACGATTCAGCACG-1","0","L2/L3"
"TTGACGCTCCATGAGC-1","4","Non-laminar"
"TTGACTACCATATGGT-1","1","WM"
"TTGACTATTGTCCGGC-1","0","L2/L3"
"TTGAGAAGTTTAGCAT-1","0","L2/L3"
"TTGAGAGTACTGCTAA-1","1","WM"
"TTGAGCAGCCCACGGT-1","0","L2/L3"
"TTGAGCGCCACGTGAT-1","0","L2/L3"
"TTGAGGCATTTAACTC-1","0","L2/L3"
"TTGATCTAACTTTGTC-1","2","L6"
"TTGATGTGTAGTCCCG-1","3","L5"
"TTGATTAGCTGTTTCT-1","1","WM"
"TTGATTATGCAGATGA-1","2","L6"
"TTGCAAGAAGACTCCT-1","4","Non-laminar"
"TTGCACAATTCAGAAA-1","2","L6"
"TTGCACGGAGCAGCAC-1","3","L5"
"TTGCATGCTGATCACG-1","1","WM"
"TTGCCAAGCAGAACCC-1","0","L2/L3"
"TTGCCATAGCCCGCTC-1","1","WM"
"TTGCCCTGATCACGGG-1","2","L6"
"TTGCCGCAGACCTACA-1","1","WM"
"TTGCCGCTTTCTAGTA-1","3","L5"
"TTGCCGGTGATCCCTC-1","0","L2/L3"
"TTGCCTAATCCAAAGT-1","1","WM"
"TTGCGGCATCAGAAAG-1","1","WM"
"TTGCGGCGACTCATGC-1","0","L2/L3"
"TTGCGTAGTTTGAGGA-1","3","L5"
"TTGCGTCGGCCAACCG-1","1","WM"
"TTGCGTGAACGCTTAG-1","0","L2/L3"
"TTGCTAGCTACCAATC-1","5","L1"
"TTGCTCATAGTACGTG-1","4","Non-laminar"
"TTGCTCCCATACCGGA-1","3","L5"
"TTGCTGAAGGAACCAC-1","3","L5"
"TTGCTGATCATGTTCG-1","2","L6"
"TTGCTGCACCTATCCA-1","0","L2/L3"
"TTGCTGGCCGGGCTTC-1","0","L2/L3"
"TTGGAAGAATACAGTC-1","1","WM"
"TTGGACATGTGGCTTA-1","2","L6"
"TTGGACCATCTGGCAA-1","0","L2/L3"
"TTGGACCTATAACAGT-1","0","L2/L3"
"TTGGAGTCTCCCTTCT-1","5","L1"
"TTGGATATCGTCTACG-1","1","WM"
"TTGGATCGACTTCTGG-1","0","L2/L3"
"TTGGATTGGGTACCAC-1","4","Non-laminar"
"TTGGCCATCTTGCGCT-1","0","L2/L3"
"TTGGCCTAGAATTTCG-1","0","L2/L3"
"TTGGCTCAATATGTGT-1","4","Non-laminar"
"TTGGCTCGCATGAGAC-1","2","L6"
"TTGGGAAGACGAGCCG-1","1","WM"
"TTGGGACACTGCCCGC-1","2","L6"
"TTGGGACGTAAGAGTT-1","0","L2/L3"
"TTGGGCGGCGGTTGCC-1","2","L6"
"TTGGTCACACTCGTAA-1","1","WM"
"TTGGTTGCGGTGCGCG-1","1","WM"
"TTGTAAGGACCTAAGT-1","1","WM"
"TTGTAAGGCCAGTTGG-1","3","L5"
"TTGTAATCCGTACTCG-1","2","L6"
"TTGTATCACACAGAAT-1","0","L2/L3"
"TTGTCGTTCAGTTACC-1","3","L5"
"TTGTGAACCTAATCCG-1","0","L2/L3"
"TTGTGAGGCATGACGC-1","4","Non-laminar"
"TTGTGCAGCCACGTCA-1","4","Non-laminar"
"TTGTGGCCCTGACAGT-1","3","L5"
"TTGTGGTAGGAGGGAT-1","1","WM"
"TTGTGGTGGTACTAAG-1","4","Non-laminar"
"TTGTGTATGCCACCAA-1","4","Non-laminar"
"TTGTGTTTCCCGAAAG-1","2","L6"
"TTGTTAGCAAATTCGA-1","3","L5"
"TTGTTCAGTGTGCTAC-1","3","L5"
"TTGTTGTGTGTCAAGA-1","3","L5"
"TTGTTTCACATCCAGG-1","1","WM"
"TTGTTTCATTAGTCTA-1","1","WM"
"TTGTTTCCATACAACT-1","1","WM"
"TTGTTTGTATTACACG-1","1","WM"
"TTGTTTGTGTAAATTC-1","0","L2/L3"
