"barcode","bs_cluster","bs_label"
"AAACAAGTATCTCCCA-1",3,"L3"
"AAACAATCTACTAGCA-1",6,"L1"
"AAACACCAATAACTGC-1",7,"WM"
"AAACAGAGCGACTCCT-1",3,"L3"
"AAACAGCTTTCAGAAG-1",1,"L6"
"AAACAGGGTCTATATT-1",2,"L6/WM boundary"
"AAACAGTGTTCCTGGG-1",2,"L6/WM boundary"
"AAACATTTCCCGGATT-1",3,"L3"
"AAACCCGAACGAAATC-1",4,"L2"
"AAACCGGGTAGGTACC-1",1,"L6"
"AAACCGTTCGTCCAGG-1",7,"WM"
"AAACCTAAGCAGCCGG-1",3,"L3"
"AAACCTCATGAAGTTG-1",5,"L5"
"AAACGAAGAACATACC-1",4,"L2"
"AAACGAGACGGTTGAT-1",1,"L6"
"AAACGGGCGTACGGGT-1",3,"L3"
"AAACGGTTGCGAACTG-1",1,"L6"
"AAACTCGGTTCGCAAT-1",5,"L5"
"AAACTCGTGATATAAG-1",4,"L2"
"AAACTGCTGGCTCCAA-1",1,"L6"
"AAACTTAATTGCACGC-1",7,"WM"
"AAACTTGCAAACGTAT-1",1,"L6"
"AAAGACATGAAGTTTA-1",4,"L2"
"AAAGACCCAAGTCGCG-1",4,"L2"
"AAAGACTGGGCGCTTT-1",3,"L3"
"AAAGGCCCTATAATAC-1",7,"WM"
"AAAGGCTACGGACCAT-1",1,"L6"
"AAAGGCTCTCGCGCCG-1",2,"L6/WM boundary"
"AAAGGGATGTAGCAAG-1",5,"L5"
"AAAGGGCAGCTTGAAT-1",3,"L3"
"AAAGGTAAGCTGTACC-1",6,"L1"
"AAAGTAGCATTGCTCA-1",7,"WM"
"AAAGTCACTGATGTAA-1",4,"L2"
"AAAGTCGACCCTCAGT-1",5,"L5"
"AAAGTGTGATTTATCT-1",3,"L3"
"AAAGTTGACTCCCGTA-1",3,"L3"
"AAATAACCATACGGGA-1",3,"L3"
"AAATAAGGTAGTGCCC-1",4,"L2"
"AAATACCTATAAGCAT-1",1,"L6"
"AAATAGCTTAGACTTT-1",3,"L3"
"AAATAGGGTGCTATTG-1",5,"L5"
"AAATCCGATACACGCC-1",3,"L3"
"AAATCGTGTACCACAA-1",2,"L6/WM boundary"
"AAATCTAGCCCTGCTA-1",3,"L3"
"AAATGATTCGATCAGC-1",4,"L2"
"AAATGCTCGTTACGTT-1",4,"L2"
"AAATGGCATGTCTTGT-1",3,"L3"
"AAATGGCCCGTGCCCT-1",2,"L6/WM boundary"
"AAATGGTCAATGTGCC-1",1,"L6"
"AAATGTGGGTGCTCCT-1",6,"L1"
"AAATTAACGGGTAGCT-1",1,"L6"
"AAATTACACGACTCTG-1",3,"L3"
"AAATTACCTATCGATG-1",5,"L5"
"AAATTGATAGTCCTTT-1",7,"WM"
"AAATTGCGGCGGTTCT-1",6,"L1"
"AAATTTACCGAAATCC-1",4,"L2"
"AAATTTGCGGGTGTGG-1",2,"L6/WM boundary"
"AACAACTGGTAGTTGC-1",5,"L5"
"AACAATACATTGTCGA-1",7,"WM"
"AACAATTACTCTACGC-1",5,"L5"
"AACACACGCTCGCCGC-1",3,"L3"
"AACACGACTGTACTGA-1",3,"L3"
"AACACGAGACGCGGCC-1",1,"L6"
"AACACGCGGCCGCGAA-1",6,"L1"
"AACAGCTGTGTGGCAA-1",7,"WM"
"AACAGGAAATCGAATA-1",5,"L5"
"AACAGGATGGGCCGCG-1",5,"L5"
"AACAGGTAGTATGGAT-1",4,"L2"
"AACATATCAACTGGTG-1",3,"L3"
"AACATCGATACGTCTA-1",6,"L1"
"AACATTGAAGTTGATC-1",7,"WM"
"AACATTGGTCAGCCGT-1",6,"L1"
"AACATTGTGACTCGAG-1",2,"L6/WM boundary"
"AACCAAGACTTCTCTG-1",5,"L5"
"AACCAGTATCACTCTT-1",4,"L2"
"AACCATAGGGTTGAAC-1",7,"WM"
"AACCATGGGATCGCTA-1",4,"L2"
"AACCCAGAGACGGAGA-1",4,"L2"
"AACCCATCCCATGATC-1",7,"WM"
"AACCCGACAACCCGTG-1",2,"L6/WM boundary"
"AACCCGAGCAGAATCG-1",4,"L2"
"AACCCTACTGTCAATA-1",3,"L3"
"AACCCTGGTGGAACCA-1",3,"L3"
"AACCGAGCTTGGTCAT-1",5,"L5"
"AACCGCTAAGGGATGC-1",3,"L3"
"AACCGTTGTGTTTGCT-1",3,"L3"
"AACCTAAAGCCGTCCG-1",4,"L2"
"AACCTCGCTTTAGCCC-1",5,"L5"
"AACCTTTAAATACGGT-1",1,"L6"
"AACCTTTACGACGTCT-1",3,"L3"
"AACGAAAGTCGTCCCA-1",7,"WM"
"AACGATAATGCCGTAG-1",5,"L5"
"AACGATAGAAGGGCCG-1",3,"L3"
"AACGATATGTCAACTG-1",5,"L5"
"AACGCATGATCTGGGT-1",4,"L2"
"AACGCGACCTTGGGCG-1",1,"L6"
"AACGCGGTCTCCAGCC-1",5,"L5"
"AACGCTGTTGCTGAAA-1",3,"L3"
"AACGGACGTACGTATA-1",3,"L3"
"AACGGCCATCTCCGGT-1",7,"WM"
"AACGTACTGTGGGTAC-1",2,"L6/WM boundary"
"AACGTAGTCTACCCAT-1",6,"L1"
"AACGTCAGACTAGTGG-1",5,"L5"
"AACGTGATGAAGGACA-1",3,"L3"
"AACGTGCGAAAGTCTC-1",1,"L6"
"AACTACCCGTTTGTCA-1",4,"L2"
"AACTAGCGTATCGCAC-1",6,"L1"
"AACTAGGCTTGGGTGT-1",1,"L6"
"AACTCAAGTTAATTGC-1",1,"L6"
"AACTCCAGAGCGTGTT-1",3,"L3"
"AACTCCTAATCCCATG-1",3,"L3"
"AACTCGATAAACACGT-1",6,"L1"
"AACTCGATGGCGCAGT-1",6,"L1"
"AACTCTCAATAGAGCG-1",5,"L5"
"AACTCTCAGTGTGCTC-1",7,"WM"
"AACTGATATTAGGCCT-1",5,"L5"
"AACTGGGTCCCGACGT-1",5,"L5"
"AACTGGGTTCGAGCCG-1",4,"L2"
"AACTGGTGTGGGCCTT-1",4,"L2"
"AACTTCTGCGTCTATC-1",4,"L2"
"AACTTGCCCGTATGCA-1",5,"L5"
"AACTTGCGTTCTCGCG-1",4,"L2"
"AACTTTAGCTGCTGAG-1",6,"L1"
"AAGAAGGATCAGTTAG-1",4,"L2"
"AAGACATACGTGGTTT-1",4,"L2"
"AAGACCAAATAACTCA-1",7,"WM"
"AAGACCCAACTGAACA-1",1,"L6"
"AAGACTAACCCGTTGT-1",6,"L1"
"AAGACTCACGCCCACT-1",4,"L2"
"AAGACTGCAAGCTACT-1",1,"L6"
"AAGAGATGAATCGGTA-1",3,"L3"
"AAGAGCTCTTTATCGG-1",1,"L6"
"AAGAGGATGTACGCGA-1",1,"L6"
"AAGAGGCATGGATCGC-1",5,"L5"
"AAGAGGCCCTTTGGAA-1",4,"L2"
"AAGATGGCACCGGACC-1",7,"WM"
"AAGATTGGCGGAACGT-1",5,"L5"
"AAGCACCCTGCGTATC-1",5,"L5"
"AAGCATACTCTCCTGA-1",1,"L6"
"AAGCCGAAGCGGTTTA-1",4,"L2"
"AAGCCGCCGTGAAATC-1",7,"WM"
"AAGCGCAGGGCTTTGA-1",5,"L5"
"AAGCGGCGTCATGGGT-1",4,"L2"
"AAGCGTCCCTCATCGA-1",7,"WM"
"AAGCTAGATCGAGTAA-1",1,"L6"
"AAGCTCGTGCCAAGTC-1",1,"L6"
"AAGCTCTTTCATGGTG-1",5,"L5"
"AAGGAGAACTTATAAG-1",6,"L1"
"AAGGAGCGGTTGGTGC-1",1,"L6"
"AAGGATCGATCGCTTG-1",4,"L2"
"AAGGATGAGGGACCTC-1",5,"L5"
"AAGGCAGGCTGTCTCC-1",4,"L2"
"AAGGCGCGTAAAGCTT-1",5,"L5"
"AAGGCTGTGCTCATCG-1",1,"L6"
"AAGGGAACGACTGGCT-1",7,"WM"
"AAGGGACAGATTCTGT-1",5,"L5"
"AAGGGACTATGCATTC-1",7,"WM"
"AAGGTATCCTAATATA-1",5,"L5"
"AAGGTGATAAACCAGC-1",3,"L3"
"AAGTAAGCTTCCAAAC-1",6,"L1"
"AAGTAGAAGACCGGGT-1",3,"L3"
"AAGTAGTGACGCGAGG-1",5,"L5"
"AAGTCAATTGTCGTCA-1",3,"L3"
"AAGTGACGACCGAATT-1",1,"L6"
"AAGTGAGTCGGGTTTA-1",2,"L6/WM boundary"
"AAGTGCAAAGGTAGAC-1",3,"L3"
"AAGTGCCTTGACTGTA-1",3,"L3"
"AAGTGCGTTAGAATCT-1",7,"WM"
"AAGTGCTTCTCTATTG-1",2,"L6/WM boundary"
"AAGTGTTTGGAGACGG-1",5,"L5"
"AAGTTCACTCCAAGCT-1",3,"L3"
"AAGTTCAGTCTGCGTA-1",4,"L2"
"AAGTTCGGCCAACAGG-1",7,"WM"
"AAGTTGTGATGTTATA-1",3,"L3"
"AAGTTTACTAATGGCA-1",4,"L2"
"AAGTTTATGGGCCCAA-1",5,"L5"
"AATAACAACGCTCGGC-1",1,"L6"
"AATAACACTAGAACAA-1",7,"WM"
"AATAAGTCCTCGAGAC-1",4,"L2"
"AATACAATGTTTCAGG-1",3,"L3"
"AATACCGGAGGGCTGT-1",7,"WM"
"AATACCTGATGTGAAC-1",3,"L3"
"AATAGAACAGAGTGGC-1",7,"WM"
"AATAGAATCTGTTTCA-1",5,"L5"
"AATAGCTACCGCGTGC-1",4,"L2"
"AATAGTCCGTCCCGAC-1",1,"L6"
"AATATCAAGGTCGGAT-1",6,"L1"
"AATATCGAATCAATGC-1",4,"L2"
"AATATCGAGGGTTCTC-1",3,"L3"
"AATATTGGAGTATTGA-1",5,"L5"
"AATCAGACTGCAGGAC-1",6,"L1"
"AATCATGTAAAGACTC-1",3,"L3"
"AATCCAAGGGCCTGAG-1",3,"L3"
"AATCGCCTCAGCGCCA-1",5,"L5"
"AATCGCGCAGAGGACT-1",4,"L2"
"AATCGGGACACTACGA-1",4,"L2"
"AATCGGTATAGCCCTC-1",6,"L1"
"AATCGTGAGCCGAGCA-1",3,"L3"
"AATCTAGGTTTACTTG-1",7,"WM"
"AATCTATGCCGGAGCC-1",4,"L2"
"AATCTCTACTGTGGTT-1",5,"L5"
"AATCTGCGTTGGGACG-1",3,"L3"
"AATCTGGCTTTCTAGT-1",7,"WM"
"AATCTGGGTAGACCCT-1",4,"L2"
"AATGACAGCAATGTCT-1",2,"L6/WM boundary"
"AATGACGTAGGATGTC-1",5,"L5"
"AATGACTGTCAGCCGG-1",5,"L5"
"AATGAGTTCGCATATG-1",4,"L2"
"AATGATGATACGCTAT-1",3,"L3"
"AATGATGCGACTCCTG-1",3,"L3"
"AATGCAACCGGGTACC-1",1,"L6"
"AATGCACCAAGCAATG-1",3,"L3"
"AATGGTCCACCGTTCA-1",3,"L3"
"AATGGTTCTCACAAGC-1",3,"L3"
"AATGTATGGCACTGTA-1",7,"WM"
"AATGTGCCCGAGGTGT-1",7,"WM"
"AATGTGCTAATCTGAG-1",7,"WM"
"AATTAAAGGTCGGCGT-1",2,"L6/WM boundary"
"AATTAACGGATTTCCA-1",1,"L6"
"AATTACGAGACCCATC-1",7,"WM"
"AATTAGCGCTGCAGCG-1",1,"L6"
"AATTCATAAGGGATCT-1",5,"L5"
"AATTCATTGTCATGCA-1",7,"WM"
"AATTCCAAGCATGTAC-1",1,"L6"
"AATTCGATTCGAGGAT-1",5,"L5"
"AATTCTAGAGTTAGGC-1",1,"L6"
"AATTGAACGCTCTGGT-1",5,"L5"
"AATTGCAGCAATCGAC-1",4,"L2"
"AATTGCGTGGATTACA-1",7,"WM"
"AATTTGGGACATAGTA-1",3,"L3"
"AATTTGGTTCCAAAGA-1",3,"L3"
"ACAAACCATGCGTCCT-1",7,"WM"
"ACAAACCGACAAGGCG-1",4,"L2"
"ACAAAGCATGACCTAG-1",3,"L3"
"ACAAATCGCACCGAAT-1",5,"L5"
"ACAAATGGTAGTGTTT-1",5,"L5"
"ACAAATTCAGATCTGA-1",6,"L1"
"ACAACAGCATGAGCTA-1",1,"L6"
"ACAACGGTCCCTGCGA-1",3,"L3"
"ACAAGCAGTGCCTAGC-1",5,"L5"
"ACAAGGAAATCCGCCC-1",1,"L6"
"ACAAGGACAAGAGGTT-1",5,"L5"
"ACAAGGATGCTTTAGG-1",3,"L3"
"ACAAGGGCAGGCTCTG-1",5,"L5"
"ACAATAGTCGTACGTT-1",1,"L6"
"ACAATCCATTTAAACC-1",1,"L6"
"ACAATCGATCTTTATA-1",6,"L1"
"ACAATGAATACGGAGA-1",7,"WM"
"ACAATTGTGTCTCTTT-1",3,"L3"
"ACAATTTGAGCAGTGG-1",5,"L5"
"ACACAAAGACGGGTGG-1",5,"L5"
"ACACACCAGGACCAGT-1",5,"L5"
"ACACACTTTCTACACG-1",3,"L3"
"ACACATGATCAAATCT-1",7,"WM"
"ACACATTGACGCAACA-1",6,"L1"
"ACACCCAGCATGCAGC-1",5,"L5"
"ACACCCGAGAAATCCG-1",3,"L3"
"ACACCGGTCTGACCGC-1",7,"WM"
"ACACCTTAAGTAGGGC-1",5,"L5"
"ACACCTTACTACTTGC-1",4,"L2"
"ACACGAGACTCCTTCT-1",1,"L6"
"ACACGGCACTATGCAT-1",3,"L3"
"ACACGGGAACTTAGGG-1",5,"L5"
"ACACGTAGGCCACAAG-1",4,"L2"
"ACACTCCAATGTCACT-1",4,"L2"
"ACACTGATCAAGGTGT-1",7,"WM"
"ACACTGGGACAGTCGT-1",6,"L1"
"ACAGAACTGAGAACAA-1",7,"WM"
"ACAGATTAGGTTAGTG-1",4,"L2"
"ACAGCATAGAGCCAGT-1",3,"L3"
"ACAGCGACATTCTCAT-1",3,"L3"
"ACAGCGCACCCGCAGC-1",3,"L3"
"ACAGGCTTGCCCGACT-1",3,"L3"
"ACAGGTGGAGGTGAGG-1",7,"WM"
"ACAGTAATACAACTTG-1",1,"L6"
"ACATAAGTCGTGGTGA-1",7,"WM"
"ACATAATAAGGCGGTG-1",5,"L5"
"ACATCAGCTGGGACGC-1",3,"L3"
"ACATCCCGGCCATACG-1",2,"L6/WM boundary"
"ACATCCTGGTAACTGT-1",3,"L3"
"ACATCGTATGCAATGG-1",5,"L5"
"ACATCGTTAACCTAGT-1",3,"L3"
"ACATCTCAACGCGTAA-1",4,"L2"
"ACATGGCGCCAAAGTA-1",3,"L3"
"ACATGGCTCAATTTAG-1",6,"L1"
"ACATTAGTTTATATCC-1",1,"L6"
"ACCAAACTAGAAATCC-1",4,"L2"
"ACCAACACCACACACT-1",4,"L2"
"ACCAACCGCACTCCAC-1",4,"L2"
"ACCAACGCTTATTTAT-1",7,"WM"
"ACCAAGAACGCGTGTC-1",3,"L3"
"ACCAATATGCAAGTTA-1",5,"L5"
"ACCACAACTCAGAACA-1",3,"L3"
"ACCACAAGTTTCTATC-1",1,"L6"
"ACCACCAATGTAACAA-1",3,"L3"
"ACCACGTGCAGCTATA-1",3,"L3"
"ACCAGCCCGGTCTTTG-1",4,"L2"
"ACCAGGAGTGTGATCT-1",6,"L1"
"ACCAGTGCCCGGTCAA-1",4,"L2"
"ACCAGTGCGGGAGACG-1",3,"L3"
"ACCATATCCGCAATAA-1",2,"L6/WM boundary"
"ACCATCCGCCAACTAG-1",1,"L6"
"ACCATCGTATATGGTA-1",2,"L6/WM boundary"
"ACCCAACGCCCGTGGC-1",5,"L5"
"ACCCACCTACATGCTC-1",3,"L3"
"ACCCATCTTGAGGGTA-1",1,"L6"
"ACCCATTTGTCCCTCT-1",4,"L2"
"ACCCGAGCGAAATTAC-1",7,"WM"
"ACCCGGAAACTCCCAG-1",1,"L6"
"ACCCGGATGACGCATC-1",3,"L3"
"ACCCGGTTACACTTCC-1",2,"L6/WM boundary"
"ACCCGTGTCATCAGTA-1",2,"L6/WM boundary"
"ACCCTATGCCATATCG-1",7,"WM"
"ACCCTCCCTTGCTATT-1",5,"L5"
"ACCCTTCATCTGCGAA-1",3,"L3"
"ACCCTTTAGTTCTCCA-1",4,"L2"
"ACCGAAAGGGCCCTGC-1",4,"L2"
"ACCGAAGAGTCTGGTT-1",7,"WM"
"ACCGACACATCTCCCA-1",1,"L6"
"ACCGACTGAGTCCCAC-1",1,"L6"
"ACCGATGGTAGCATCG-1",5,"L5"
"ACCGCAATAACTGCCT-1",5,"L5"
"ACCGCGGTGGAAGTCG-1",3,"L3"
"ACCGGGCCTTTGTTGA-1",3,"L3"
"ACCGGTCAGGTACACC-1",7,"WM"
"ACCGGTCTGAGTACGG-1",6,"L1"
"ACCGTCCACTGGGCCC-1",7,"WM"
"ACCGTGACCACGTGGG-1",7,"WM"
"ACCGTTCCCGCTCTGA-1",4,"L2"
"ACCTAAGTACCTTTCA-1",7,"WM"
"ACCTAATCGACTTCCT-1",5,"L5"
"ACCTACAGTATGTGGT-1",4,"L2"
"ACCTACTATAAATCTA-1",2,"L6/WM boundary"
"ACCTCCGCCCTCGCTG-1",4,"L2"
"ACCTCCGTTATTCACC-1",4,"L2"
"ACCTCGAACTTATGCT-1",7,"WM"
"ACCTGCGTGTCATGTT-1",1,"L6"
"ACCTTTCCTTTAGAAG-1",6,"L1"
"ACGAAATGGGCGGCAC-1",5,"L5"
"ACGACTGGTCATACTC-1",7,"WM"
"ACGAGAACCCATCACG-1",6,"L1"
"ACGAGATATTTGCTTA-1",3,"L3"
"ACGAGGATACCACTCT-1",7,"WM"
"ACGAGGTTTACAACGT-1",7,"WM"
"ACGAGTACGGATGCCC-1",3,"L3"
"ACGATACATAGAACTA-1",5,"L5"
"ACGATCATACATAGAG-1",5,"L5"
"ACGATCATCTTGTAAA-1",3,"L3"
"ACGATGCATATGTTAT-1",1,"L6"
"ACGATGGATCCGATGC-1",3,"L3"
"ACGCAAACTAATAGAT-1",2,"L6/WM boundary"
"ACGCAATCACTACAGC-1",4,"L2"
"ACGCATACGTTTACTA-1",4,"L2"
"ACGCATTCGTGAGTAC-1",1,"L6"
"ACGCCAGATGATTTCT-1",5,"L5"
"ACGCCCAGCTGTCGAT-1",4,"L2"
"ACGCCGCTAGACGACC-1",1,"L6"
"ACGCGAAGTCAGACGA-1",2,"L6/WM boundary"
"ACGCGCTACACAGGGT-1",1,"L6"
"ACGCGGGCCAAGGACA-1",1,"L6"
"ACGCTAGTGATACACT-1",3,"L3"
"ACGCTGTGAGGCGTAG-1",5,"L5"
"ACGCTTAGTGTCTCTC-1",4,"L2"
"ACGGAATTTAGCAAAT-1",4,"L2"
"ACGGACTCTCAAAGCG-1",5,"L5"
"ACGGAGCGCAAATTAC-1",4,"L2"
"ACGGATGGTGCGGATA-1",5,"L5"
"ACGGCACTTGCTTGGG-1",1,"L6"
"ACGGCCAACATGGACT-1",2,"L6/WM boundary"
"ACGGCGACGATGGGAA-1",5,"L5"
"ACGGCGGGTTGCCCTG-1",6,"L1"
"ACGGCTGGATGTAGAA-1",7,"WM"
"ACGGGAGTGTCGGCCC-1",7,"WM"
"ACGGGTCATGTGACTT-1",6,"L1"
"ACGTACAGATTTCTCT-1",3,"L3"
"ACGTAGATTGCTGATG-1",1,"L6"
"ACGTATTACTCCGATC-1",3,"L3"
"ACGTCCTAAACGAGAT-1",6,"L1"
"ACGTGCGCCTCGTGCA-1",5,"L5"
"ACGTGGTCGAATGTGC-1",4,"L2"
"ACGTTAATGTCGAAGA-1",1,"L6"
"ACGTTAGATTTGCCCG-1",1,"L6"
"ACGTTCCGCGCTCCGT-1",4,"L2"
"ACGTTCGCAATCAATT-1",4,"L2"
"ACGTTCGTTCAGGAAA-1",2,"L6/WM boundary"
"ACGTTCTGTACAAGTC-1",4,"L2"
"ACGTTTAGTTGTGATC-1",3,"L3"
"ACTAATACGTCAGGCG-1",4,"L2"
"ACTACATCCCGACAAG-1",7,"WM"
"ACTACCAGCTCTCTGG-1",5,"L5"
"ACTAGTTGCGATCGTC-1",3,"L3"
"ACTATATGCTGTGTTC-1",4,"L2"
"ACTATCCAGGGCATGG-1",4,"L2"
"ACTATCTGCCCGCGTA-1",4,"L2"
"ACTATGTCCAGCTGCC-1",7,"WM"
"ACTATTCGTCCGTGGT-1",3,"L3"
"ACTATTTCCGGGCCCA-1",7,"WM"
"ACTCAACGAATGTATT-1",6,"L1"
"ACTCAAGTGCAAGGCT-1",3,"L3"
"ACTCAATAAAGGCACG-1",5,"L5"
"ACTCAGACCTGCTTCT-1",4,"L2"
"ACTCATGGCAGCCTTC-1",7,"WM"
"ACTCCAATATCATCAT-1",7,"WM"
"ACTCCCATTCCTAAAG-1",4,"L2"
"ACTCCCGAATTCGTTT-1",3,"L3"
"ACTCCCTAATGCTAAA-1",5,"L5"
"ACTCCCTAGAATAGTA-1",1,"L6"
"ACTCGCCGTTCGATAA-1",4,"L2"
"ACTCGTAACCCGTCCT-1",7,"WM"
"ACTCGTCAGTAATCCC-1",1,"L6"
"ACTCTCTGACTTAGGT-1",5,"L5"
"ACTCTCTTATACACGA-1",3,"L3"
"ACTCTTGTATAGTAAC-1",1,"L6"
"ACTGAAACGCCGTTAG-1",3,"L3"
"ACTGAATGGCGAAAGT-1",5,"L5"
"ACTGATTTAGTGATTC-1",4,"L2"
"ACTGCCCGCCATTCTC-1",7,"WM"
"ACTGCCGTCGTAACTC-1",5,"L5"
"ACTGCTCGGAAGGATG-1",2,"L6/WM boundary"
"ACTGTACGATACACAT-1",5,"L5"
"ACTGTAGCACTTTGGA-1",5,"L5"
"ACTGTATACGCGAGCA-1",4,"L2"
"ACTGTCCAGGATTATA-1",1,"L6"
"ACTGTCTTCTTTAGAA-1",1,"L6"
"ACTGTGCTAGTAGATC-1",4,"L2"
"ACTGTTTAGTGTAGGC-1",6,"L1"
"ACTTACCGGGCGCGCA-1",4,"L2"
"ACTTACGCATCCACGC-1",5,"L5"
"ACTTAGTACGACAAGA-1",4,"L2"
"ACTTATACTTACCCGG-1",5,"L5"
"ACTTATCTGATCTATA-1",6,"L1"
"ACTTATTAGGATCGGT-1",1,"L6"
"ACTTATTTATGTGCCA-1",3,"L3"
"ACTTCAGGCTGATCCC-1",5,"L5"
"ACTTCCATGCGGGACA-1",3,"L3"
"ACTTCGCCATACGCAC-1",5,"L5"
"ACTTGACTCCCTCTTT-1",1,"L6"
"ACTTGCCATATTGTAC-1",4,"L2"
"ACTTGGGACCCGGTGG-1",1,"L6"
"ACTTGTAGTCCCTTCA-1",1,"L6"
"ACTTGTGGATGGAACG-1",4,"L2"
"ACTTTACCCTCATGAA-1",3,"L3"
"ACTTTCCTATAGCTTC-1",1,"L6"
"ACTTTGACTGCATCCT-1",5,"L5"
"ACTTTGGTCGTGCTCC-1",7,"WM"
"AGAAATTATGACTCGC-1",6,"L1"
"AGAACCCTCAATTGGG-1",7,"WM"
"AGAACGTGGTACATTC-1",5,"L5"
"AGAAGGTACACTTCAC-1",2,"L6/WM boundary"
"AGAAGGTTGCCGAATT-1",2,"L6/WM boundary"
"AGAAGGTTGTAGGTCG-1",5,"L5"
"AGAAGTGATTCGTGAT-1",2,"L6/WM boundary"
"AGAATAAATCTTCAGG-1",5,"L5"
"AGAATGCGGGTTCGGA-1",6,"L1"
"AGAATTATGGATTCGA-1",3,"L3"
"AGAATTGTTTGACATA-1",4,"L2"
"AGACATAGATCCTTCC-1",4,"L2"
"AGACCAAACCACACCT-1",2,"L6/WM boundary"
"AGACCATGGGATACAA-1",3,"L3"
"AGACCCACCGCTGATC-1",1,"L6"
"AGACCCGCCCTCCTCG-1",1,"L6"
"AGACCGCTCCGCGGTT-1",4,"L2"
"AGACCGGGAAACCCTG-1",1,"L6"
"AGACGAAGTGCCGGTC-1",3,"L3"
"AGACGACGATGCCGCT-1",7,"WM"
"AGACGGGATTGGTATA-1",4,"L2"
"AGACGGGCCGATTTAA-1",4,"L2"
"AGACTAGCCTTCCAGA-1",1,"L6"
"AGACTGTTACCGGGTC-1",2,"L6/WM boundary"
"AGAGAAACACCAGAAA-1",7,"WM"
"AGAGAACCGTCTAGGA-1",5,"L5"
"AGAGAAGGAGTACAAT-1",7,"WM"
"AGAGATCTCTAAAGCG-1",1,"L6"
"AGAGCAGTTATGAGAC-1",3,"L3"
"AGAGCCGCCGAGATTT-1",4,"L2"
"AGAGCGGGCTAATCAT-1",5,"L5"
"AGAGCGTACAAGCTCG-1",3,"L3"
"AGAGGCTTCGGAAACC-1",3,"L3"
"AGAGGTATCTCGGTCC-1",6,"L1"
"AGAGTAAACTTCACTA-1",4,"L2"
"AGAGTTAGAGACCGAT-1",4,"L2"
"AGATAACTTCAGGGCC-1",1,"L6"
"AGATACGACTTCATAT-1",4,"L2"
"AGATACTCAAGATCGA-1",5,"L5"
"AGATATAATACGACTA-1",5,"L5"
"AGATCGTGCATAAGAT-1",3,"L3"
"AGATCTCAGGTGTGAT-1",1,"L6"
"AGATGACTCGCCCACG-1",5,"L5"
"AGATGAGGGTTGCGAT-1",3,"L3"
"AGATGATGGAGTCTGG-1",3,"L3"
"AGATGCAAGACGTGCA-1",7,"WM"
"AGATTATAGGACGTTT-1",1,"L6"
"AGATTCACAACCGATA-1",2,"L6/WM boundary"
"AGCAAAGGCCGCTAGT-1",5,"L5"
"AGCAACATATCTTATT-1",3,"L3"
"AGCAACCGAAAGTAAT-1",7,"WM"
"AGCACACGTTTAGACT-1",7,"WM"
"AGCACCAGTACTCACG-1",1,"L6"
"AGCACTACCGGCCTGT-1",5,"L5"
"AGCACTACCTCACCAG-1",5,"L5"
"AGCACTTAAGGACGCC-1",5,"L5"
"AGCAGAAGGAGAAAGA-1",5,"L5"
"AGCAGCCAGATGAATA-1",1,"L6"
"AGCATATCAATATGCT-1",3,"L3"
"AGCATCATTTCGAAAG-1",7,"WM"
"AGCATCGTCGATAATT-1",5,"L5"
"AGCATTACGAGGCAAG-1",3,"L3"
"AGCCAAGCTTTGTGTC-1",1,"L6"
"AGCCACAGGTTACCCG-1",3,"L3"
"AGCCACTCCCGTGCTT-1",5,"L5"
"AGCCCATACATGTAAG-1",1,"L6"
"AGCCCGGCATTAGAGG-1",7,"WM"
"AGCCCGGTAGCCTGTA-1",2,"L6/WM boundary"
"AGCCCTAAGCGAAGTT-1",3,"L3"
"AGCCCTCCCTGGTGGC-1",7,"WM"
"AGCCCTTCTAATCCGA-1",4,"L2"
"AGCCGTGGCTAAATGT-1",7,"WM"
"AGCCTAATACCCACGT-1",7,"WM"
"AGCCTTAAAGCGGAAG-1",4,"L2"
"AGCGACAGGAACGGTC-1",7,"WM"
"AGCGACATCCCATTCA-1",5,"L5"
"AGCGACCAACGATATT-1",1,"L6"
"AGCGAGACGTGAAGGC-1",7,"WM"
"AGCGATGCGCCTAATA-1",4,"L2"
"AGCGCATAATGAATCG-1",2,"L6/WM boundary"
"AGCGCGGGTGCCAATG-1",3,"L3"
"AGCGCTTATGGGCAAG-1",4,"L2"
"AGCGGACACTTCGTAG-1",1,"L6"
"AGCGGCGGTTAGCGGT-1",2,"L6/WM boundary"
"AGCGGGAAGGGTCCAT-1",4,"L2"
"AGCGGGTCTGACACTC-1",1,"L6"
"AGCGGTTGAGATGTAC-1",4,"L2"
"AGCGTAGCGCTAGACC-1",6,"L1"
"AGCGTGGTATTCTACT-1",1,"L6"
"AGCGTTCCGATTTAAA-1",4,"L2"
"AGCTAACAAGCAATGT-1",7,"WM"
"AGCTAAGTACGCAGGC-1",3,"L3"
"AGCTAGAAGCAGAAGT-1",3,"L3"
"AGCTATTTAATCCAAC-1",5,"L5"
"AGCTCCATATATGTTC-1",4,"L2"
"AGCTCCTTCGCACATC-1",3,"L3"
"AGCTCTAGACGTTCCA-1",1,"L6"
"AGCTCTTCCCAGTGCA-1",3,"L3"
"AGCTCTTCGTAACCTT-1",3,"L3"
"AGCTCTTTACTCAGTT-1",2,"L6/WM boundary"
"AGCTGAAGTAAACCAA-1",5,"L5"
"AGCTGTAACCTCAATC-1",7,"WM"
"AGCTTATAGAGACCTG-1",6,"L1"
"AGCTTCAATACTTTGA-1",4,"L2"
"AGCTTGATCTTAACTT-1",1,"L6"
"AGGAAAGCCTCTGATG-1",6,"L1"
"AGGAAGCTGTCCGCCG-1",1,"L6"
"AGGACAGTCGAATCCC-1",5,"L5"
"AGGACATCGCACGTCG-1",3,"L3"
"AGGACGACCCATTAGA-1",2,"L6/WM boundary"
"AGGACGCTCGATGTTG-1",3,"L3"
"AGGAGGCCTTCGCGCG-1",3,"L3"
"AGGATAAAGTCGGGAT-1",1,"L6"
"AGGATATAGGGATTTA-1",3,"L3"
"AGGATCACGCGATCTG-1",2,"L6/WM boundary"
"AGGCAAAGAGGAATCA-1",6,"L1"
"AGGCACGTGACTGTCC-1",6,"L1"
"AGGCAGATGCGTAAAC-1",5,"L5"
"AGGCAGGGAGCGTACT-1",2,"L6/WM boundary"
"AGGCATTGTCGTAGGG-1",3,"L3"
"AGGCCACCCGTTATGA-1",5,"L5"
"AGGCCCATTGTACAGG-1",3,"L3"
"AGGCCCTAGAACGCCA-1",2,"L6/WM boundary"
"AGGCCTGAGAATCTCG-1",3,"L3"
"AGGCGGTTTGTCCCGC-1",7,"WM"
"AGGCGTCTATGGACGG-1",6,"L1"
"AGGCTATGGTTAGCTT-1",3,"L3"
"AGGCTTCCCGAAGAAG-1",7,"WM"
"AGGCTTGCTAGACACC-1",3,"L3"
"AGGGAAACGAGGTACT-1",3,"L3"
"AGGGACAGCACGGCGG-1",6,"L1"
"AGGGACCGGCTGCGTT-1",4,"L2"
"AGGGACTCTACGCGAC-1",2,"L6/WM boundary"
"AGGGAGACATACTTCG-1",4,"L2"
"AGGGCAGCGGCGTGGT-1",3,"L3"
"AGGGCGAGCAGCTGAT-1",1,"L6"
"AGGGCGTGATCGGCTA-1",3,"L3"
"AGGGCTGCAGTTACAG-1",1,"L6"
"AGGGTCAGAGCACTCG-1",7,"WM"
"AGGGTCGATGCGAACT-1",3,"L3"
"AGGGTGCCGTTCTTTA-1",7,"WM"
"AGGGTGCTCTCGAGGG-1",5,"L5"
"AGGGTGGATAGTGCAT-1",3,"L3"
"AGGGTTCCCTTTGGTT-1",5,"L5"
"AGGGTTTAGTTCGGGA-1",1,"L6"
"AGGTAACCTCCTATTC-1",4,"L2"
"AGGTACGATATTGCCA-1",3,"L3"
"AGGTAGATCGAGATAT-1",7,"WM"
"AGGTAGGTACAAAGCT-1",1,"L6"
"AGGTATAATTGATAGT-1",4,"L2"
"AGGTCAGGTGAGAGTG-1",2,"L6/WM boundary"
"AGGTCGCCACTTCGGT-1",6,"L1"
"AGGTCGCGGAGTTACT-1",3,"L3"
"AGGTGGTGACCTTCGC-1",1,"L6"
"AGGTGTATCGCCATGA-1",5,"L5"
"AGGTTACACCATGCCG-1",4,"L2"
"AGGTTCTCCTTTCCGG-1",7,"WM"
"AGGTTGAGGCACGCTT-1",5,"L5"
"AGGTTTCACACACCTT-1",1,"L6"
"AGTAACGTTCATCCTG-1",4,"L2"
"AGTAACTATAGCAGCC-1",6,"L1"
"AGTAATGTCTTGCCGC-1",5,"L5"
"AGTAATTTGCAAGCGT-1",7,"WM"
"AGTACATCATTTATCA-1",4,"L2"
"AGTACCTTCGAGTGCT-1",6,"L1"
"AGTACGGCCCGTATCG-1",5,"L5"
"AGTACGGGCACCTGGC-1",5,"L5"
"AGTACGTGGCCTGTCT-1",3,"L3"
"AGTACTCTTATGCCCA-1",3,"L3"
"AGTAGAAGGCGCCTCA-1",2,"L6/WM boundary"
"AGTAGCGTGAACGAAC-1",4,"L2"
"AGTAGCTAGACGCCGA-1",6,"L1"
"AGTAGGAAGGAAGTTG-1",3,"L3"
"AGTAGGTAACATACAT-1",3,"L3"
"AGTATAATACTAGGCA-1",3,"L3"
"AGTATACACAGCGACA-1",2,"L6/WM boundary"
"AGTATCCATAATAACG-1",6,"L1"
"AGTATGCTGGAGACCA-1",7,"WM"
"AGTATTTGGCACGACC-1",2,"L6/WM boundary"
"AGTCAAATGATGTGAT-1",7,"WM"
"AGTCAACACCACCATC-1",2,"L6/WM boundary"
"AGTCAAGATGACACTT-1",3,"L3"
"AGTCACTAGCTCTCGA-1",3,"L3"
"AGTCACTCCGCCTCAT-1",6,"L1"
"AGTCAGCCACCGCCTG-1",4,"L2"
"AGTCCAGCGGGTACGT-1",6,"L1"
"AGTCCATTGGCTGATG-1",3,"L3"
"AGTCCCGCCTTTAATT-1",3,"L3"
"AGTCGACGGTCTCAAG-1",5,"L5"
"AGTCGGCCCAAACGAC-1",5,"L5"
"AGTCGGCTCAACTTTA-1",2,"L6/WM boundary"
"AGTCGGTTGCGTGAGA-1",4,"L2"
"AGTCGTATAAAGCAGA-1",3,"L3"
"AGTCGTCGACCACCAA-1",3,"L3"
"AGTCGTGGGCATTACG-1",7,"WM"
"AGTCTAAAGTATACTC-1",4,"L2"
"AGTCTCACAAGACTAC-1",7,"WM"
"AGTCTGGACATCCTTG-1",4,"L2"
"AGTCTTCTCCTCAAAT-1",5,"L5"
"AGTCTTTAAAGTGTCC-1",5,"L5"
"AGTGAACAAACTTCTC-1",3,"L3"
"AGTGACCTACTTTACG-1",2,"L6/WM boundary"
"AGTGACTGTGACACAA-1",7,"WM"
"AGTGAGACTTCCAGTA-1",5,"L5"
"AGTGAGCCTCGCCGCC-1",3,"L3"
"AGTGAGGGTTTCTGAC-1",3,"L3"
"AGTGATAACCTGCGCG-1",3,"L3"
"AGTGATATGAGTAGTT-1",2,"L6/WM boundary"
"AGTGATTCAAGCAGGA-1",5,"L5"
"AGTGCACGCTTAAGAA-1",3,"L3"
"AGTGCGTAGCTCGTAA-1",2,"L6/WM boundary"
"AGTGCTAAACACAGCA-1",3,"L3"
"AGTGCTTGCACGAATA-1",5,"L5"
"AGTGGCGGCAATTTGA-1",3,"L3"
"AGTGGCGTCTGAAGGT-1",3,"L3"
"AGTGGCTCCGTCGGCC-1",5,"L5"
"AGTGGTGTTACCCGTG-1",1,"L6"
"AGTGTATTGCGCATTG-1",3,"L3"
"AGTGTGCTAAGATCGC-1",6,"L1"
"AGTGTGGTCTATTGTG-1",3,"L3"
"AGTTAAACACTTGCGA-1",2,"L6/WM boundary"
"AGTTAAGCGGTCCCGG-1",3,"L3"
"AGTTAAGTCAACCGCT-1",7,"WM"
"AGTTACCGCACATGGT-1",3,"L3"
"AGTTACTCTATCGTGG-1",3,"L3"
"AGTTATTGAAAGGTAA-1",4,"L2"
"AGTTCCTACAGAATTA-1",1,"L6"
"AGTTCCTATTTATGTT-1",1,"L6"
"AGTTGACATCGGCTGG-1",6,"L1"
"AGTTGACGGTCCTTGC-1",1,"L6"
"AGTTGCTGACTGATAT-1",4,"L2"
"AGTTTCGCAGGTCGGA-1",3,"L3"
"AGTTTGCACCTGCCTC-1",5,"L5"
"AGTTTGGCACGGGTTG-1",3,"L3"
"AGTTTGGCCAGACCTA-1",2,"L6/WM boundary"
"ATAAACCATTGGACGG-1",6,"L1"
"ATAAACGGACCCGTAA-1",1,"L6"
"ATAAACGTTGCACCAC-1",4,"L2"
"ATAAAGGCTCGGTCGT-1",1,"L6"
"ATAAAGGTCAAGTACG-1",4,"L2"
"ATAAATATTAGCAGCT-1",1,"L6"
"ATAACGCCGGAGGGTC-1",5,"L5"
"ATAACGGAGTCCAACG-1",5,"L5"
"ATAAGGTGGAGAACAT-1",1,"L6"
"ATAAGTAGGATTCAGA-1",3,"L3"
"ATAAGTAGGGCGACTC-1",3,"L3"
"ATAAGTTACCGCGACG-1",2,"L6/WM boundary"
"ATAATACCGTTAGCCG-1",4,"L2"
"ATAATAGCTGTTGAAT-1",1,"L6"
"ATAATAGTGTAGGGAC-1",3,"L3"
"ATAATCTTGGAGAACC-1",5,"L5"
"ATAATTAGCTAAGTAG-1",1,"L6"
"ATACAGGCCCTCCAAT-1",5,"L5"
"ATACCACGGGCAACTT-1",1,"L6"
"ATACCAGCAAATTGCT-1",4,"L2"
"ATACCAGGCTAATAGA-1",4,"L2"
"ATACCAGGTGAGCGAT-1",6,"L1"
"ATACCTAACCAAGAAA-1",1,"L6"
"ATACGCCGATCTACCG-1",6,"L1"
"ATACGCCGGCGAAACC-1",5,"L5"
"ATACGGAACGTCGTTT-1",2,"L6/WM boundary"
"ATACGGGTTTCGATTG-1",5,"L5"
"ATACGGTGAAGATGCA-1",3,"L3"
"ATACGTACTTAGCCAC-1",5,"L5"
"ATACGTCCACTCCTGT-1",3,"L3"
"ATACGTTATGCACGGA-1",1,"L6"
"ATACTACCCGTACCAC-1",4,"L2"
"ATACTAGCATGACCCT-1",5,"L5"
"ATACTCTCGCCACTCT-1",6,"L1"
"ATACTGCCTTACACCG-1",5,"L5"
"ATACTTGTTCTCGAGC-1",3,"L3"
"ATAGACAACGGGACCT-1",5,"L5"
"ATAGACGAAGAGAAAG-1",1,"L6"
"ATAGAGTACTGGGACA-1",5,"L5"
"ATAGAGTTATCAACTT-1",5,"L5"
"ATAGATTTGCAGTCGG-1",6,"L1"
"ATAGCAACTAGGGAAG-1",3,"L3"
"ATAGCCTCAGTACCCA-1",4,"L2"
"ATAGGAATCTAAGCTT-1",6,"L1"
"ATAGGCGGCTATAGAA-1",2,"L6/WM boundary"
"ATAGGCTAGCTTCGCA-1",3,"L3"
"ATAGGGATATCCTTGA-1",5,"L5"
"ATAGGTTGGGCAGATG-1",1,"L6"
"ATAGTCTTTGACGTGC-1",4,"L2"
"ATAGTGAAGCGTTCTC-1",2,"L6/WM boundary"
"ATAGTTCCACCCACTC-1",3,"L3"
"ATATAAAGCGCTCGTG-1",1,"L6"
"ATATAAATGTAGCTGC-1",5,"L5"
"ATATAACACGGGCGCA-1",3,"L3"
"ATATACGCTCGTGACG-1",4,"L2"
"ATATAGAGTATTGGTC-1",7,"WM"
"ATATCAACCTACAGAG-1",3,"L3"
"ATATCGGTAGGGAGAT-1",4,"L2"
"ATATCGTGCCAGACCC-1",4,"L2"
"ATATCGTTCCTCGAAC-1",3,"L3"
"ATATCTCCCTCGTTAA-1",3,"L3"
"ATATCTTAGGGCCTTC-1",1,"L6"
"ATATGTCTCCCTAGCC-1",3,"L3"
"ATATTCAGTTAAACCT-1",2,"L6/WM boundary"
"ATATTCCACATAGTGA-1",5,"L5"
"ATATTCCCACAGGTCA-1",3,"L3"
"ATATTGCTGTCAAAGT-1",3,"L3"
"ATATTTAACCCTCAAG-1",1,"L6"
"ATCAAACACTGTTCCA-1",4,"L2"
"ATCAAACGAAGGTTTG-1",7,"WM"
"ATCAATCTGGGCTGCA-1",1,"L6"
"ATCAATGCCGTGGCTG-1",7,"WM"
"ATCACATTAGAATATC-1",5,"L5"
"ATCACGTGCTAATTAA-1",2,"L6/WM boundary"
"ATCACTTCATCCTCGC-1",5,"L5"
"ATCAGACGGCACGCCG-1",7,"WM"
"ATCAGCCTCATGCTGC-1",3,"L3"
"ATCAGCTCGTCCACTA-1",2,"L6/WM boundary"
"ATCAGGTCGCCATTGC-1",4,"L2"
"ATCAGTAGGCAGGGAT-1",5,"L5"
"ATCATAGCCCTATGTA-1",4,"L2"
"ATCATCCAATATTTGT-1",1,"L6"
"ATCATCTGCCCAGTGT-1",4,"L2"
"ATCCAACGCAGTCATA-1",5,"L5"
"ATCCAATGGAGGGTCC-1",1,"L6"
"ATCCACATCGACAGAA-1",5,"L5"
"ATCCACGCTAAATGTT-1",4,"L2"
"ATCCAGAGCAACAACC-1",2,"L6/WM boundary"
"ATCCAGGATTCGTGAA-1",2,"L6/WM boundary"
"ATCCCATCCACAGCGC-1",7,"WM"
"ATCCTACCTAAGCTCT-1",2,"L6/WM boundary"
"ATCCTGAATCGCTGCG-1",1,"L6"
"ATCCTGCGTGGAATGG-1",2,"L6/WM boundary"
"ATCCTGCTGCAGATAG-1",6,"L1"
"ATCGACCCAATACAGA-1",1,"L6"
"ATCGACTCTTTCCGTT-1",5,"L5"
"ATCGCACGATTGTTCA-1",6,"L1"
"ATCGCACGCCGGGAGA-1",1,"L6"
"ATCGCCAGTCAACATT-1",4,"L2"
"ATCGCTGCGTGCAGCA-1",4,"L2"
"ATCGGAGACAGACGGC-1",5,"L5"
"ATCGGCAAGCAGTCCA-1",3,"L3"
"ATCGTGGAAAGTCTGG-1",7,"WM"
"ATCGTTAGCTAGCGGA-1",3,"L3"
"ATCGTTCACTTTCGCC-1",4,"L2"
"ATCTAATATCCTACGG-1",1,"L6"
"ATCTAGCTTGTGAGGG-1",1,"L6"
"ATCTCCCACGGAATAT-1",4,"L2"
"ATCTCCCTGCAATCTA-1",5,"L5"
"ATCTCGTGAGCGAAAC-1",4,"L2"
"ATCTGACATGGAAGGA-1",2,"L6/WM boundary"
"ATCTGATAGTGTCTTA-1",6,"L1"
"ATCTGCACCTCTGCGA-1",3,"L3"
"ATCTGCTGTTATCGCC-1",1,"L6"
"ATCTGGGCTGTTCTTG-1",1,"L6"
"ATCTGGTTAAGACTGT-1",5,"L5"
"ATCTGTAATTGTACCC-1",3,"L3"
"ATCTTAGGGCATTAAT-1",7,"WM"
"ATCTTATCGCACACCC-1",4,"L2"
"ATCTTGACCTGCAACG-1",5,"L5"
"ATCTTGACTTGTCCAA-1",4,"L2"
"ATGAAGCCAAGGAGCC-1",5,"L5"
"ATGACGCCGGCTCTAA-1",5,"L5"
"ATGACGCGTTCTATCC-1",7,"WM"
"ATGACTATCAGCTGTG-1",2,"L6/WM boundary"
"ATGACTATGCGACATT-1",5,"L5"
"ATGAGGAGTGTTAATC-1",5,"L5"
"ATGATCGGGAATAGAC-1",3,"L3"
"ATGATGCAATGGTACA-1",2,"L6/WM boundary"
"ATGCACGCGCTGTTCA-1",7,"WM"
"ATGCACTACCGCATTG-1",5,"L5"
"ATGCATGATCCAGGAT-1",5,"L5"
"ATGCATTCCGTGATGG-1",6,"L1"
"ATGCCAATCGCTCTGC-1",4,"L2"
"ATGCCATTTGCGACCA-1",3,"L3"
"ATGCCGGTCTTGCATA-1",1,"L6"
"ATGCCGGTTGATGGGA-1",5,"L5"
"ATGCGACAATTGGTCC-1",6,"L1"
"ATGCGACAGTCCCATT-1",1,"L6"
"ATGCGAGTCCCACCAC-1",3,"L3"
"ATGCTCAGTGTTGCAT-1",3,"L3"
"ATGCTCTGGCGCGGTA-1",5,"L5"
"ATGCTTAGGAGTTGAT-1",4,"L2"
"ATGGAAATTTAAGGAG-1",2,"L6/WM boundary"
"ATGGAGCAGGCCGTGA-1",1,"L6"
"ATGGATCCGGCGTCCG-1",5,"L5"
"ATGGATTGACCAAACG-1",1,"L6"
"ATGGCAGCATTACGAT-1",7,"WM"
"ATGGCTGGAAATGGCC-1",4,"L2"
"ATGGGAACGGAAGCGG-1",4,"L2"
"ATGGGACCTGCTGAAC-1",7,"WM"
"ATGGGCCTCGGCCTCT-1",3,"L3"
"ATGGGTGTATACCTCC-1",7,"WM"
"ATGGTATTTACTGATT-1",7,"WM"
"ATGGTCGCGTGGTTTC-1",5,"L5"
"ATGGTGCTCAAAGCCA-1",6,"L1"
"ATGTAAGGCTGCTCTT-1",4,"L2"
"ATGTACATGCGGTGAG-1",6,"L1"
"ATGTACGATGACGTCG-1",1,"L6"
"ATGTAGCGCGCGTAGG-1",5,"L5"
"ATGTGAAAGCCTAATG-1",2,"L6/WM boundary"
"ATGTGCATCCGACGCA-1",5,"L5"
"ATGTGGACATCTTGAT-1",1,"L6"
"ATGTGTAGTTTAGTCA-1",4,"L2"
"ATGTTACGAGCAATAC-1",4,"L2"
"ATGTTCGTCGACCCAC-1",5,"L5"
"ATGTTGTAGTCTGTTT-1",2,"L6/WM boundary"
"ATTAATACTACGCGGG-1",5,"L5"
"ATTAATGAACCAGTCG-1",5,"L5"
"ATTAATTCGGTCACTC-1",3,"L3"
"ATTACAACTACCGGCC-1",3,"L3"
"ATTACATGTCAGTCTT-1",4,"L2"
"ATTACCACACTGCCTG-1",4,"L2"
"ATTACGCGCTGGCAGG-1",1,"L6"
"ATTACTAGCCTCTTGC-1",3,"L3"
"ATTACTTACTGGGCAT-1",3,"L3"
"ATTAGATTCCTCAGCA-1",3,"L3"
"ATTAGATTGATAGCGG-1",3,"L3"
"ATTAGGCGATGCTTTC-1",1,"L6"
"ATTATACTTTGCTCGT-1",5,"L5"
"ATTATAGCTACTTTAC-1",4,"L2"
"ATTATCTCGACAGATC-1",4,"L2"
"ATTATGAGACCCAATT-1",7,"WM"
"ATTATGCCATAGGGAG-1",5,"L5"
"ATTATTATGTCCGTCA-1",7,"WM"
"ATTCAAAGTACCTGTT-1",6,"L1"
"ATTCAACCATTTAAGG-1",4,"L2"
"ATTCACTGATGTTGGA-1",1,"L6"
"ATTCAGGACCTATTTC-1",3,"L3"
"ATTCAGGATCGCCTCT-1",4,"L2"
"ATTCAGTAGCAGGGTC-1",3,"L3"
"ATTCATATACTGTCCA-1",1,"L6"
"ATTCATCGTTGAGGCA-1",3,"L3"
"ATTCCCACATAAACAA-1",3,"L3"
"ATTCCTAAGACGTGGA-1",4,"L2"
"ATTCCTCCGCCAGTGC-1",3,"L3"
"ATTCCTTCCAGGCGGT-1",6,"L1"
"ATTCGACGCCGGGCCT-1",1,"L6"
"ATTCGTGCTATCTCTT-1",4,"L2"
"ATTCTCGTCTCTTTAG-1",4,"L2"
"ATTCTGAGTATGAACT-1",3,"L3"
"ATTCTTCGTACTTATG-1",3,"L3"
"ATTGAAGATCTTAGTG-1",1,"L6"
"ATTGACGTAACTCGGT-1",3,"L3"
"ATTGATAGCAACGAGA-1",6,"L1"
"ATTGATCACCACATTT-1",2,"L6/WM boundary"
"ATTGATGAGTCCTAAC-1",3,"L3"
"ATTGCCTATTAGACCG-1",7,"WM"
"ATTGCCTTTATGTTTG-1",3,"L3"
"ATTGCGATCAGTAACT-1",3,"L3"
"ATTGCTGCTCCTCCAT-1",1,"L6"
"ATTGGATTACAGCGTA-1",4,"L2"
"ATTGGGAATATCTTGG-1",3,"L3"
"ATTGGTTGTGCATTAC-1",6,"L1"
"ATTGTACAACTCGGCT-1",3,"L3"
"ATTGTCGCAATACCTT-1",3,"L3"
"ATTGTGACTTCGCTGC-1",6,"L1"
"ATTTAACTCGTATTAC-1",3,"L3"
"ATTTACAGTTTACTGG-1",5,"L5"
"ATTTACTAAGTCCATT-1",4,"L2"
"ATTTCATTATTTCGCG-1",3,"L3"
"ATTTCCGGGTTCTGCG-1",7,"WM"
"ATTTGCCTAGTTACGA-1",6,"L1"
"ATTTGCGCGAGTAGCT-1",7,"WM"
"ATTTGTCTTGGGAGCT-1",5,"L5"
"ATTTGTTCCAGGGCTC-1",5,"L5"
"CAAACGAGTATCGCAG-1",2,"L6/WM boundary"
"CAAACGGTCGCACTTT-1",1,"L6"
"CAAACGTGGTCTTGCG-1",4,"L2"
"CAAACTACGATAGAGA-1",3,"L3"
"CAAACTATTGAGCTTC-1",3,"L3"
"CAAACTCGCGACGCCG-1",4,"L2"
"CAAAGATTATTGGGCC-1",7,"WM"
"CAAATCTCTCACAAGG-1",2,"L6/WM boundary"
"CAAATGCGGAGTGTTC-1",6,"L1"
"CAAATGTCCTTCCGTG-1",2,"L6/WM boundary"
"CAAATTGTCAGCAAGC-1",3,"L3"
"CAACAGAATAACGCTA-1",4,"L2"
"CAACAGTGCCAAACGG-1",6,"L1"
"CAACATGGCCTGATAA-1",6,"L1"
"CAACCTACCGAGCAGT-1",4,"L2"
"CAACGACCCGTTTACA-1",5,"L5"
"CAACGGTTCTTGATAC-1",3,"L3"
"CAACGTGGTGGAGTCT-1",4,"L2"
"CAACTATATCGAATGC-1",3,"L3"
"CAACTCCAACGTTTAG-1",4,"L2"
"CAACTCCGTAACTTGC-1",2,"L6/WM boundary"
"CAACTCCTTGATCCCG-1",3,"L3"
"CAACTGCTCATCCGAT-1",1,"L6"
"CAACTTGTAGTGGGCA-1",4,"L2"
"CAAGAGGGCGGAGTAC-1",1,"L6"
"CAAGATATTATAACGT-1",5,"L5"
"CAAGCAACGTCGGAGT-1",1,"L6"
"CAAGCACCAAATGCCT-1",5,"L5"
"CAAGCGGCACATAATT-1",5,"L5"
"CAAGGATCGCATGTTC-1",1,"L6"
"CAAGGTCCTATAGGCT-1",4,"L2"
"CAAGTGAACTTTGGTT-1",4,"L2"
"CAAGTGTGGTTGCAAA-1",3,"L3"
"CAATAAACCTTGGCCC-1",5,"L5"
"CAATACGCTCTGAGGC-1",5,"L5"
"CAATATGTAGATTTAC-1",6,"L1"
"CAATATTCTTGACCTA-1",7,"WM"
"CAATCCATTATCCGTT-1",6,"L1"
"CAATCCCTATACCAGC-1",3,"L3"
"CAATCCTGCCGTGGAG-1",4,"L2"
"CAATGCGAGAAGTATC-1",5,"L5"
"CAATGGAATCTACATA-1",3,"L3"
"CAATGGATCTCTACCA-1",5,"L5"
"CAATGGTCGGCCTGGG-1",4,"L2"
"CAATGTGCCAACCCTT-1",4,"L2"
"CAATTAAGGGTGATGA-1",1,"L6"
"CAATTTCGTATAAGGG-1",1,"L6"
"CAATTTGACCGGGAAG-1",6,"L1"
"CACAAGAAAGATATTA-1",6,"L1"
"CACAAGCTAAGAAAGG-1",7,"WM"
"CACAATGAGCTGCTAT-1",2,"L6/WM boundary"
"CACACACGCTAACGAG-1",4,"L2"
"CACACAGCTTGCGCTC-1",4,"L2"
"CACACAGGGATAGATT-1",3,"L3"
"CACACGCGCTGTCTTA-1",5,"L5"
"CACACGTTTCAATGGG-1",4,"L2"
"CACACTTGTATTGCGA-1",6,"L1"
"CACAGAGACGAGGACG-1",7,"WM"
"CACAGCACCCACGGCA-1",1,"L6"
"CACAGCTAGGGAGTGA-1",5,"L5"
"CACAGGGCCATATAGT-1",3,"L3"
"CACAGGGCCGTTGTCA-1",1,"L6"
"CACAGTCCCGCTTCGC-1",4,"L2"
"CACAGTTCGCTTCCCA-1",4,"L2"
"CACATAAGGCGACCGT-1",6,"L1"
"CACATATTAGCAGGAT-1",1,"L6"
"CACATCGTGCACGCGC-1",7,"WM"
"CACATCTCACCGACGA-1",5,"L5"
"CACATGATTCAGCAAC-1",1,"L6"
"CACATTCTTTCGATGG-1",3,"L3"
"CACATTTCTTGTCAGA-1",4,"L2"
"CACCAGTCAGCATGCA-1",7,"WM"
"CACCATCGGAGGAGAC-1",3,"L3"
"CACCCAAATCTTATGT-1",3,"L3"
"CACCCACACGTCACCC-1",3,"L3"
"CACCCACGAGGCAATT-1",3,"L3"
"CACCCGGTTTGTGACT-1",7,"WM"
"CACCCTAACAAGATCT-1",5,"L5"
"CACCCTTGGTGAGACC-1",7,"WM"
"CACCCTTTCCTCGCTC-1",6,"L1"
"CACCGATACACCGAGC-1",3,"L3"
"CACCGCCAGAAGGTTT-1",1,"L6"
"CACCGCCGACCAGCGA-1",3,"L3"
"CACCGCGTCCACTCTA-1",4,"L2"
"CACCGGAGATATCTCC-1",4,"L2"
"CACCGGTAGAGACATT-1",7,"WM"
"CACCGTATCCCATCCG-1",4,"L2"
"CACCGTTAGGGATCAC-1",7,"WM"
"CACCGTTGCGCGATAT-1",2,"L6/WM boundary"
"CACCTAATAGAGTCGT-1",4,"L2"
"CACCTAATCAGTTTAC-1",5,"L5"
"CACCTCGATGGTGGAC-1",5,"L5"
"CACCTTGCGAAACTCG-1",5,"L5"
"CACCTTGGCGCCTTTG-1",3,"L3"
"CACGAAAGTTAGTCCC-1",5,"L5"
"CACGACCACAGACTTT-1",6,"L1"
"CACGACGTAATAGTAA-1",6,"L1"
"CACGACTAAAGTTCTG-1",6,"L1"
"CACGATTGGTCGTTAA-1",6,"L1"
"CACGCACAGCGCAGCT-1",5,"L5"
"CACGCAGCGAGGCTTT-1",1,"L6"
"CACGCGGAACTGTTGC-1",3,"L3"
"CACGGCGCGCCAAAGG-1",4,"L2"
"CACGGGATTGAGGGTT-1",3,"L3"
"CACGTCGGCAACCTCT-1",2,"L6/WM boundary"
"CACGTCTATGATGTGG-1",4,"L2"
"CACGTTCGTGCTCTAG-1",5,"L5"
"CACGTTTCGTACACAC-1",3,"L3"
"CACTAAAGTTGCCTAT-1",1,"L6"
"CACTACGGGAGCTGCC-1",4,"L2"
"CACTACTCAGTTCTGT-1",4,"L2"
"CACTCAAGAGCTATGG-1",1,"L6"
"CACTCAGCTCTTGAGG-1",3,"L3"
"CACTCCTATGTAAGAT-1",7,"WM"
"CACTCCTCTCGGTCGG-1",3,"L3"
"CACTCGAGCTGAACAA-1",1,"L6"
"CACTCGGTTAGGAGGA-1",5,"L5"
"CACTCTTCTGCTAGCC-1",4,"L2"
"CACTGACGATTGTGGA-1",2,"L6/WM boundary"
"CACTGTCCAAGTGAGA-1",3,"L3"
"CACTTAATCAGACGGA-1",1,"L6"
"CACTTCGCCACAGGCT-1",3,"L3"
"CAGAACTTAGCCCTCT-1",5,"L5"
"CAGAATAACACACGGA-1",4,"L2"
"CAGACACCGATCGCTG-1",2,"L6/WM boundary"
"CAGACCTGTAAGTGTT-1",3,"L3"
"CAGACGAACCTGATAC-1",2,"L6/WM boundary"
"CAGAGACGGTCACCCA-1",2,"L6/WM boundary"
"CAGAGCATGAGCTTGC-1",5,"L5"
"CAGAGGCGATGCATGA-1",2,"L6/WM boundary"
"CAGAGTGATTTAACGT-1",3,"L3"
"CAGATACTAACATAGT-1",5,"L5"
"CAGATATGAAGATGAC-1",7,"WM"
"CAGATCATTTAAAGTC-1",4,"L2"
"CAGATCCTGGTTTGAA-1",7,"WM"
"CAGCAGCCCGTTCCTT-1",5,"L5"
"CAGCAGTCCAGACTAT-1",3,"L3"
"CAGCAGTCTGTGCTGC-1",5,"L5"
"CAGCCCTCACAGGCAG-1",4,"L2"
"CAGCCGGGCCCTCTAT-1",3,"L3"
"CAGCCTCCTGCAGAGG-1",5,"L5"
"CAGCCTCTCCTCAAGA-1",3,"L3"
"CAGCGATTCCCTTCAA-1",7,"WM"
"CAGCTCACTGAGACAT-1",1,"L6"
"CAGCTCGACAAGTTAA-1",5,"L5"
"CAGCTCGTGCTTGTGT-1",4,"L2"
"CAGCTGGCGTAACCGT-1",2,"L6/WM boundary"
"CAGCTTAGTAGGTAGC-1",5,"L5"
"CAGGAAGACTTTATAT-1",3,"L3"
"CAGGATCCGCCCGACC-1",6,"L1"
"CAGGCAGTCTTACCAG-1",3,"L3"
"CAGGCCGTTTGGGTGT-1",2,"L6/WM boundary"
"CAGGCGCACGGTGGTC-1",7,"WM"
"CAGGCGCCATGCTAGG-1",1,"L6"
"CAGTAACTATTTATTG-1",3,"L3"
"CAGTAATCCCTCCCAG-1",3,"L3"
"CAGTACATTCTCTAAA-1",3,"L3"
"CAGTACCAGTTTACGT-1",2,"L6/WM boundary"
"CAGTAGCCCACGCGGT-1",5,"L5"
"CAGTAGCGAGGTAGTA-1",6,"L1"
"CAGTCGAGGATGCAAT-1",3,"L3"
"CAGTCTCTCGGCTAAT-1",6,"L1"
"CAGTCTGTATACTGGG-1",1,"L6"
"CAGTGAATAAATGACT-1",5,"L5"
"CAGTGGTTGCACATGA-1",4,"L2"
"CAGTGTCCGCAGAATG-1",4,"L2"
"CAGTGTCGGCTGGCCC-1",3,"L3"
"CAGTGTTAATCTCTCA-1",7,"WM"
"CAGTTCAAATTGACAC-1",1,"L6"
"CAGTTCCGCGGGTCGA-1",3,"L3"
"CATAACGGACAGTCGT-1",3,"L3"
"CATAAGAAGCTTGGCT-1",5,"L5"
"CATAAGCTCTCCGTCT-1",1,"L6"
"CATAATGAGCGGGCGA-1",6,"L1"
"CATACAAAGCCGAACC-1",4,"L2"
"CATACACGGTTCCCAC-1",1,"L6"
"CATACCCGTACCCAGT-1",1,"L6"
"CATACGAACTAGCTGG-1",7,"WM"
"CATACGGCGTCTGGGC-1",1,"L6"
"CATACGGGTGCATGAT-1",6,"L1"
"CATACTATGTAATTGT-1",1,"L6"
"CATACTTAGGCAATAC-1",4,"L2"
"CATAGCCGCCCGGGAT-1",3,"L3"
"CATAGCGTTGCCCACC-1",7,"WM"
"CATAGTACATTGAGAG-1",3,"L3"
"CATAGTAGCATAGTAG-1",3,"L3"
"CATAGTCAAATACATA-1",3,"L3"
"CATAGTCCACAAGAAC-1",2,"L6/WM boundary"
"CATATACTACTGATAA-1",4,"L2"
"CATATAGGTACAGTCA-1",2,"L6/WM boundary"
"CATATGTCAGGCTACG-1",2,"L6/WM boundary"
"CATATTATTTGCCCTA-1",3,"L3"
"CATCATCTACCCGGAC-1",3,"L3"
"CATCATTACCCTGAGG-1",3,"L3"
"CATCCAATATAGTTTG-1",7,"WM"
"CATCCGCAGGCCCGAA-1",6,"L1"
"CATCCTCTCAAAGATC-1",3,"L3"
"CATCGAATGGATCTCT-1",6,"L1"
"CATCGCCCGCGGCCAA-1",4,"L2"
"CATCGGACGGGTTAAT-1",2,"L6/WM boundary"
"CATCTATCCCGTGTCT-1",3,"L3"
"CATCTTACACCACCTC-1",3,"L3"
"CATGAACCGACATTTG-1",4,"L2"
"CATGAACCTCTTATCA-1",4,"L2"
"CATGACTTCGCTGAAT-1",3,"L3"
"CATGAGATGCACTCTC-1",5,"L5"
"CATGATCGCTTTGAGA-1",3,"L3"
"CATGATGCACAATTCT-1",5,"L5"
"CATGATGGAAGTTAGC-1",3,"L3"
"CATGCACGTGTTACTG-1",4,"L2"
"CATGCATGGAGACCCT-1",4,"L2"
"CATGCCAACTCGCAAA-1",1,"L6"
"CATGCGACCAGTTTAA-1",3,"L3"
"CATGCGTTAGACAGAA-1",3,"L3"
"CATGCTGGCTCCAATT-1",3,"L3"
"CATGGAAATGGGACCA-1",6,"L1"
"CATGGATTGTCTTCCG-1",4,"L2"
"CATGGCAGGAAGATCG-1",5,"L5"
"CATGGGTATGCCTTAT-1",5,"L5"
"CATGGGTCGGGTGTGG-1",5,"L5"
"CATGGTAAGTAGCGTT-1",1,"L6"
"CATGGTATTAGTTTGT-1",7,"WM"
"CATGGTCTAGATACCG-1",5,"L5"
"CATGTAAGAGACATTT-1",3,"L3"
"CATGTAGGAGCGCCAA-1",6,"L1"
"CATGTCTCATTTATGG-1",5,"L5"
"CATTACGTCGGCCCGT-1",5,"L5"
"CATTATAACAGGGTCC-1",6,"L1"
"CATTATCCCATTAACG-1",7,"WM"
"CATTATGCTTGTTGTG-1",1,"L6"
"CATTCACTGACAGCTA-1",4,"L2"
"CATTCAGGTCAGTGCG-1",6,"L1"
"CATTGCAAAGCATAAT-1",4,"L2"
"CATTGCGAAATGGGCG-1",5,"L5"
"CATTGTGTGCTAGATC-1",6,"L1"
"CATTTAGCGGACCATG-1",5,"L5"
"CATTTATCGTTCAAGA-1",4,"L2"
"CATTTCTAGCAGACTA-1",4,"L2"
"CATTTGAGTGGTACGT-1",7,"WM"
"CCAAACAGAACCCTCG-1",5,"L5"
"CCAAAGCAGTTGGTTG-1",6,"L1"
"CCAAATAACAAGATTC-1",4,"L2"
"CCAACCTTATGTAACT-1",7,"WM"
"CCAACGATGCACTGAT-1",5,"L5"
"CCAACGCTTGCCAGGG-1",4,"L2"
"CCAAGAAAGTGGGCGA-1",2,"L6/WM boundary"
"CCAAGACTTCTGCGAA-1",5,"L5"
"CCAAGCGTAACTCGTA-1",1,"L6"
"CCAAGGAACAGAGAGG-1",3,"L3"
"CCAATAGTGCCGTCGA-1",1,"L6"
"CCAATCGGTAGATCGA-1",3,"L3"
"CCAATGTCACAGCAAG-1",1,"L6"
"CCAATTACGGGTCGAG-1",3,"L3"
"CCAATTGAATGTTAAT-1",5,"L5"
"CCACAATGTACGTCTT-1",5,"L5"
"CCACACTGAGATATTA-1",1,"L6"
"CCACAGCTGAAATCAT-1",6,"L1"
"CCACAGTACCCATCCT-1",3,"L3"
"CCACATACTGCACCCA-1",6,"L1"
"CCACCAACTTTACTGT-1",7,"WM"
"CCACCCAAGGAAAGTG-1",1,"L6"
"CCACGAATTTAACCTC-1",3,"L3"
"CCACGAGAAGAGAATC-1",5,"L5"
"CCACGGAGCCATAAGA-1",2,"L6/WM boundary"
"CCACGGTGCCCGGTAG-1",3,"L3"
"CCACTAAACTGAATCG-1",6,"L1"
"CCACTGGTGGCTGGTT-1",1,"L6"
"CCACTGTTTGGATTAA-1",4,"L2"
"CCAGAAAGCAACTCAT-1",7,"WM"
"CCAGAGACAAAGCCGG-1",3,"L3"
"CCAGATAGTTGAGTGA-1",5,"L5"
"CCAGCCTGGACCAATA-1",1,"L6"
"CCAGCTACGCCTCATA-1",6,"L1"
"CCAGCTCGAACGCATT-1",1,"L6"
"CCAGCTGATGGTACTT-1",5,"L5"
"CCAGCTTCCGCCCGCA-1",3,"L3"
"CCAGGGACGTGGCCTC-1",1,"L6"
"CCAGTAGTCTGATCCA-1",5,"L5"
"CCAGTCAAATCTCTTA-1",1,"L6"
"CCAGTCTAGACGGCGC-1",5,"L5"
"CCAGTCTTGTCATAGA-1",1,"L6"
"CCATAAACAACCCGAC-1",3,"L3"
"CCATACCTTTACTTGT-1",3,"L3"
"CCATAGGTTGGCGTGG-1",5,"L5"
"CCATAGTCAGTAACCC-1",4,"L2"
"CCATATGGAAACTATA-1",3,"L3"
"CCATATTGGATCATGA-1",6,"L1"
"CCATCCATACCAAGTC-1",4,"L2"
"CCATCGCAGTTAAACT-1",1,"L6"
"CCATCTCACCAGTGAA-1",3,"L3"
"CCATCTTGTTCACAAT-1",6,"L1"
"CCATGCCCTAGATTTC-1",3,"L3"
"CCATGCCTGTTTAGTA-1",1,"L6"
"CCATGCTCTGCAGGAA-1",5,"L5"
"CCATGGCCCTTGTACC-1",5,"L5"
"CCATGTTCATCTATAT-1",7,"WM"
"CCATTAGCGATAATCC-1",1,"L6"
"CCATTCCCTGCCCACA-1",1,"L6"
"CCATTTCTACCTATTA-1",5,"L5"
"CCCAAACATGCTGCTC-1",5,"L5"
"CCCAACATACGTCGCG-1",2,"L6/WM boundary"
"CCCAACCACACTAACA-1",3,"L3"
"CCCAAGAATGCACGGT-1",4,"L2"
"CCCAAGACAGAGTATG-1",6,"L1"
"CCCAATGAGATTTGCA-1",7,"WM"
"CCCAATTTCACAACTT-1",1,"L6"
"CCCAGAGGAGGGCGTA-1",4,"L2"
"CCCAGGTCTGAAGGCT-1",4,"L2"
"CCCAGTAAACTTGGGA-1",2,"L6/WM boundary"
"CCCAGTTAAGGCGCCG-1",5,"L5"
"CCCATATAGGTCGATT-1",3,"L3"
"CCCGAAGTTTCGCGAA-1",1,"L6"
"CCCGACCATAGTCCGC-1",5,"L5"
"CCCGAGTTTCTCCGTA-1",4,"L2"
"CCCGCAGCGCGAACTA-1",1,"L6"
"CCCGCAGGGCCCAAAG-1",3,"L3"
"CCCGCCATGCTCCCGT-1",3,"L3"
"CCCGCGCAATGCACCC-1",3,"L3"
"CCCGCTAGAGGGTTAA-1",4,"L2"
"CCCGGCACGTGTCAGG-1",3,"L3"
"CCCGGGTCGTTCAGGG-1",1,"L6"
"CCCGGTGGAAGAACCT-1",3,"L3"
"CCCGGTGTATCGGAAT-1",7,"WM"
"CCCGTAAGTCTAGGCC-1",1,"L6"
"CCCGTAGCTGGGAAGA-1",7,"WM"
"CCCGTCAGCGTCTGAC-1",5,"L5"
"CCCGTTTCGCAGATGT-1",4,"L2"
"CCCTAGTGTCAGGTGT-1",6,"L1"
"CCCTATGTAGAGCAGA-1",7,"WM"
"CCCTCATTCTGGAATT-1",3,"L3"
"CCCTCCTCGCTCGTAT-1",4,"L2"
"CCCTCGGGAGCCTTGT-1",6,"L1"
"CCCTGAAATGAGTTGA-1",1,"L6"
"CCCTGACTAACAAATT-1",5,"L5"
"CCCTGCCCAATCCGCT-1",1,"L6"
"CCCTGCGCTACGCATA-1",5,"L5"
"CCCTGGTATGGGCGGC-1",3,"L3"
"CCCTTCTCGTACGCGA-1",6,"L1"
"CCCTTTAATGGAGTTC-1",4,"L2"
"CCCTTTGACAGGTCTT-1",2,"L6/WM boundary"
"CCGAAAGTGGTGAGCA-1",3,"L3"
"CCGAACCTTCCCGGCC-1",1,"L6"
"CCGAAGTATATTGTTC-1",3,"L3"
"CCGACAAACACATGAG-1",6,"L1"
"CCGACAAAGGGAGTGC-1",5,"L5"
"CCGACAATAGGCCGCC-1",4,"L2"
"CCGACGGGCATGAGGT-1",7,"WM"
"CCGACGTAAACACAAC-1",3,"L3"
"CCGACTCGCATAGTCT-1",4,"L2"
"CCGAGAAGTCGCATAA-1",4,"L2"
"CCGAGCTGTGCTTGTC-1",6,"L1"
"CCGAGGGATGTTAGGC-1",4,"L2"
"CCGATCTCAACCTTAT-1",3,"L3"
"CCGATTCGAGGGACCC-1",1,"L6"
"CCGATTGGTCAATGAA-1",6,"L1"
"CCGCACAAAGACCAAC-1",1,"L6"
"CCGCACGTGACCTCGG-1",3,"L3"
"CCGCATGTGGTACGAT-1",1,"L6"
"CCGCCACCACAATCCA-1",4,"L2"
"CCGCCGGAACTTCTCG-1",2,"L6/WM boundary"
"CCGCCGGTCAACACAC-1",3,"L3"
"CCGCCGTTGAGGATAA-1",4,"L2"
"CCGCCTGCGAATTGGT-1",3,"L3"
"CCGCGATTTGGTAGGT-1",5,"L5"
"CCGCGGAATGCGTCAC-1",7,"WM"
"CCGCGGGTACGAAGAA-1",5,"L5"
"CCGCGTAGGTAAGGGC-1",3,"L3"
"CCGCTATCAGCACCAG-1",1,"L6"
"CCGCTCTTCCGAACTA-1",4,"L2"
"CCGCTGGTGCCATTCA-1",3,"L3"
"CCGCTTACCTCACTCT-1",7,"WM"
"CCGCTTCGCGGTTAAC-1",6,"L1"
"CCGCTTGCTGACATGG-1",4,"L2"
"CCGGAATGGTTTCAGT-1",3,"L3"
"CCGGAGCGTACTTTCT-1",1,"L6"
"CCGGCACGACCGTTTC-1",4,"L2"
"CCGGCGCATATTGGAT-1",3,"L3"
"CCGGCGTGAGACTCTG-1",1,"L6"
"CCGGGACCCGCAGAGA-1",3,"L3"
"CCGGGCGGTCTCGTCA-1",5,"L5"
"CCGGGCTAAGAATTTC-1",7,"WM"
"CCGGGCTGCTCCATAC-1",5,"L5"
"CCGGGTTCGAGGTTAC-1",1,"L6"
"CCGGTAATGGCTAGTC-1",4,"L2"
"CCGGTTTGTAATTGTG-1",2,"L6/WM boundary"
"CCGTAAGTTGGTCCCA-1",5,"L5"
"CCGTACCCAAGCGCCA-1",4,"L2"
"CCGTAGGAAATCCCTG-1",3,"L3"
"CCGTAGGGTTGTTTAC-1",4,"L2"
"CCGTATCTCGTCGTAG-1",7,"WM"
"CCGTATTAGCGCAGTT-1",4,"L2"
"CCGTCAACCTCTGGCG-1",7,"WM"
"CCGTGCCCATGACGGC-1",4,"L2"
"CCGTGGAACGATCCAA-1",3,"L3"
"CCGTGTTAAATTCCAT-1",2,"L6/WM boundary"
"CCGTTACGTTAGAACA-1",3,"L3"
"CCGTTCCGAATCTCGG-1",1,"L6"
"CCTAAACAGGGTCCGT-1",6,"L1"
"CCTAAAGGCTGACGCT-1",3,"L3"
"CCTAAATTAACGGTTC-1",1,"L6"
"CCTAAATTGTATCCTA-1",4,"L2"
"CCTAACCCAAACAAGT-1",5,"L5"
"CCTAACTAAGGCTCTA-1",3,"L3"
"CCTAAGTGTCTAACCG-1",6,"L1"
"CCTACAAGTCCGGAAT-1",6,"L1"
"CCTACATTCACAGACG-1",7,"WM"
"CCTACGCGACCTTACA-1",4,"L2"
"CCTACGGCTCAGTCGA-1",3,"L3"
"CCTACTGCTTACACTT-1",3,"L3"
"CCTAGGCGTAGCGATC-1",5,"L5"
"CCTAGGTAAAGGTAGC-1",2,"L6/WM boundary"
"CCTAGTTAGTCGCATG-1",3,"L3"
"CCTATAATGAGTGCCC-1",5,"L5"
"CCTATACCGTCCTGTC-1",7,"WM"
"CCTATATCGTGTCACG-1",7,"WM"
"CCTATATTTGTCCTGG-1",2,"L6/WM boundary"
"CCTATCTATATCGGAA-1",5,"L5"
"CCTATGAAGTGGTGCC-1",4,"L2"
"CCTATGGCTCCTAGTG-1",2,"L6/WM boundary"
"CCTATGGGTTACCGTC-1",1,"L6"
"CCTATGGTCAAAGCTG-1",1,"L6"
"CCTATGTCCACTCCAC-1",3,"L3"
"CCTCACCAATCTTGAC-1",3,"L3"
"CCTCACCTGAGGGAGC-1",3,"L3"
"CCTCACCTTAGCATCG-1",3,"L3"
"CCTCATGCAGCTACGA-1",6,"L1"
"CCTCCCGACAATCCCT-1",3,"L3"
"CCTCCGACAATTCAAG-1",5,"L5"
"CCTCCTAGCTAGAGTC-1",7,"WM"
"CCTCCTGTTGTGTCGT-1",3,"L3"
"CCTCGAAGTGGACGGG-1",5,"L5"
"CCTCGACCCACTGCCT-1",4,"L2"
"CCTCGCCAGCAAATTA-1",5,"L5"
"CCTCGCGCGATATAGG-1",3,"L3"
"CCTCGCGCTGTGCGAT-1",1,"L6"
"CCTCGGACCGGGATAG-1",5,"L5"
"CCTCGGATGCTACCTG-1",3,"L3"
"CCTCGGTTTCCTTGCC-1",2,"L6/WM boundary"
"CCTCTAATCTGCCAAG-1",5,"L5"
"CCTCTACAAGGATTGG-1",7,"WM"
"CCTCTATCGATTAGCA-1",7,"WM"
"CCTCTCTCCCATCTAG-1",1,"L6"
"CCTCTGGCCTAGACGG-1",3,"L3"
"CCTCTGTACTATTCTA-1",1,"L6"
"CCTGAACGATATATTC-1",5,"L5"
"CCTGAATATTTACATA-1",5,"L5"
"CCTGACGCAACCTTTA-1",4,"L2"
"CCTGCGTTCTACGCTT-1",3,"L3"
"CCTGCTATTTGAGAAG-1",5,"L5"
"CCTGGAAACGTTCTGC-1",4,"L2"
"CCTGGCTAGACCCGCC-1",5,"L5"
"CCTGGTCGAATGTGGG-1",5,"L5"
"CCTGTAAGACATGATA-1",1,"L6"
"CCTGTACTCACGCCCA-1",1,"L6"
"CCTGTCACCCGGGCTC-1",1,"L6"
"CCTGTCCCTCACGTTA-1",4,"L2"
"CCTGTCGCCCGTAAAT-1",1,"L6"
"CCTGTGCATAGGAGAC-1",6,"L1"
"CCTGTGCGGATTGTAA-1",6,"L1"
"CCTGTTTGAAGACACG-1",3,"L3"
"CCTTCAGTTAAAGTGA-1",2,"L6/WM boundary"
"CCTTCGTATAGAATCC-1",2,"L6/WM boundary"
"CCTTCTCAGCGTTCCT-1",1,"L6"
"CCTTCTTGATCCAGTG-1",5,"L5"
"CCTTGACCACTTTATT-1",4,"L2"
"CCTTTAAGGGAGCACT-1",2,"L6/WM boundary"
"CCTTTCAATGAAGAAA-1",3,"L3"
"CCTTTGAATTATGGCT-1",7,"WM"
"CGAAACATAGATGGCA-1",3,"L3"
"CGAAACGCAATTCATG-1",1,"L6"
"CGAACAGTATGGGCGT-1",3,"L3"
"CGAACCCGCATGCGTC-1",2,"L6/WM boundary"
"CGAACGCCCAGTGCCG-1",5,"L5"
"CGAACGGCCGGACAAC-1",2,"L6/WM boundary"
"CGAAGACTGCCCGGGA-1",6,"L1"
"CGAAGCTATAAATTCA-1",4,"L2"
"CGAAGGGTTTCAGATT-1",7,"WM"
"CGAAGTTGCTCTGTGT-1",5,"L5"
"CGAATCTGCTCGACGC-1",2,"L6/WM boundary"
"CGAATGAAGTCATTGC-1",7,"WM"
"CGAATGACGCATAATG-1",1,"L6"
"CGAATTACATGGTGTT-1",4,"L2"
"CGACAATTTGATCTAA-1",3,"L3"
"CGACACGCTCCGACAG-1",3,"L3"
"CGACAGTTCGCGTTAT-1",1,"L6"
"CGACATGCGATCTTCT-1",4,"L2"
"CGACCCTTAACGCCGG-1",2,"L6/WM boundary"
"CGACGCATCCGTACCT-1",2,"L6/WM boundary"
"CGACTCAGGATGTTAT-1",5,"L5"
"CGACTTTGTATAGCCT-1",4,"L2"
"CGAGACCCTAGAGTGT-1",1,"L6"
"CGAGAGATGTGAACCT-1",1,"L6"
"CGAGAGCGCGTAGATA-1",1,"L6"
"CGAGAGCTTTCACTAC-1",3,"L3"
"CGAGAGGGTAGCCGCG-1",4,"L2"
"CGAGATGTTGCCTATA-1",6,"L1"
"CGAGATTTCGCTCGGG-1",4,"L2"
"CGAGCACTTCAAGTTT-1",3,"L3"
"CGAGCGTTGATCAGCC-1",4,"L2"
"CGAGCTGGGCTTTAGG-1",5,"L5"
"CGAGGCCAGGCATTGG-1",4,"L2"
"CGAGGCTAAATATGGC-1",1,"L6"
"CGAGGGACTGCGGTCG-1",5,"L5"
"CGAGGGTATCCAGGTG-1",1,"L6"
"CGAGTACTAAAGAGGA-1",2,"L6/WM boundary"
"CGAGTGAAGGTACCAG-1",2,"L6/WM boundary"
"CGAGTGCTATAGTTCG-1",4,"L2"
"CGAGTTCTGTCCCACC-1",5,"L5"
"CGAGTTTATCGGACTG-1",3,"L3"
"CGATAATACTCAGGTT-1",4,"L2"
"CGATACCTCGCGGACA-1",2,"L6/WM boundary"
"CGATAGCGATACAGTG-1",7,"WM"
"CGATAGTCGTACTGCA-1",3,"L3"
"CGATATTAGCCGCAGG-1",6,"L1"
"CGATCCGACCCAGTGC-1",1,"L6"
"CGATCCTCGCAACATA-1",7,"WM"
"CGATCTGTTGGAGGAC-1",2,"L6/WM boundary"
"CGATGGACCCTACGCC-1",3,"L3"
"CGATGTTGTTATCTAC-1",7,"WM"
"CGATTAAATATCTCCT-1",1,"L6"
"CGATTCGCCTGGCTGC-1",5,"L5"
"CGCAAACACGAGTTAC-1",5,"L5"
"CGCAATTACTTTCGGT-1",3,"L3"
"CGCAATTAGGGTAATA-1",5,"L5"
"CGCAATTCTACAATAA-1",3,"L3"
"CGCACATGTCCACTAC-1",5,"L5"
"CGCACGTCTGTTTATG-1",7,"WM"
"CGCACGTGCGCTATCA-1",3,"L3"
"CGCAGAAACATTTGCG-1",4,"L2"
"CGCAGATCTTCACCCG-1",4,"L2"
"CGCAGGCGATCCAAAC-1",3,"L3"
"CGCATCATGGCTTCAG-1",3,"L3"
"CGCATGGTGCGATGCT-1",1,"L6"
"CGCATTAGCTAATAGG-1",1,"L6"
"CGCCAAGAAGCCGAGT-1",1,"L6"
"CGCCACAGGTCGCGAT-1",2,"L6/WM boundary"
"CGCCACCCGCATTAAC-1",6,"L1"
"CGCCATCCGATTATGA-1",5,"L5"
"CGCCCAGCACGCCTAG-1",2,"L6/WM boundary"
"CGCCCAGCGTTTCACG-1",3,"L3"
"CGCCCGCTTCCGTACA-1",5,"L5"
"CGCCCTAATTGTTCAA-1",7,"WM"
"CGCCCTTACATCCACC-1",6,"L1"
"CGCCCTTGAAGGCTGA-1",3,"L3"
"CGCCGCCCATGCCTGT-1",5,"L5"
"CGCCGCGTTCTGAACG-1",2,"L6/WM boundary"
"CGCCGTTCAGCATAGT-1",4,"L2"
"CGCCTCCCTCCTCTAT-1",1,"L6"
"CGCCTGGCCTACGTAA-1",1,"L6"
"CGCCTTTAGCATGCTC-1",4,"L2"
"CGCGAAGTGGCATACT-1",4,"L2"
"CGCGACCGCGACAGAT-1",5,"L5"
"CGCGAGAGGGACTTGT-1",4,"L2"
"CGCGAGTCTGCCGGGT-1",7,"WM"
"CGCGCAAATGTCCAGA-1",7,"WM"
"CGCGCAAGGAACTACA-1",6,"L1"
"CGCGCATGTTTGATTG-1",2,"L6/WM boundary"
"CGCGCCCGACTTAATA-1",5,"L5"
"CGCGGCTCAACTTGAA-1",3,"L3"
"CGCGGGAATTAGGCAG-1",5,"L5"
"CGCGGTCACAAACCAA-1",4,"L2"
"CGCGTCATATTAAACC-1",4,"L2"
"CGCGTGCTATCAACGA-1",6,"L1"
"CGCGTTCATGAAATAC-1",1,"L6"
"CGCTACGGGACATTTA-1",1,"L6"
"CGCTAGAGACCGCTGC-1",3,"L3"
"CGCTATACCGCCCACT-1",4,"L2"
"CGCTATTCAATGTATG-1",3,"L3"
"CGCTATTCTTAGGCTC-1",1,"L6"
"CGCTCGACATAATGAT-1",5,"L5"
"CGCTCTCCGTAGATTA-1",1,"L6"
"CGCTGAGGACGTCCAA-1",6,"L1"
"CGCTGGTGACTACCCT-1",3,"L3"
"CGCTGTGACGCCGCAC-1",5,"L5"
"CGCTGTGTGGATGTTG-1",7,"WM"
"CGCTTAGTATTGATAC-1",2,"L6/WM boundary"
"CGCTTATTCCCGGTCG-1",1,"L6"
"CGCTTCCACTGAAATC-1",3,"L3"
"CGCTTCGGTCTAAGAC-1",3,"L3"
"CGCTTTCATACCGGTG-1",3,"L3"
"CGCTTTCTTGCATTCG-1",5,"L5"
"CGGAAAGAATCAAACG-1",2,"L6/WM boundary"
"CGGAAATTTCACATCC-1",4,"L2"
"CGGAACGTAAACATAG-1",2,"L6/WM boundary"
"CGGAGCAATTTAATCG-1",1,"L6"
"CGGAGCATGGCGATCC-1",1,"L6"
"CGGAGCTTATAACACC-1",3,"L3"
"CGGAGTTTGAGAGACA-1",5,"L5"
"CGGATAAGCGGACATG-1",4,"L2"
"CGGATCCTCAAGGACT-1",5,"L5"
"CGGCAAACATCGTGCG-1",1,"L6"
"CGGCAATAAGATCGCC-1",4,"L2"
"CGGCACCGTTAGCGCC-1",3,"L3"
"CGGCACTCAAGAAAGT-1",4,"L2"
"CGGCAGGGTCGGGTTG-1",3,"L3"
"CGGCCACGCACAAAGT-1",1,"L6"
"CGGCCAGAGCGACCAT-1",2,"L6/WM boundary"
"CGGCCCAACCTGTAGT-1",4,"L2"
"CGGCCCAGGTATATCC-1",3,"L3"
"CGGCGCCATCAATCCC-1",3,"L3"
"CGGCTCTAAAGCTGCA-1",4,"L2"
"CGGCTCTTCGTCGAAC-1",3,"L3"
"CGGCTGCAAGATTAAG-1",4,"L2"
"CGGCTTTGTATGATAA-1",4,"L2"
"CGGGAATATAGTATAC-1",4,"L2"
"CGGGAATTTATGTAAA-1",1,"L6"
"CGGGAGCTTCAGTGTA-1",3,"L3"
"CGGGAGTATACCGCCG-1",4,"L2"
"CGGGATCAATGTAAGA-1",5,"L5"
"CGGGCAGCTAAACCGC-1",1,"L6"
"CGGGCCATAGCCGCAC-1",6,"L1"
"CGGGCCTTCTTTGTAA-1",2,"L6/WM boundary"
"CGGGTGTACCCATTTA-1",5,"L5"
"CGGGTTCGGCACGTAT-1",6,"L1"
"CGGGTTGTAGCTTTGG-1",6,"L1"
"CGGGTTTGTTAGGGCT-1",6,"L1"
"CGGTACTAGAATCAAA-1",5,"L5"
"CGGTAGAGGTGCAGGT-1",3,"L3"
"CGGTATAGGTATTAGC-1",4,"L2"
"CGGTCAAGTGGGAACC-1",5,"L5"
"CGGTCCGTCGCAAGCC-1",2,"L6/WM boundary"
"CGGTCTATCAACCCGT-1",5,"L5"
"CGGTGAAGACTAAAGT-1",5,"L5"
"CGGTGCAGATAGAACG-1",2,"L6/WM boundary"
"CGGTGCGCGTTGGTCC-1",7,"WM"
"CGGTGGGCTCCAGCCT-1",3,"L3"
"CGGTGTACTTGATCCC-1",3,"L3"
"CGGTTATCCAACAGTG-1",3,"L3"
"CGGTTCAAGTAGGTGT-1",3,"L3"
"CGGTTCCGGCTTCTTG-1",6,"L1"
"CGGTTGACCTGGCATA-1",1,"L6"
"CGGTTGAGTATCCTTC-1",7,"WM"
"CGGTTGGGTTCAAGTT-1",4,"L2"
"CGGTTTATGAAGGAAC-1",4,"L2"
"CGTAAACGCTTGAGTG-1",6,"L1"
"CGTAACTTCGACACTT-1",2,"L6/WM boundary"
"CGTACCTGATAGGCCT-1",5,"L5"
"CGTAGAGAGTAATTAT-1",3,"L3"
"CGTAGCGAATTGTCAG-1",3,"L3"
"CGTAGCGCCGACGTTG-1",4,"L2"
"CGTATTAAGAGATCTA-1",1,"L6"
"CGTCAAGGCTATAAAT-1",3,"L3"
"CGTCACGTCCATTGGT-1",2,"L6/WM boundary"
"CGTCAGTGCGCACAAG-1",4,"L2"
"CGTCAGTTTATCGTCT-1",6,"L1"
"CGTCATACCATATCCA-1",3,"L3"
"CGTCGCATGTGAGCCA-1",5,"L5"
"CGTCGCGGCGGGATTT-1",6,"L1"
"CGTCGCTTGGTTATAC-1",7,"WM"
"CGTCGGATAGTGTTGA-1",3,"L3"
"CGTCGGGTCTAAGCGC-1",7,"WM"
"CGTCGTCCTTCGCGAA-1",5,"L5"
"CGTCTGGAAGGGCCCG-1",5,"L5"
"CGTGAAGTTAATTCAC-1",2,"L6/WM boundary"
"CGTGACATTGGGTCGT-1",3,"L3"
"CGTGACCAGTCCTCTG-1",1,"L6"
"CGTGCAGACTGGGACA-1",1,"L6"
"CGTGCATTGTCGACGC-1",1,"L6"
"CGTGCCCGACATTTGT-1",6,"L1"
"CGTGCCCTCCCGAAGA-1",5,"L5"
"CGTGCTTCTACCTAAA-1",7,"WM"
"CGTGGCCGAATATCTA-1",3,"L3"
"CGTGGTACCCAAAGGC-1",7,"WM"
"CGTGTCCCATTCGCGA-1",5,"L5"
"CGTGTCTCGTTACGAC-1",7,"WM"
"CGTGTGTTAAACCCTG-1",4,"L2"
"CGTTAAACTAGTTAGG-1",4,"L2"
"CGTTAATGTCCCGACG-1",3,"L3"
"CGTTAGCTCACAACTG-1",3,"L3"
"CGTTCAGACCCGCGAA-1",1,"L6"
"CGTTCATGGTGCGCGT-1",2,"L6/WM boundary"
"CGTTCTTCGCACACCT-1",4,"L2"
"CGTTGAATACCGCGCT-1",5,"L5"
"CGTTGAGCGACCGTCG-1",1,"L6"
"CGTTGAGTAATTGCGT-1",4,"L2"
"CGTTGCCCGCGTGGGA-1",2,"L6/WM boundary"
"CGTTGTAAACGTCAGG-1",4,"L2"
"CGTTGTAAGATTGATT-1",4,"L2"
"CGTTGTCGGCAATTGA-1",5,"L5"
"CGTTGTTTCAATTCCC-1",1,"L6"
"CGTTTAAGCGGAGCAC-1",3,"L3"
"CGTTTCACTTCGGGCG-1",3,"L3"
"CGTTTCGCTCATTACA-1",1,"L6"
"CGTTTGTGTAGAGGGT-1",7,"WM"
"CTAAACGGGTGTAATC-1",6,"L1"
"CTAAAGAATGCCTACT-1",1,"L6"
"CTAAAGGGAAATAGGA-1",1,"L6"
"CTAAAGTCCGAAGCTA-1",6,"L1"
"CTAAATCCGGTGTACA-1",7,"WM"
"CTAAATCCTATTCCGG-1",5,"L5"
"CTAACCGCGCGCCCGT-1",1,"L6"
"CTAACGAAACTTGCTG-1",3,"L3"
"CTAACTGATAATCGCC-1",4,"L2"
"CTAACTGGTCCGGTTC-1",7,"WM"
"CTAAGGGAATGATTGG-1",1,"L6"
"CTAAGTACAGGGCTAC-1",6,"L1"
"CTAATTCGCACGCGCT-1",5,"L5"
"CTAATTCTCAGATATT-1",4,"L2"
"CTAATTTCAACAACAC-1",3,"L3"
"CTACAAGAAATAACCC-1",7,"WM"
"CTACACTAGCTTGTTC-1",6,"L1"
"CTACACTCGCAGATGG-1",4,"L2"
"CTACATATCGCGGGAC-1",7,"WM"
"CTACCCTAAGGTCATA-1",5,"L5"
"CTACGAACTAGGTCGA-1",4,"L2"
"CTACGACTAGCTATAA-1",1,"L6"
"CTACGATCCTATCCTA-1",7,"WM"
"CTACGCACGGAGTACC-1",1,"L6"
"CTACGCCATTTCCGAT-1",3,"L3"
"CTACGTGTTGCCACCA-1",6,"L1"
"CTACTATCATAGGTTT-1",7,"WM"
"CTACTATCTTTCAGAG-1",5,"L5"
"CTACTCAAGGTATAGT-1",2,"L6/WM boundary"
"CTACTCTAGGCCCGGC-1",5,"L5"
"CTACTGCCACCTGACC-1",1,"L6"
"CTAGACATATATGTAG-1",6,"L1"
"CTAGACTGCATTTCGT-1",4,"L2"
"CTAGATAAACTCCTCG-1",6,"L1"
"CTAGATGTGAGTGTAA-1",3,"L3"
"CTAGATTTACGACGGC-1",1,"L6"
"CTAGCAACTAATTTAC-1",6,"L1"
"CTAGCATAGTATAATG-1",1,"L6"
"CTAGCCGATGTTATGA-1",3,"L3"
"CTAGGCGCCCTATCAG-1",3,"L3"
"CTAGGGATAGGGACAA-1",2,"L6/WM boundary"
"CTAGGTCTGAAGGAAT-1",3,"L3"
"CTAGGTTCGGACGTGA-1",5,"L5"
"CTAGTAGAAAGGGATT-1",5,"L5"
"CTAGTATTCGGAATTA-1",3,"L3"
"CTAGTCACGTCTTAAG-1",1,"L6"
"CTAGTGAAGGACAGGA-1",1,"L6"
"CTAGTTACAACCCGGT-1",1,"L6"
"CTAGTTGGGCCCGGTA-1",5,"L5"
"CTATAAGAGCCAATCG-1",3,"L3"
"CTATAGGCGTTGATGT-1",7,"WM"
"CTATCGACGAAATACA-1",3,"L3"
"CTATCGGGTCTCAACA-1",1,"L6"
"CTATGCCCGAATGCAA-1",1,"L6"
"CTATGGGAAGCGGAAT-1",4,"L2"
"CTATGTCACTAGCCCA-1",1,"L6"
"CTATGTCTATTGAAAC-1",3,"L3"
"CTATGTGAGTCACGGC-1",1,"L6"
"CTATTCATGTGTCCCA-1",1,"L6"
"CTATTGTGTTTGGTCA-1",4,"L2"
"CTATTTGCTTGGAGGA-1",2,"L6/WM boundary"
"CTATTTGGTTACGGAT-1",5,"L5"
"CTCAAACCACTGCCCG-1",7,"WM"
"CTCAACTAACCCGGAT-1",3,"L3"
"CTCAAGACATTAGCGC-1",4,"L2"
"CTCACATTTACTAAAT-1",5,"L5"
"CTCACTGTGATACTTA-1",5,"L5"
"CTCACTTGGCTGGTAA-1",1,"L6"
"CTCAGGACTCACCTGT-1",4,"L2"
"CTCAGTCACGACAAAT-1",3,"L3"
"CTCATAAATGTGTATA-1",6,"L1"
"CTCATGGCTCACAATC-1",3,"L3"
"CTCATGGTAATTTGCG-1",7,"WM"
"CTCATTGCTCTAACAA-1",5,"L5"
"CTCATTTGATGGGCGG-1",5,"L5"
"CTCCCAATGAGTCGCG-1",6,"L1"
"CTCCCTCCTTTCGATC-1",7,"WM"
"CTCCGCCCACATGAGG-1",2,"L6/WM boundary"
"CTCCGGCCTAATATGC-1",5,"L5"
"CTCCGGCTTGTAGACA-1",4,"L2"
"CTCCTAAGTTATGTCT-1",4,"L2"
"CTCCTCCAGCTCACAC-1",2,"L6/WM boundary"
"CTCCTGTTCAAGGCAG-1",6,"L1"
"CTCCTTTACGCAAGTC-1",4,"L2"
"CTCGAATGGAACGTAT-1",4,"L2"
"CTCGAGGTCGAACAGT-1",1,"L6"
"CTCGATATTTGCGAGC-1",3,"L3"
"CTCGCACCTATATAGT-1",5,"L5"
"CTCGCATTGCATAGCC-1",7,"WM"
"CTCGCCGAATGTAGGG-1",1,"L6"
"CTCGGGCATCGTCGGG-1",6,"L1"
"CTCGGGTTCTCTGGCC-1",7,"WM"
"CTCGGTACCACTGCTC-1",5,"L5"
"CTCGGTCCGTAGCCTG-1",3,"L3"
"CTCGGTTGTCGGCCCT-1",7,"WM"
"CTCGTCGAGGGCTCAT-1",7,"WM"
"CTCGTTACGGCTACCA-1",2,"L6/WM boundary"
"CTCGTTTCTAATGTTT-1",3,"L3"
"CTCTAATGCATTGATC-1",4,"L2"
"CTCTACACTGGCGATT-1",1,"L6"
"CTCTAGCCCTCGGAAA-1",3,"L3"
"CTCTATTTGGCTGCAG-1",1,"L6"
"CTCTCACAATCGATGA-1",1,"L6"
"CTCTCGATGTGCGCCT-1",4,"L2"
"CTCTCTAACTGCCTAG-1",7,"WM"
"CTCTGCGAAGCAAGCA-1",6,"L1"
"CTCTGGACGCCTGGTG-1",1,"L6"
"CTCTGTTTGAGGATTC-1",5,"L5"
"CTCTTCTATTGACTGG-1",3,"L3"
"CTCTTCTGGAAGTTAG-1",7,"WM"
"CTGAAAGAGATCCGAC-1",5,"L5"
"CTGAATCCGAGACCTC-1",2,"L6/WM boundary"
"CTGAATTTATTGCCAG-1",4,"L2"
"CTGACATAGAAATAGA-1",6,"L1"
"CTGACTGCGCAGCTCG-1",3,"L3"
"CTGAGAAAGTTCGGCG-1",4,"L2"
"CTGAGCAAGTAACAAG-1",4,"L2"
"CTGATAGTGTATCTCA-1",3,"L3"
"CTGCAAATGGGCTCCA-1",6,"L1"
"CTGCAAGCACGTTCCG-1",4,"L2"
"CTGCACAACTACATAT-1",5,"L5"
"CTGCACCTGGAACCGC-1",3,"L3"
"CTGCACTCCAGTACAG-1",1,"L6"
"CTGCAGAGAATCAGAG-1",4,"L2"
"CTGCCAAGGTTGGAAG-1",5,"L5"
"CTGCCATGCATCACAT-1",1,"L6"
"CTGCCTAGCCACCAAG-1",3,"L3"
"CTGCCTTTAATACCTT-1",7,"WM"
"CTGCCTTTCTAGTAAA-1",3,"L3"
"CTGCGGGTGAAATGTT-1",5,"L5"
"CTGCGGTAGTCACGTG-1",4,"L2"
"CTGCGTTACGATATAA-1",3,"L3"
"CTGCTGAGGCCACGAA-1",7,"WM"
"CTGCTGTCTAACGAGC-1",6,"L1"
"CTGCTTGGCGATAGCT-1",5,"L5"
"CTGCTTTATGTCCGCG-1",4,"L2"
"CTGGAAATGGATGCTT-1",1,"L6"
"CTGGAAGACACGGTGG-1",3,"L3"
"CTGGACGCAGTCCGGC-1",2,"L6/WM boundary"
"CTGGATTTACACTTGA-1",2,"L6/WM boundary"
"CTGGCATCCGAATGAG-1",7,"WM"
"CTGGCGACATAAGTCC-1",3,"L3"
"CTGGCGATTTACATGT-1",6,"L1"
"CTGGCGCACAGGTCTG-1",5,"L5"
"CTGGCGGGAATAAGTA-1",3,"L3"
"CTGGCTCCTGCGGGAT-1",6,"L1"
"CTGGCTGATTCATCCT-1",3,"L3"
"CTGGCTGCTAACGTAA-1",6,"L1"
"CTGGCTGGTTGTCAGT-1",2,"L6/WM boundary"
"CTGGGATAAATAATGG-1",5,"L5"
"CTGGGATACGCTACCC-1",4,"L2"
"CTGGGATCGCCCAGAT-1",6,"L1"
"CTGGGCACTAGTCGGA-1",6,"L1"
"CTGGGCCTGCTATATC-1",2,"L6/WM boundary"
"CTGGGCGGCCAAATGT-1",4,"L2"
"CTGGGTAGGCAGTTAA-1",5,"L5"
"CTGGGTTGAGTTAAAG-1",2,"L6/WM boundary"
"CTGGTAAAGTGTGGGC-1",6,"L1"
"CTGGTAACACATAGAA-1",5,"L5"
"CTGGTAACGAGCTCTT-1",3,"L3"
"CTGGTCATTCCAATCC-1",3,"L3"
"CTGGTCCTAACTTGGC-1",4,"L2"
"CTGGTGAATGGGCCTA-1",7,"WM"
"CTGGTTCAACGCATCA-1",6,"L1"
"CTGGTTTCGAGCAAGA-1",5,"L5"
"CTGTACTTCTTAGCAT-1",1,"L6"
"CTGTAGCCATCTCACT-1",7,"WM"
"CTGTAGTGAGGATCGA-1",2,"L6/WM boundary"
"CTGTATGGTGTAGAAA-1",3,"L3"
"CTGTCAAATGGCTCGG-1",5,"L5"
"CTGTCACGCCAGGCGC-1",4,"L2"
"CTGTGCAGGGTAGGTC-1",1,"L6"
"CTGTGGTCGGGAGATA-1",3,"L3"
"CTGTTACCCAATCTAG-1",2,"L6/WM boundary"
"CTGTTCACTGCCTGTG-1",5,"L5"
"CTGTTCATCTCACGGG-1",3,"L3"
"CTGTTGTTCAGTCGTA-1",7,"WM"
"CTTAACTTCGAAGTAC-1",3,"L3"
"CTTACACGGTATTCCA-1",1,"L6"
"CTTACACTGGGAAATA-1",3,"L3"
"CTTAGCCTTCCACATG-1",5,"L5"
"CTTAGGTATAGACCAG-1",7,"WM"
"CTTAGTAGGCCTACAG-1",3,"L3"
"CTTAGTGTAGTAGCAT-1",5,"L5"
"CTTAGTTGAGGAATCG-1",7,"WM"
"CTTATGCGCTCAGGGC-1",1,"L6"
"CTTATGTTGACTACCA-1",4,"L2"
"CTTCAACTCCACTTGG-1",5,"L5"
"CTTCAGTGGTCGCCTA-1",7,"WM"
"CTTCATAGCTCAAGAA-1",3,"L3"
"CTTCATTGTCAGTGGA-1",1,"L6"
"CTTCCGCTCCGTGAAG-1",2,"L6/WM boundary"
"CTTCCTGCATATTTAC-1",6,"L1"
"CTTCGGCCAATTGTTT-1",4,"L2"
"CTTCGTAGATAGGTGA-1",1,"L6"
"CTTCGTGCCCGCATCG-1",6,"L1"
"CTTCTATGTTGAAGTA-1",2,"L6/WM boundary"
"CTTCTATTAATGCTAG-1",7,"WM"
"CTTCTGGGCGTACCTA-1",7,"WM"
"CTTCTTACGTCGTATA-1",3,"L3"
"CTTGACCCGAAAGATA-1",4,"L2"
"CTTGAGTTAGGGTAAT-1",5,"L5"
"CTTGCCCAGGCTCTAC-1",2,"L6/WM boundary"
"CTTGGCCAAGCTGGGA-1",1,"L6"
"CTTGTACTTGTTGACT-1",5,"L5"
"CTTGTCAACATTCGAG-1",1,"L6"
"CTTGTCGTACGTGTCA-1",6,"L1"
"CTTGTGAGGACAGCGG-1",6,"L1"
"CTTGTGAGTCTTTGAC-1",6,"L1"
"CTTGTGCTCACCGATT-1",3,"L3"
"CTTGTTGCTGAGTCAA-1",5,"L5"
"CTTGTTTATGTAGCCA-1",3,"L3"
"CTTTAACTTTCAAAGG-1",5,"L5"
"CTTTAATATTGGTCGA-1",1,"L6"
"CTTTACCGAATAGTAG-1",5,"L5"
"CTTTAGGAACACTGTT-1",5,"L5"
"CTTTAGTGCTATTATT-1",1,"L6"
"CTTTCTGTGCGGGCTT-1",1,"L6"
"CTTTGAAACATATTCC-1",6,"L1"
"CTTTGCATCGCTCTTG-1",3,"L3"
"CTTTGGCGCTTTATAC-1",5,"L5"
"CTTTGGCTTTAGTAAA-1",1,"L6"
"CTTTGGGATTGTTGCA-1",2,"L6/WM boundary"
"CTTTGTCGAATGCTCC-1",7,"WM"
"GAAACAGATGACCACC-1",3,"L3"
"GAAACAGCCATGCAGT-1",3,"L3"
"GAAACATAGGAAACAG-1",7,"WM"
"GAAACCATGGTGCGCT-1",4,"L2"
"GAAACCGAATTACCTT-1",2,"L6/WM boundary"
"GAAACCTATACAAATG-1",2,"L6/WM boundary"
"GAAACTCGTGCGATGC-1",3,"L3"
"GAAACTCTAATGAAGG-1",3,"L3"
"GAAAGAACAGCGTTAT-1",3,"L3"
"GAAAGCAGTGCACTTT-1",2,"L6/WM boundary"
"GAAAGCCCTTTGGACC-1",5,"L5"
"GAAAGTGACTAACTGC-1",3,"L3"
"GAAATACCTGCTGGCT-1",3,"L3"
"GAAATACTAAACGTTT-1",4,"L2"
"GAAATATCACCATCAG-1",5,"L5"
"GAAATATGCTTGAATG-1",4,"L2"
"GAAATCGCGCGCAACT-1",5,"L5"
"GAAATGGCGGTGTTAG-1",1,"L6"
"GAAATGGGATGTAAAC-1",6,"L1"
"GAAATTAGCACGGATA-1",3,"L3"
"GAAATTCACATCGCTG-1",3,"L3"
"GAAATTGTCTCTATAA-1",2,"L6/WM boundary"
"GAACAACTGGGATGAA-1",3,"L3"
"GAACACACATCAACCA-1",5,"L5"
"GAACAGATTACTAAAT-1",5,"L5"
"GAACCATCTGGGAGAC-1",6,"L1"
"GAACCCTCTGTGTTCT-1",1,"L6"
"GAACCTCGACCTACAC-1",5,"L5"
"GAACCTTTAACGATCC-1",5,"L5"
"GAACGACCGAATGATA-1",5,"L5"
"GAACGCGGGTCACACG-1",4,"L2"
"GAACGTCTCATGGTCG-1",5,"L5"
"GAACGTTAGGAAGACG-1",5,"L5"
"GAACTGTGGAGAGACA-1",1,"L6"
"GAACTTAGCGCCCGGT-1",6,"L1"
"GAAGAAACGATATTGT-1",7,"WM"
"GAAGAACGGTGCAGGT-1",4,"L2"
"GAAGACTTCAATGCCG-1",4,"L2"
"GAAGCAAGGCAATGTT-1",6,"L1"
"GAAGCCACTGATTATG-1",5,"L5"
"GAAGCCTGCACATTCC-1",1,"L6"
"GAAGCGTGAGGAATTT-1",1,"L6"
"GAAGCTCGGACCCGTC-1",7,"WM"
"GAAGCTTGCTGACCGC-1",5,"L5"
"GAAGGACTAAATTGAA-1",6,"L1"
"GAAGGAGTCGAGTGCG-1",1,"L6"
"GAAGGGCATAACCATG-1",6,"L1"
"GAAGTCAGTTGCACTA-1",1,"L6"
"GAAGTCTCCCTAGCGA-1",5,"L5"
"GAAGTGATTTATCGTG-1",2,"L6/WM boundary"
"GAAGTGCTGGATAGCT-1",3,"L3"
"GAAGTTTCCACTCAAT-1",1,"L6"
"GAATAGACGCGACCCA-1",3,"L3"
"GAATAGCATTTAGGGT-1",4,"L2"
"GAATAGCCCTGCGGTC-1",4,"L2"
"GAATAGTGCTCGATTA-1",7,"WM"
"GAATATTCGGAGTCCC-1",3,"L3"
"GAATCGACATGGTCAC-1",5,"L5"
"GAATCGCCGGACACGG-1",4,"L2"
"GAATCTATACTCGGAC-1",4,"L2"
"GAATCTGAACATTCTC-1",1,"L6"
"GAATGCCGAAATGACC-1",3,"L3"
"GAATGCGAATCGGTTC-1",5,"L5"
"GAATGTATGGCAGGTC-1",3,"L3"
"GAATGTGGTCCGGATT-1",5,"L5"
"GAATGTTGGGTAATCT-1",5,"L5"
"GAATTATAGTGAAAGG-1",1,"L6"
"GAATTCACCCGGGTGT-1",2,"L6/WM boundary"
"GAATTTCTCGCTGCAG-1",3,"L3"
"GACAAACATATGCAGG-1",3,"L3"
"GACAACGACCATTGAA-1",5,"L5"
"GACAACGCAGCTTACG-1",5,"L5"
"GACAAGAGATGAGATT-1",6,"L1"
"GACACAAGGGAAGAAA-1",1,"L6"
"GACACGAGTTAGAGGA-1",3,"L3"
"GACACTGAGTTCAGTG-1",2,"L6/WM boundary"
"GACACTGGAACCCGAT-1",4,"L2"
"GACAGATTTCTGGCTC-1",1,"L6"
"GACAGCCAGACCTGAC-1",5,"L5"
"GACAGGCACACACTAT-1",1,"L6"
"GACATCCGTCGAACTG-1",5,"L5"
"GACATCGATTTATAAC-1",2,"L6/WM boundary"
"GACCAAACGTTGACTG-1",4,"L2"
"GACCAGAGCCCTGTAG-1",1,"L6"
"GACCAGGTCATTCATA-1",4,"L2"
"GACCCAATTATGATAC-1",7,"WM"
"GACCCGTCGCCGGCTA-1",4,"L2"
"GACCGACGTGAAAGCA-1",4,"L2"
"GACCGACTGAAGCGTC-1",5,"L5"
"GACCGATTAAATATGT-1",7,"WM"
"GACCGCGTCTGACGTG-1",4,"L2"
"GACCGTCAGGTCGTGA-1",3,"L3"
"GACCGTGCTGACGGTG-1",2,"L6/WM boundary"
"GACCTTCCACGTCTAC-1",5,"L5"
"GACGACGATCCGCGTT-1",5,"L5"
"GACGAGGCTAATAAAC-1",4,"L2"
"GACGCATACCCGTCGG-1",7,"WM"
"GACGCCGTAAAGGCTA-1",2,"L6/WM boundary"
"GACGCCTGTTGCAGGG-1",4,"L2"
"GACGCTTGCTTCTAAA-1",1,"L6"
"GACGGACCGCGTTCCT-1",4,"L2"
"GACGGGATGTCTTATG-1",6,"L1"
"GACGGGTTGGCCCGTA-1",2,"L6/WM boundary"
"GACGGTCAATAGAAGC-1",3,"L3"
"GACGTGAGACTCCATG-1",6,"L1"
"GACTAACACAGCACCT-1",4,"L2"
"GACTAAGATCATGCAC-1",5,"L5"
"GACTAAGTAGGCTCAC-1",5,"L5"
"GACTACAAAGCGGTGG-1",7,"WM"
"GACTACAATTGCTCGT-1",3,"L3"
"GACTAGGCCGTTAGGT-1",5,"L5"
"GACTCACCCACGTGAG-1",3,"L3"
"GACTCCCAGAATAAGG-1",4,"L2"
"GACTCCTTCCAATTGA-1",7,"WM"
"GACTCGCGGGAATGAC-1",3,"L3"
"GACTCGGTCGGCGGAT-1",6,"L1"
"GACTGATTGGTCACAA-1",4,"L2"
"GACTGCAAATCGAGCT-1",5,"L5"
"GACTGCACCAGCCCAG-1",5,"L5"
"GACTGCGGCACGTGTA-1",3,"L3"
"GACTGCTGGTGAGAAA-1",7,"WM"
"GACTGGGCGCCGCAAC-1",4,"L2"
"GAGACTGATGGGTAGA-1",1,"L6"
"GAGACTTCGCGACCGA-1",2,"L6/WM boundary"
"GAGAGGGCGCGAGGTT-1",1,"L6"
"GAGAGGTGCATTCTGG-1",2,"L6/WM boundary"
"GAGAGTCTCGGGAGAG-1",2,"L6/WM boundary"
"GAGATCTGCTTGGCAT-1",1,"L6"
"GAGATCTGTCACTCCG-1",1,"L6"
"GAGATCTTCCATGACA-1",1,"L6"
"GAGATGGGAGTCGACA-1",5,"L5"
"GAGCACCTGTGTCCAG-1",5,"L5"
"GAGCATCAACAACTTG-1",7,"WM"
"GAGCATCATCCCTGGG-1",4,"L2"
"GAGCCACGGTAGTAGG-1",4,"L2"
"GAGCCAGCTACCTGTG-1",3,"L3"
"GAGCCGAGCGTTTATT-1",4,"L2"
"GAGCGAGGGAGTACCG-1",3,"L3"
"GAGCGCAAATACTCCG-1",4,"L2"
"GAGCGCGCACGAGTAG-1",3,"L3"
"GAGCGCTGTTAGGTAA-1",7,"WM"
"GAGCGGAATGCGGTGT-1",2,"L6/WM boundary"
"GAGCTAAGGGCATATC-1",5,"L5"
"GAGCTCTCGGACCTAA-1",4,"L2"
"GAGCTGTCGTCTCGGA-1",4,"L2"
"GAGGAATGGAGAGGTT-1",3,"L3"
"GAGGAGTAATTCCTAC-1",6,"L1"
"GAGGATAAACAGTGCT-1",4,"L2"
"GAGGCCCGACTCCGCA-1",7,"WM"
"GAGGCCTGTTGATACA-1",4,"L2"
"GAGGCTATCAAAGTCG-1",5,"L5"
"GAGGGAGTCAGATCGC-1",7,"WM"
"GAGGGCATCGCGTATC-1",4,"L2"
"GAGGGCGCAGCTCTGC-1",5,"L5"
"GAGGGTAGTAACAAAG-1",7,"WM"
"GAGGTACATCCATCTT-1",3,"L3"
"GAGGTACGCGTGTCCC-1",1,"L6"
"GAGGTCCCAAAGATCT-1",3,"L3"
"GAGGTCTTAGTGGGTC-1",4,"L2"
"GAGTAAACCGGAAAGT-1",6,"L1"
"GAGTAAGGCCACGGGA-1",2,"L6/WM boundary"
"GAGTACGGGTATACAA-1",3,"L3"
"GAGTAGATACTAGTTG-1",1,"L6"
"GAGTATGCCCGCCTTG-1",7,"WM"
"GAGTATGCGCGTGCAT-1",5,"L5"
"GAGTCAGACCAGAATC-1",2,"L6/WM boundary"
"GAGTCCGCTTACCGGA-1",1,"L6"
"GAGTGTCAACCAGAAA-1",3,"L3"
"GAGTGTGCGGTACCCA-1",5,"L5"
"GAGTTGATGGCAATTT-1",2,"L6/WM boundary"
"GAGTTGTCACCAGTCT-1",7,"WM"
"GATAAATCGGTGGATG-1",4,"L2"
"GATAACTCGCACTGTG-1",5,"L5"
"GATAAGGCAGATGCAA-1",6,"L1"
"GATACGATGGGAGTCA-1",2,"L6/WM boundary"
"GATAGGTAACGTTGAC-1",2,"L6/WM boundary"
"GATAGTGCGAGTAAGT-1",2,"L6/WM boundary"
"GATATCTCATGCAATA-1",3,"L3"
"GATATGAGACACTAAC-1",5,"L5"
"GATATGCGGTAGCCAA-1",3,"L3"
"GATATGGATTACGCGG-1",3,"L3"
"GATATTGAGATTGGCG-1",3,"L3"
"GATATTTCCTACATGG-1",3,"L3"
"GATCAACATAAAGGGA-1",7,"WM"
"GATCATTCCAAACATT-1",1,"L6"
"GATCCCTTTATACTGC-1",1,"L6"
"GATCCGGGAATTAACA-1",1,"L6"
"GATCCTAAATCGGGAC-1",3,"L3"
"GATCCTCGACACTGGC-1",7,"WM"
"GATCCTCTTGCGCTTA-1",3,"L3"
"GATCGACACTATCTGA-1",5,"L5"
"GATCGCGGGCTCTCCA-1",1,"L6"
"GATCGCTACCCGATTT-1",3,"L3"
"GATCGCTATATCTCAG-1",2,"L6/WM boundary"
"GATCGGATAGAACCAT-1",1,"L6"
"GATCGGCGATAAGTCG-1",4,"L2"
"GATCGGTGGCCATAAC-1",1,"L6"
"GATCGTGACTGATATC-1",1,"L6"
"GATCTCGACGCTGTGG-1",6,"L1"
"GATCTGCTATCTAAGG-1",1,"L6"
"GATCTTGGAGGGCATA-1",1,"L6"
"GATCTTTGCAGGGTAT-1",1,"L6"
"GATGACAAGTAGGGCA-1",2,"L6/WM boundary"
"GATGACGATGATCGCG-1",6,"L1"
"GATGAGGAACCTTCGG-1",3,"L3"
"GATGATTTGAAACTGG-1",6,"L1"
"GATGCCACACTACAGC-1",6,"L1"
"GATGCCAGCAGAAGGC-1",3,"L3"
"GATGCCTTCTGCGGCA-1",7,"WM"
"GATGCGTCCTGCATTC-1",1,"L6"
"GATGCTACAAGCGCCT-1",3,"L3"
"GATGCTGTATTTCATC-1",1,"L6"
"GATGGCGCACACATTA-1",3,"L3"
"GATGGTGCCCTAGGCA-1",3,"L3"
"GATGTAACGAACCACC-1",7,"WM"
"GATGTCCGGATCACAT-1",6,"L1"
"GATGTCGGTCAACTGC-1",3,"L3"
"GATGTGTTGTCACAAG-1",4,"L2"
"GATGTTCAATCCACGA-1",2,"L6/WM boundary"
"GATGTTTGTGCGAGAT-1",3,"L3"
"GATTAACCGAAAGCCC-1",3,"L3"
"GATTAATCCTGGCTCA-1",6,"L1"
"GATTACTGAATTTGGG-1",2,"L6/WM boundary"
"GATTCCCTTGTCGCAG-1",5,"L5"
"GATTCCGCGTTTCCGT-1",3,"L3"
"GATTCCTATACGGCGC-1",3,"L3"
"GATTCGACGGTTCACG-1",1,"L6"
"GATTGACACTCTGCTC-1",4,"L2"
"GATTGCTCCAGTTGCA-1",7,"WM"
"GATTGGGAAAGGTTGT-1",5,"L5"
"GCAAACCCTACATTAT-1",5,"L5"
"GCAAACCTTGGCCATA-1",1,"L6"
"GCAAACGTAAGCGACC-1",7,"WM"
"GCAAACGTCGCCAGGT-1",4,"L2"
"GCAAAGGGCGTTAGCC-1",7,"WM"
"GCAAATATTACGCTTT-1",1,"L6"
"GCAACACACTAGAACT-1",1,"L6"
"GCAACAGCAGTATGCG-1",4,"L2"
"GCAACCACCAGACCGG-1",3,"L3"
"GCAACCACGGCCGCGT-1",1,"L6"
"GCAACGGCTAGTTATG-1",4,"L2"
"GCAAGAATTCCTTGGC-1",2,"L6/WM boundary"
"GCAAGATGTGTTCGCG-1",4,"L2"
"GCAAGTGCACAGAGAA-1",5,"L5"
"GCAAGTGTAAAGCATG-1",2,"L6/WM boundary"
"GCACAAACCCTAGATG-1",7,"WM"
"GCACAAACGAGGCGTG-1",4,"L2"
"GCACAACCTCGGGCGT-1",7,"WM"
"GCACAAGTGTCGGAAG-1",3,"L3"
"GCACACACTGGTAGCC-1",3,"L3"
"GCACACGCCCATGGTC-1",3,"L3"
"GCACAGCACGGGCCGA-1",2,"L6/WM boundary"
"GCACGCCTACTTAGAT-1",7,"WM"
"GCACGTGGTTTACTTA-1",4,"L2"
"GCACTAGTCGCGCTAT-1",4,"L2"
"GCACTGCCTACCTTTA-1",5,"L5"
"GCACTGTGCAAATGTA-1",6,"L1"
"GCAGACCCAGCACGTA-1",3,"L3"
"GCAGATCCATAAGACT-1",3,"L3"
"GCAGATCCTCGCAAAT-1",3,"L3"
"GCAGATTAGGGATATC-1",1,"L6"
"GCAGCACACAGCCCAG-1",1,"L6"
"GCAGCCTATATCACAT-1",4,"L2"
"GCAGCGGTGGGCATTA-1",6,"L1"
"GCAGGAACTTAGATCT-1",2,"L6/WM boundary"
"GCAGGACTATAGAATA-1",1,"L6"
"GCAGGTAGAGTATGGT-1",3,"L3"
"GCAGTGTGGCTATAGG-1",3,"L3"
"GCATACGAGGTCTTTA-1",5,"L5"
"GCATAGAGCACTCAGG-1",1,"L6"
"GCATCCCTAACTTTGA-1",3,"L3"
"GCATCGGCCGTGTAGG-1",3,"L3"
"GCATGAGGGACGCGGC-1",5,"L5"
"GCATTCAAGGCAACGC-1",4,"L2"
"GCATTCGAAATGAACA-1",3,"L3"
"GCATTGTAATTCATAT-1",1,"L6"
"GCATTTCCAAGGCTCC-1",4,"L2"
"GCCAACCATTTCCGGA-1",4,"L2"
"GCCAAGAATACTTCTG-1",1,"L6"
"GCCAATAGGGCATCTC-1",3,"L3"
"GCCACAATTTAAGGAC-1",2,"L6/WM boundary"
"GCCACTCAGAGCGCGA-1",3,"L3"
"GCCAGGAAAGAACACT-1",2,"L6/WM boundary"
"GCCAGGAGTAACCGAT-1",3,"L3"
"GCCAGGCGTTCGCATG-1",3,"L3"
"GCCATATTGCACACAG-1",3,"L3"
"GCCATCGAGCTGCGTG-1",7,"WM"
"GCCATCGATGCTGCAT-1",4,"L2"
"GCCATTAGCCTCAAAC-1",2,"L6/WM boundary"
"GCCCACCAAGGCTGTC-1",4,"L2"
"GCCCAGTTGGTATGCC-1",3,"L3"
"GCCCATGGGTGCAATG-1",4,"L2"
"GCCCGACTTCTTCCCG-1",7,"WM"
"GCCCGAGAGTCTAAAT-1",7,"WM"
"GCCCGATCTGTGGTCG-1",1,"L6"
"GCCCGCGCGTAAACGG-1",7,"WM"
"GCCCGCGCGTTTGACA-1",3,"L3"
"GCCCGTAATACCTTCT-1",5,"L5"
"GCCCTAGCCGTCGCGA-1",7,"WM"
"GCCCTGAGGATGGGCT-1",5,"L5"
"GCCGAAATTCCTACGT-1",1,"L6"
"GCCGACCCACGACTGC-1",7,"WM"
"GCCGCATTAGTCCGGC-1",5,"L5"
"GCCGCTAGATACGCAG-1",4,"L2"
"GCCGCTTGTGAGAAAC-1",1,"L6"
"GCCGGAAACACATCTT-1",6,"L1"
"GCCGGGTTAGGGTCGC-1",1,"L6"
"GCCGGTTTGGGCGGAT-1",6,"L1"
"GCCGTCGGTTTCGGGC-1",2,"L6/WM boundary"
"GCCGTGGAAGAAATGT-1",4,"L2"
"GCCTAGCGATCTGACC-1",3,"L3"
"GCCTATAGTGTCAGGG-1",5,"L5"
"GCCTATTCCGATATAG-1",3,"L3"
"GCCTATTTGCTACACA-1",4,"L2"
"GCCTCATCTGGAAATA-1",3,"L3"
"GCCTCCGACAATTCAC-1",3,"L3"
"GCCTCTATACATAGCA-1",5,"L5"
"GCCTGCTACACTGAGA-1",6,"L1"
"GCCTTCAGCCCTACCG-1",3,"L3"
"GCCTTGTATATGCAGT-1",4,"L2"
"GCCTTTGTCAGTGGAC-1",7,"WM"
"GCGAAACGATCGGGAG-1",3,"L3"
"GCGAAACTTAACTGGA-1",5,"L5"
"GCGAAGAATCTGACGG-1",3,"L3"
"GCGAAGCCATACCCGT-1",1,"L6"
"GCGACATGTAAACATC-1",3,"L3"
"GCGACCCAACCATCTG-1",7,"WM"
"GCGACGATAGTTGTAC-1",2,"L6/WM boundary"
"GCGAGAAACGGGAGTT-1",6,"L1"
"GCGAGAGGCCATGTAA-1",4,"L2"
"GCGAGAGTTGCGTCCA-1",3,"L3"
"GCGAGCGCATGCTCCC-1",4,"L2"
"GCGAGGCCCGAGCAGA-1",1,"L6"
"GCGAGTTCTGCAAAGA-1",1,"L6"
"GCGATTCTGGAAGCAG-1",3,"L3"
"GCGATTGTTAACGTTA-1",1,"L6"
"GCGCAAATATATTCAA-1",7,"WM"
"GCGCAAGAGCGCGCTG-1",3,"L3"
"GCGCATCCAGTCAGCA-1",3,"L3"
"GCGCCTCCCACTCCGA-1",4,"L2"
"GCGCGGTCTAGTAACT-1",2,"L6/WM boundary"
"GCGCGTCATTGGTACA-1",5,"L5"
"GCGCTAAGTATGCATG-1",4,"L2"
"GCGCTAATTGAATAGA-1",1,"L6"
"GCGCTATGCCGAGGCA-1",2,"L6/WM boundary"
"GCGCTGATCCAGACTC-1",3,"L3"
"GCGCTGCTTTGCATTT-1",3,"L3"
"GCGCTTAAATAATTGG-1",3,"L3"
"GCGGACCGCGTTGTGG-1",7,"WM"
"GCGGAGAAACTTCGCA-1",7,"WM"
"GCGGAGAGGGAGAACG-1",5,"L5"
"GCGGCAAAGTATTGCC-1",7,"WM"
"GCGGCTCTGACGTACC-1",1,"L6"
"GCGGGAACCAGGCCCT-1",3,"L3"
"GCGGGCGAGCCTTACC-1",2,"L6/WM boundary"
"GCGGTCCCTAGACGCA-1",4,"L2"
"GCGGTGAACTGCGCTC-1",3,"L3"
"GCGGTTCCCTATCATG-1",2,"L6/WM boundary"
"GCGTAAATGGCCATAA-1",3,"L3"
"GCGTCCCTAAGACATA-1",2,"L6/WM boundary"
"GCGTCGAAATGTCGGT-1",5,"L5"
"GCGTCGCCAGGGTGAT-1",1,"L6"
"GCGTGGTACTGGGTTA-1",3,"L3"
"GCGTGTATGTCGTATT-1",4,"L2"
"GCGTTATATTTGGAAC-1",3,"L3"
"GCGTTCGGAGACCGGG-1",4,"L2"
"GCTAAACCTGAGGTGA-1",3,"L3"
"GCTAACTGAAGTCTGA-1",3,"L3"
"GCTAAGTAAAGGCGAT-1",3,"L3"
"GCTAAGTAGTTTCTCT-1",5,"L5"
"GCTAATACCGAATGCC-1",5,"L5"
"GCTACAATCGAGGATA-1",4,"L2"
"GCTACAGTACGGACCG-1",5,"L5"
"GCTACGACTTATTGGG-1",1,"L6"
"GCTACTATAGTAGAGT-1",3,"L3"
"GCTAGACCGTCTACTG-1",3,"L3"
"GCTAGAGTAGAGATGT-1",3,"L3"
"GCTAGCAGGGAGTGGG-1",4,"L2"
"GCTAGCGATAGGTCTT-1",7,"WM"
"GCTAGCTTGAATAGCT-1",7,"WM"
"GCTAGGCACCACGGAG-1",5,"L5"
"GCTAGTAGAGCTTGTA-1",1,"L6"
"GCTAGTTTCATTGAGG-1",3,"L3"
"GCTATACGTCTCGGAC-1",3,"L3"
"GCTATCATACTCATGG-1",5,"L5"
"GCTATCGCGGCGCAAC-1",3,"L3"
"GCTCAATCCGTTTATT-1",7,"WM"
"GCTCAATGTAATACCG-1",1,"L6"
"GCTCATTACTGCATGT-1",3,"L3"
"GCTCCCAGTCGGTCCA-1",4,"L2"
"GCTCCGCTCGCTTCAG-1",4,"L2"
"GCTCCGGACGTTGATA-1",6,"L1"
"GCTCCTGACATACTGG-1",7,"WM"
"GCTCGCGGTTCCGCTC-1",3,"L3"
"GCTCGCTCATGTCCAA-1",3,"L3"
"GCTCGGAATTTAAAGC-1",5,"L5"
"GCTCTAAACCCTGACG-1",5,"L5"
"GCTCTATGTTACGTGC-1",5,"L5"
"GCTCTCGGGTACCGAA-1",1,"L6"
"GCTCTTTCCGCTAGTG-1",2,"L6/WM boundary"
"GCTGAATCTTCCAATC-1",7,"WM"
"GCTGAGGCGTGAGTAT-1",1,"L6"
"GCTGCACGGTTTCTTA-1",1,"L6"
"GCTGCTAAGTAGTCGA-1",2,"L6/WM boundary"
"GCTGCTACTGCGTAGC-1",5,"L5"
"GCTGCTCTCCGGACAC-1",1,"L6"
"GCTGGACCCAAAGTGG-1",4,"L2"
"GCTGGCATATTCACCT-1",5,"L5"
"GCTGGCGGCGCATGCT-1",1,"L6"
"GCTGGGTCCGCTGTTA-1",6,"L1"
"GCTGGTTTAGGCCATA-1",7,"WM"
"GCTGTATTACTGGCCC-1",7,"WM"
"GCTGTCTGTGATCGAC-1",4,"L2"
"GCTGTTGCTACCGAAC-1",3,"L3"
"GCTTAATGTAACTAAC-1",5,"L5"
"GCTTACGTAGTTAGTA-1",4,"L2"
"GCTTATGAAGCAGGAA-1",5,"L5"
"GCTTCCATGTAACCGC-1",3,"L3"
"GCTTCCGTCCCTAGAC-1",5,"L5"
"GCTTCGACGTTCAATC-1",7,"WM"
"GCTTGATGATAATCAG-1",3,"L3"
"GCTTGGATCGATTAGG-1",3,"L3"
"GCTTTCAGAGGAGGTG-1",3,"L3"
"GGAAACCTTGTTGAAT-1",4,"L2"
"GGAAACTAAATGGGCC-1",4,"L2"
"GGAAAGTGCCCATGCC-1",3,"L3"
"GGAACCGTGTAAATTG-1",2,"L6/WM boundary"
"GGAACCTTGACTCTGC-1",7,"WM"
"GGAACGGCCTGCAGCC-1",3,"L3"
"GGAACTTTGGCGATTA-1",4,"L2"
"GGAAGCTCGCTTACAG-1",3,"L3"
"GGAATAACCTCAAGAA-1",4,"L2"
"GGAATGCGCTAGCGTG-1",5,"L5"
"GGACACAAGTTTACAC-1",4,"L2"
"GGACCAACAGGATAAC-1",1,"L6"
"GGACCTACGGTAACGT-1",4,"L2"
"GGACCTCTAGGCCGCC-1",7,"WM"
"GGACGGCTTGCGCAAC-1",4,"L2"
"GGACTCGACAGCGCAT-1",2,"L6/WM boundary"
"GGACTCGTGAGTGGTC-1",7,"WM"
"GGAGAAGTCATTGGCA-1",5,"L5"
"GGAGACCATCTACATA-1",2,"L6/WM boundary"
"GGAGACGACACCTTTG-1",1,"L6"
"GGAGCAACATTTCAAG-1",4,"L2"
"GGAGCACCAAGAACTA-1",5,"L5"
"GGAGCGAGGCCTACTT-1",5,"L5"
"GGAGGATTGAAAGGAG-1",3,"L3"
"GGAGGCCGAAGTCGTC-1",4,"L2"
"GGAGGCGAAGAACCGC-1",6,"L1"
"GGAGGGCTTGGTTGGC-1",5,"L5"
"GGAGGGTCAAGTAAGA-1",6,"L1"
"GGAGTGCCGCCCTGGA-1",5,"L5"
"GGAGTTGATTCTGTGT-1",4,"L2"
"GGATACTCATGAATTG-1",4,"L2"
"GGATCAAAGGACGAGG-1",4,"L2"
"GGATCATCCCGTACGC-1",3,"L3"
"GGATCCCTACCAGCTA-1",6,"L1"
"GGATCCGGAATATACT-1",5,"L5"
"GGATCTTACTGCCCTT-1",7,"WM"
"GGATCTTGACTCAACC-1",7,"WM"
"GGATGAAGATCGCTGA-1",3,"L3"
"GGATGCTGGCGTTCCT-1",1,"L6"
"GGATGTCCTTACCGCA-1",5,"L5"
"GGATTAAGCTAAGGTC-1",3,"L3"
"GGATTCAGTACGGTGG-1",3,"L3"
"GGATTCCGCTATACCC-1",5,"L5"
"GGATTGAAGTAGCCTC-1",3,"L3"
"GGATTGCTGTGACTCC-1",3,"L3"
"GGATTTCACTTCTATA-1",5,"L5"
"GGCAAAGGCGCCAATA-1",7,"WM"
"GGCAAATTACTTTACT-1",2,"L6/WM boundary"
"GGCAAGCCCATAGTGG-1",1,"L6"
"GGCAAGGCGAAATAGC-1",1,"L6"
"GGCAATAGTCAATGAG-1",1,"L6"
"GGCACTCCACTGGGCA-1",1,"L6"
"GGCAGCAAACCTATGC-1",3,"L3"
"GGCAGCGGTAATCCTA-1",4,"L2"
"GGCATACAGGTAGCGG-1",1,"L6"
"GGCATATCGGTTCTGC-1",3,"L3"
"GGCATCAACGAGCACG-1",6,"L1"
"GGCCACAAGCGATGGC-1",6,"L1"
"GGCCCTCACCCACTTA-1",1,"L6"
"GGCCGAGACTCTGGTG-1",7,"WM"
"GGCCGGCGTCTGCTAT-1",5,"L5"
"GGCCGTTTGGGTTTCA-1",2,"L6/WM boundary"
"GGCCTGCTTCTCCCGA-1",4,"L2"
"GGCGAAATCTAACTTG-1",5,"L5"
"GGCGAGCATCGAGGAC-1",6,"L1"
"GGCGAGCGAAACGGCA-1",2,"L6/WM boundary"
"GGCGCAGGACATCTTC-1",1,"L6"
"GGCGCATGAATTGATG-1",2,"L6/WM boundary"
"GGCGCGGAGATCTTTC-1",3,"L3"
"GGCGCGTTCGAGTTTA-1",2,"L6/WM boundary"
"GGCGCTCCTCATCAAT-1",4,"L2"
"GGCGCTTCATTCCCTG-1",5,"L5"
"GGCGGAGTAATATTAG-1",1,"L6"
"GGCGGTAGGATCATTG-1",1,"L6"
"GGCGGTTTGCCGGTGC-1",6,"L1"
"GGCGTACCCTATATAA-1",6,"L1"
"GGCGTAGGGAAAGCTG-1",3,"L3"
"GGCGTCCTATCCGCTG-1",5,"L5"
"GGCTAAAGGGCGGGTC-1",3,"L3"
"GGCTACTATACACTCC-1",2,"L6/WM boundary"
"GGCTATTAAGTTGTAT-1",1,"L6"
"GGCTCCTCCACCTGTT-1",7,"WM"
"GGCTCGCGTTGAGGTA-1",5,"L5"
"GGCTCGTGCCACCAGC-1",3,"L3"
"GGCTCTGCTCCAACGC-1",5,"L5"
"GGCTGAAATAGCAAAG-1",5,"L5"
"GGCTGAGCATCGTAAG-1",4,"L2"
"GGCTGGCTAGCTTAAA-1",6,"L1"
"GGCTTTCAATAAGGGT-1",1,"L6"
"GGGAACCACCTGTTTC-1",6,"L1"
"GGGAACGGGAGGTTAG-1",1,"L6"
"GGGAACGGTTTCAGAT-1",7,"WM"
"GGGAAGACGGTCTGTC-1",5,"L5"
"GGGAAGGGCTTTCTCA-1",3,"L3"
"GGGAATGAGCCCTCAC-1",4,"L2"
"GGGACAGAGTTACTCC-1",7,"WM"
"GGGACCCGTATATCTT-1",2,"L6/WM boundary"
"GGGACTGCATAGATAG-1",1,"L6"
"GGGAGAACTCACAGTA-1",1,"L6"
"GGGAGGATGCCCGAAA-1",1,"L6"
"GGGAGTAATGGCTGGC-1",4,"L2"
"GGGAGTTAATGAGGCG-1",1,"L6"
"GGGATGGACCCGCGTC-1",7,"WM"
"GGGATGGTCGTAACCG-1",2,"L6/WM boundary"
"GGGATTTACCGCACCT-1",5,"L5"
"GGGCAACCGCACGTGC-1",7,"WM"
"GGGCAGAGCAATCGTT-1",1,"L6"
"GGGCAGGATTTCTGTG-1",7,"WM"
"GGGCCATTCGTGCTGG-1",7,"WM"
"GGGCCCGTCTTAAACA-1",2,"L6/WM boundary"
"GGGCCCTACGAAAGGG-1",5,"L5"
"GGGCCGGCCGAAGTAC-1",5,"L5"
"GGGCCTAAATGGGCTA-1",1,"L6"
"GGGCGATATGTGTGAA-1",1,"L6"
"GGGCGGCAAATGAATT-1",2,"L6/WM boundary"
"GGGCGGGTTCCCTACG-1",2,"L6/WM boundary"
"GGGCGGTCCTATTGTC-1",4,"L2"
"GGGCGTACATTTATAT-1",5,"L5"
"GGGCGTCACCACGTAA-1",2,"L6/WM boundary"
"GGGCGTCCACTGGCTC-1",3,"L3"
"GGGCGTGGTTTCCCAG-1",5,"L5"
"GGGCGTTTACATTCAT-1",7,"WM"
"GGGCTATGATCGATGG-1",2,"L6/WM boundary"
"GGGCTCATCGAACCCA-1",5,"L5"
"GGGCTGCCTAGGGCGA-1",1,"L6"
"GGGCTGGTTAGTCGCG-1",1,"L6"
"GGGTACACTCTGGAGG-1",6,"L1"
"GGGTACCCACGGTCCT-1",4,"L2"
"GGGTACTTCATGAACT-1",1,"L6"
"GGGTATGTATGCACTT-1",3,"L3"
"GGGTATTCTAGCAAAC-1",7,"WM"
"GGGTCACCGTGACGGT-1",1,"L6"
"GGGTCACGTGCTTATG-1",6,"L1"
"GGGTCAGGAGCTAGAT-1",1,"L6"
"GGGTCATGCGTACCAT-1",3,"L3"
"GGGTCGTGGCAAGTGT-1",4,"L2"
"GGGTCTATCGCTTTCC-1",6,"L1"
"GGGTGACACCTTAACT-1",2,"L6/WM boundary"
"GGGTGCATATGAAAGC-1",4,"L2"
"GGGTGGTCCAGCCTGT-1",4,"L2"
"GGGTGTTTCAGCTATG-1",5,"L5"
"GGGTTAACATTTGAGT-1",2,"L6/WM boundary"
"GGGTTCAGACGAACAA-1",4,"L2"
"GGGTTTAGGATAGGAT-1",4,"L2"
"GGTAAACTCTGCGCTG-1",4,"L2"
"GGTAAATGTGCGTTAC-1",3,"L3"
"GGTAACCGGGAGGATA-1",7,"WM"
"GGTAACTATGTATCTG-1",4,"L2"
"GGTACAAACATGCTAT-1",2,"L6/WM boundary"
"GGTACATCTGGGACGA-1",5,"L5"
"GGTACCATTAAGACGG-1",3,"L3"
"GGTAGAAGACCGCCTG-1",5,"L5"
"GGTAGACCGTTGGGCG-1",2,"L6/WM boundary"
"GGTAGTGCTCGCACCA-1",1,"L6"
"GGTATAGTGACACATA-1",4,"L2"
"GGTATTGCCGAGTTTA-1",1,"L6"
"GGTCAAGACTACTTCG-1",4,"L2"
"GGTCACGTTAGATTCA-1",6,"L1"
"GGTCAGTGGGTCCCAC-1",1,"L6"
"GGTCATTGTAGTCATA-1",2,"L6/WM boundary"
"GGTCGGATAAACGGCG-1",3,"L3"
"GGTCGGCCAGGAGCTT-1",5,"L5"
"GGTCGGTAATTAGACA-1",4,"L2"
"GGTCGGTCGTCCACAG-1",2,"L6/WM boundary"
"GGTCGTAAGCTCGCAC-1",2,"L6/WM boundary"
"GGTCTCCGTCCAGGTT-1",4,"L2"
"GGTCTCTGAATGGACT-1",7,"WM"
"GGTCTGAGAATCTGGA-1",5,"L5"
"GGTCTTGAGCGCTCTT-1",1,"L6"
"GGTGAAACCGGGAATG-1",6,"L1"
"GGTGAACGGGCTAGCC-1",6,"L1"
"GGTGAAGTACAGGGAT-1",7,"WM"
"GGTGAGATGCAGATAA-1",3,"L3"
"GGTGATAAGGAGCAGT-1",5,"L5"
"GGTGATTTCATCTTGT-1",6,"L1"
"GGTGCAGAGCCTATCG-1",4,"L2"
"GGTGCATAAATGATTA-1",2,"L6/WM boundary"
"GGTGCGGATAAGTGGC-1",3,"L3"
"GGTGCTGATCACAAAG-1",3,"L3"
"GGTGCTGGTACACATT-1",2,"L6/WM boundary"
"GGTGGACCACGTGTTA-1",6,"L1"
"GGTGGACTGCTCTGGC-1",5,"L5"
"GGTGTAAATCGATTGT-1",1,"L6"
"GGTGTTCTGTTTCTAC-1",4,"L2"
"GGTTACCACCCTCGGG-1",2,"L6/WM boundary"
"GGTTAGCTATATGTCT-1",5,"L5"
"GGTTAGGCTTGGAGAA-1",5,"L5"
"GGTTAGTTACGGCGCC-1",3,"L3"
"GGTTCCACCCGCTTCT-1",4,"L2"
"GGTTCTACTCGTCTGA-1",3,"L3"
"GGTTGTATCGTGAAAT-1",6,"L1"
"GGTTGTGTAGCCTGGC-1",3,"L3"
"GGTTTAATTACCATCG-1",2,"L6/WM boundary"
"GGTTTACAATCTCAAT-1",5,"L5"
"GGTTTAGCCTTTCTTG-1",3,"L3"
"GGTTTCAATCGGTCAG-1",5,"L5"
"GGTTTGAGTGCTGGAA-1",4,"L2"
"GGTTTGTGACCTGAGG-1",4,"L2"
"GTAACATCTAAGATAA-1",4,"L2"
"GTAACTGCCCAAGGAG-1",2,"L6/WM boundary"
"GTAACTTGCGGCAGTC-1",4,"L2"
"GTAAGCGGGCAGTCAG-1",5,"L5"
"GTAAGGATTTGTCGGA-1",3,"L3"
"GTAAGTAACAGTCTGG-1",5,"L5"
"GTAAGTAGGGTATACC-1",5,"L5"
"GTAATAAAGGGCTCCC-1",3,"L3"
"GTAATCTGATTCTTCG-1",7,"WM"
"GTACACTTACCTGAAG-1",1,"L6"
"GTACAGAGGCAAGGGT-1",5,"L5"
"GTACGACGGCGCTGCG-1",4,"L2"
"GTACGAGATTGCGACA-1",5,"L5"
"GTACGCTTCATTGCAC-1",1,"L6"
"GTACGTCACGTATTAA-1",6,"L1"
"GTACGTTTGCCCGTCA-1",1,"L6"
"GTACTAAGATTTGGAG-1",1,"L6"
"GTACTCCCTTATCGCT-1",1,"L6"
"GTACTCCTGGGTATGC-1",3,"L3"
"GTACTGAGGTCGTAAC-1",4,"L2"
"GTACTGCATGAAGCGT-1",4,"L2"
"GTACTGGAGTTAGACC-1",5,"L5"
"GTACTTGGGCACTTCT-1",3,"L3"
"GTAGAAACGGGTGGAG-1",3,"L3"
"GTAGACAACCGATGAA-1",4,"L2"
"GTAGACACGCCTGACT-1",5,"L5"
"GTAGACGTCGTTACAT-1",4,"L2"
"GTAGAGGGAGACAAGT-1",7,"WM"
"GTAGCCAAACATGGGA-1",1,"L6"
"GTAGCGCTGTTGTAGT-1",4,"L2"
"GTAGCGGCTATACACT-1",1,"L6"
"GTAGCTAGTAAGCGCG-1",4,"L2"
"GTAGCTCCGGGAGGCT-1",7,"WM"
"GTAGCTTCCTCTTGTT-1",5,"L5"
"GTAGGTGATCCGTGTA-1",5,"L5"
"GTAGTCGCGGGAATCA-1",5,"L5"
"GTAGTCTACGATATTG-1",5,"L5"
"GTAGTTCGAAGGCGAA-1",7,"WM"
"GTATAATCTCCCGGAT-1",6,"L1"
"GTATAGGACTCAGTAG-1",5,"L5"
"GTATAGTGGCCCATGT-1",4,"L2"
"GTATATGTTACGGCGG-1",6,"L1"
"GTATCAAACGTTAGCT-1",3,"L3"
"GTATCAGCTTGGGTTC-1",3,"L3"
"GTATCCTTTGGTAACC-1",3,"L3"
"GTATCGGGACGAGCTG-1",6,"L1"
"GTATCTCAGTCTTGAC-1",7,"WM"
"GTATCTCCCTAACTGT-1",6,"L1"
"GTATCTTGTTGCTCAC-1",6,"L1"
"GTATCTTTCATAACCA-1",1,"L6"
"GTATGAAATTTCACTC-1",7,"WM"
"GTATGACGTGGGAAAC-1",6,"L1"
"GTATGTGGGTCTAGTT-1",3,"L3"
"GTATTAAGGCGTCTAA-1",3,"L3"
"GTATTCTGAGAAACGA-1",7,"WM"
"GTATTTAATGGCATAA-1",6,"L1"
"GTCAAAGAAGTGGTGT-1",7,"WM"
"GTCAAAGTTTACATAG-1",4,"L2"
"GTCAACCAGGCCTATA-1",4,"L2"
"GTCAAGCGGACTCGGG-1",5,"L5"
"GTCAATTGTACTGAAG-1",6,"L1"
"GTCACAAAGTTTCCAA-1",4,"L2"
"GTCACCTGTCTATGTC-1",4,"L2"
"GTCACTCTCCAAATCT-1",3,"L3"
"GTCAGAATAGTCTATG-1",5,"L5"
"GTCAGTTGTGCTCGTT-1",3,"L3"
"GTCAGTTTGGTAGTCG-1",3,"L3"
"GTCATCTCCTACAGCT-1",6,"L1"
"GTCATGCACCTCCGTT-1",1,"L6"
"GTCATGCGCGAGGGCT-1",4,"L2"
"GTCATGGACATGACTA-1",1,"L6"
"GTCATTAGAGCGAACG-1",1,"L6"
"GTCATTGCATTGACCC-1",3,"L3"
"GTCCAATATTTAGCCT-1",1,"L6"
"GTCCATTACTGCTACG-1",3,"L3"
"GTCCCAACGTAAAGTA-1",1,"L6"
"GTCCCGCGACGTTATG-1",5,"L5"
"GTCCGGACCTGAAATT-1",3,"L3"
"GTCCGGCTGAATTGCG-1",1,"L6"
"GTCCTACAGGCGGCTC-1",4,"L2"
"GTCCTACGAATAGTCT-1",3,"L3"
"GTCCTAGGATACCTTA-1",7,"WM"
"GTCCTTCTAGTGGGTT-1",3,"L3"
"GTCCTTTAATGACTTC-1",6,"L1"
"GTCGAATTTGGGCGCT-1",7,"WM"
"GTCGCCGTTGTGTGTT-1",7,"WM"
"GTCGCGTAACCCGTTG-1",1,"L6"
"GTCGGATATCTCAGAC-1",5,"L5"
"GTCGGATGTAGCGCGC-1",5,"L5"
"GTCGGGAAGCAGAAAC-1",1,"L6"
"GTCGTACCATCTCGGG-1",1,"L6"
"GTCGTATTGGCGTACA-1",3,"L3"
"GTCGTCAATTATAAGG-1",4,"L2"
"GTCGTGTCTGGTCATC-1",4,"L2"
"GTCGTTATTCGCTTAT-1",1,"L6"
"GTCTACTCAATTACAA-1",5,"L5"
"GTCTAGTGAGCCGCTT-1",3,"L3"
"GTCTATCTGAGTTTCT-1",2,"L6/WM boundary"
"GTCTATTGGTTCCGGT-1",3,"L3"
"GTCTCAAGGCCCGGCT-1",1,"L6"
"GTCTCCTGCCAGTATG-1",7,"WM"
"GTCTCGACTAAGTTTG-1",4,"L2"
"GTCTCGATCTGCTTTC-1",5,"L5"
"GTCTCGCCAACACGCC-1",6,"L1"
"GTCTGGGCGGTCGAGA-1",2,"L6/WM boundary"
"GTCTGTAGGTTGAACA-1",2,"L6/WM boundary"
"GTCTTAGTACAGCCGG-1",3,"L3"
"GTCTTGAGGAGCAGTG-1",4,"L2"
"GTCTTGTAGCTATTCA-1",4,"L2"
"GTGAAACGGCGCCACC-1",5,"L5"
"GTGAAACGTGCTCCAC-1",4,"L2"
"GTGAACTCCCATTCGA-1",3,"L3"
"GTGAAGATTTCAAGTG-1",3,"L3"
"GTGAAGCCGTATAGTC-1",4,"L2"
"GTGAAGTCACGACTCG-1",2,"L6/WM boundary"
"GTGACAGCTTCCCACT-1",5,"L5"
"GTGACCGCACACTACG-1",5,"L5"
"GTGACGAGGGTGACCC-1",4,"L2"
"GTGACGCAGGTTTCAT-1",5,"L5"
"GTGACTTCAGTAGTGC-1",2,"L6/WM boundary"
"GTGAGATAACCTTATA-1",2,"L6/WM boundary"
"GTGAGCGTGCTGCACT-1",5,"L5"
"GTGAGGACACTTAAGG-1",5,"L5"
"GTGAGGAGCGGTTGAG-1",3,"L3"
"GTGAGTGGTACAACGC-1",2,"L6/WM boundary"
"GTGATCAAGCGTGCAC-1",7,"WM"
"GTGATCACTAACGCCT-1",3,"L3"
"GTGATCATAGATCTGC-1",2,"L6/WM boundary"
"GTGATCCTTGTCATGA-1",3,"L3"
"GTGATGCACAACATCT-1",4,"L2"
"GTGATTCGCCGCTCAA-1",2,"L6/WM boundary"
"GTGCAACAAATGTGGC-1",3,"L3"
"GTGCACCAGCTTCAAC-1",1,"L6"
"GTGCACGAAAGTGACT-1",5,"L5"
"GTGCCATCACACGGTG-1",2,"L6/WM boundary"
"GTGCCCGTTCGGATTC-1",5,"L5"
"GTGCCGCTTCAAAGGT-1",2,"L6/WM boundary"
"GTGCCTCAGTGTACGG-1",3,"L3"
"GTGCGAAATCGAACAC-1",2,"L6/WM boundary"
"GTGCGACAGGGAGTGT-1",3,"L3"
"GTGCGCAGCTTGCTCC-1",6,"L1"
"GTGCGCTTACAAATGA-1",6,"L1"
"GTGCGGGACCATCGGC-1",6,"L1"
"GTGCGGGTCTCCAAAT-1",5,"L5"
"GTGCGTGTATATGAGC-1",5,"L5"
"GTGCTCAAGTACTGTC-1",1,"L6"
"GTGCTTACATCAGCGC-1",4,"L2"
"GTGGAACCTACATGCG-1",3,"L3"
"GTGGACCAACCCGATT-1",2,"L6/WM boundary"
"GTGGACGCATTTGTCC-1",1,"L6"
"GTGGACGTGCTGAGAC-1",3,"L3"
"GTGGAGCGTTTACCGA-1",7,"WM"
"GTGGAGTCGGCGGTTG-1",7,"WM"
"GTGGCAAACAGCGGCA-1",7,"WM"
"GTGGCCGGTTTCTCGG-1",7,"WM"
"GTGGCGGGCCGTAGCT-1",4,"L2"
"GTGGCGGTCCCAGCGT-1",1,"L6"
"GTGGCGTGCACCAGAG-1",6,"L1"
"GTGGGAAGACTGAATC-1",1,"L6"
"GTGGGCTTAGACACAC-1",5,"L5"
"GTGGTATAGTCTGCCG-1",7,"WM"
"GTGGTCAGCGAAGTAT-1",4,"L2"
"GTGGTGGCCAAGTGAA-1",5,"L5"
"GTGGTTACTTCTTTCG-1",3,"L3"
"GTGGTTTCCGCCTTTC-1",1,"L6"
"GTGTACCTTGGCTACG-1",5,"L5"
"GTGTATATCAGCGGGC-1",5,"L5"
"GTGTATGACTTTAAAG-1",6,"L1"
"GTGTCAGTGTACGTGG-1",2,"L6/WM boundary"
"GTGTCCGATAAGGCAT-1",4,"L2"
"GTGTCGTATAGCGTTC-1",5,"L5"
"GTGTGAATAACTTAGG-1",5,"L5"
"GTGTGAGCCGAGGTGC-1",6,"L1"
"GTGTTACTATGCGTCC-1",1,"L6"
"GTTAAAGTAGGACTGG-1",5,"L5"
"GTTAACATCACTTAAA-1",5,"L5"
"GTTAACTATGTTGTCA-1",4,"L2"
"GTTAAGGGTGCGATGT-1",5,"L5"
"GTTAAGTTAGAGTGGG-1",4,"L2"
"GTTAATGTCTATCTTA-1",3,"L3"
"GTTACAATTGGTGACG-1",1,"L6"
"GTTACCTACAACTTGC-1",1,"L6"
"GTTACGAAATCCACGC-1",6,"L1"
"GTTACTTTGGGCCTAG-1",2,"L6/WM boundary"
"GTTAGAGTGTGCCGCT-1",3,"L3"
"GTTAGCCCATGACATC-1",5,"L5"
"GTTAGCCGTAAATCAA-1",4,"L2"
"GTTAGGCTACCCGTTT-1",2,"L6/WM boundary"
"GTTATAATACGGTGAA-1",4,"L2"
"GTTATATTATCTCCCT-1",2,"L6/WM boundary"
"GTTATCACCTTCTGAA-1",4,"L2"
"GTTATTAAATACGACC-1",4,"L2"
"GTTATTAACGTGGGAG-1",3,"L3"
"GTTCAATCTATGTCAA-1",4,"L2"
"GTTCACAGGAGTCTAG-1",5,"L5"
"GTTCAGTCGCCAAATG-1",2,"L6/WM boundary"
"GTTCATCGTTTGGCTG-1",3,"L3"
"GTTCCAAGACAGCGAC-1",6,"L1"
"GTTCCAGTCTGACCAT-1",3,"L3"
"GTTCCGTCCGCCTGCA-1",2,"L6/WM boundary"
"GTTCGCCATAAGTGCC-1",1,"L6"
"GTTCGCTGAGACGTCT-1",4,"L2"
"GTTCGGATCGGGAACA-1",4,"L2"
"GTTCGGGCGTACCATT-1",3,"L3"
"GTTCGTCTAAAGAACT-1",3,"L3"
"GTTCGTTGCGGACCAG-1",6,"L1"
"GTTCTTCCCTCGATGT-1",3,"L3"
"GTTGAACCGGTTCCAT-1",2,"L6/WM boundary"
"GTTGAGTCCCGCCGGT-1",5,"L5"
"GTTGCACGGAGTTTCG-1",5,"L5"
"GTTGCGGACGGTCAGG-1",6,"L1"
"GTTGGATTCAGTGGCT-1",3,"L3"
"GTTGGATTGAGAACAC-1",5,"L5"
"GTTGGATTTGCGTTGG-1",1,"L6"
"GTTGGTCATGCTATCC-1",1,"L6"
"GTTGTCGTGTTAGTTG-1",3,"L3"
"GTTTACGTTCCATCTG-1",1,"L6"
"GTTTCAAACGAGTTGT-1",4,"L2"
"GTTTCATATCGTCGCT-1",1,"L6"
"GTTTCCTGGAGGGTGA-1",5,"L5"
"GTTTCTGCAGTCTCCC-1",1,"L6"
"GTTTGACCAAATCCTA-1",1,"L6"
"GTTTGAGCGGTTATGT-1",6,"L1"
"GTTTGGCCCAAGTTAT-1",5,"L5"
"GTTTGGCCGCTCAGCG-1",4,"L2"
"GTTTGGGCTTGTGAGC-1",1,"L6"
"GTTTGGGTTTCGCCCG-1",3,"L3"
"GTTTGGTAGGGTCAAC-1",1,"L6"
"GTTTGGTGATCGGTGC-1",7,"WM"
"TAAACCCAGGAGGGCA-1",7,"WM"
"TAAAGAGCCCGAAACC-1",4,"L2"
"TAAAGCGGTATTTCCA-1",2,"L6/WM boundary"
"TAAAGCGTTAGGAGAA-1",5,"L5"
"TAAAGCTGCAATAGGG-1",3,"L3"
"TAAAGGAGAAACTAGT-1",6,"L1"
"TAAATGAATCCGTTTC-1",3,"L3"
"TAAATGCCGTCTCATG-1",4,"L2"
"TAAATTTAGTAACACC-1",2,"L6/WM boundary"
"TAACAAAGGGAGAAGC-1",3,"L3"
"TAACAATATTTGTTGC-1",3,"L3"
"TAACAGCGTTTGTGCT-1",7,"WM"
"TAACATACAATGTGGG-1",1,"L6"
"TAACATACACGCGATC-1",7,"WM"
"TAACCGCCCGCAGTGC-1",4,"L2"
"TAACCTACCGTCCGAG-1",3,"L3"
"TAACCTAGGGAGTCCA-1",4,"L2"
"TAACGCTTTGAGAGCG-1",3,"L3"
"TAACTATCGAAGGTCC-1",3,"L3"
"TAACTATTACGCCAAA-1",4,"L2"
"TAACTCATCCGCGCGG-1",2,"L6/WM boundary"
"TAACTCCATGGAGGCT-1",3,"L3"
"TAAGAGGGACAGGGAC-1",7,"WM"
"TAAGATTTAGCGGGAG-1",6,"L1"
"TAAGCAGGCGACACGC-1",5,"L5"
"TAAGCGCGAATCAAAT-1",7,"WM"
"TAAGGAACTTGTGGGA-1",3,"L3"
"TAAGGCAACATAAGAT-1",5,"L5"
"TAAGGCATAACATCAA-1",2,"L6/WM boundary"
"TAAGGCCCGTCACCCT-1",5,"L5"
"TAAGGCTGAATCCCTC-1",3,"L3"
"TAAGGGCCTGTCCGAT-1",3,"L3"
"TAAGGGCTGGGAGAGG-1",5,"L5"
"TAAGTAAATGTGCCGC-1",4,"L2"
"TAAGTAACATCTTGAC-1",7,"WM"
"TAAGTCGCCGAGTATC-1",7,"WM"
"TAAGTTGCGACGTAGG-1",3,"L3"
"TAATAAACAAGGAGAT-1",3,"L3"
"TAATACACAGTAGTAT-1",5,"L5"
"TAATAGAACAGAGTTA-1",7,"WM"
"TAATAGGTCACCAGAA-1",7,"WM"
"TAATAGTGACGACCAG-1",5,"L5"
"TAATATTGAAATTCGC-1",3,"L3"
"TAATCGATCCGTACGT-1",5,"L5"
"TAATGAAAGACCCTTG-1",3,"L3"
"TAATTACGTCAGTAGA-1",4,"L2"
"TAATTAGATGGATATG-1",6,"L1"
"TAATTAGGACATCCGT-1",4,"L2"
"TAATTGGAATCGGGAA-1",4,"L2"
"TACAAATTGCGGAGGT-1",4,"L2"
"TACAACGCACAACTCA-1",2,"L6/WM boundary"
"TACAAGCTGTTCACTG-1",6,"L1"
"TACAAGTCTCGTGCAT-1",5,"L5"
"TACAGAAACGGTGGGC-1",3,"L3"
"TACATAGGCATACACC-1",1,"L6"
"TACATCCCTATCCCTG-1",1,"L6"
"TACATTTCTAACGTGC-1",2,"L6/WM boundary"
"TACCAAATAGCCCAGA-1",1,"L6"
"TACCAATAAAGTACCA-1",5,"L5"
"TACCAGAAGTAGGTTC-1",2,"L6/WM boundary"
"TACCAGCTAGGTTTAA-1",3,"L3"
"TACCAGGAATCCCGTC-1",7,"WM"
"TACCGCGGACTTGCAG-1",3,"L3"
"TACCGGCTCACTGCCC-1",1,"L6"
"TACCGGTCGTTTCCAT-1",2,"L6/WM boundary"
"TACCGTAGGTTAACTA-1",1,"L6"
"TACCGTGCCTCGGACC-1",1,"L6"
"TACCTACTCCCAGTAT-1",1,"L6"
"TACCTCACGCTTGTAC-1",3,"L3"
"TACCTCAGTTGTCTGT-1",2,"L6/WM boundary"
"TACCTCCACACCAATG-1",7,"WM"
"TACCTGCTGCACTGTG-1",3,"L3"
"TACCTTAAGATTTCCC-1",7,"WM"
"TACGAACACGACTTCA-1",1,"L6"
"TACGACGCTTGCTGCG-1",2,"L6/WM boundary"
"TACGACTGCCTCTTAG-1",1,"L6"
"TACGAGAACTTCACGT-1",1,"L6"
"TACGATGTTGATCATC-1",1,"L6"
"TACGCAGTTCTTTCCT-1",2,"L6/WM boundary"
"TACGCCATATTCTAAT-1",1,"L6"
"TACGCCGAGGGTACCC-1",2,"L6/WM boundary"
"TACGCCTCCATTCCGA-1",1,"L6"
"TACGCTATAGAAACCT-1",3,"L3"
"TACGCTCGGTATTGGA-1",4,"L2"
"TACGCTGCTGTGTTAA-1",7,"WM"
"TACGGGATGCTAGCAG-1",5,"L5"
"TACGTAAAGCGGAGTG-1",4,"L2"
"TACGTACTAGTGCTGA-1",7,"WM"
"TACGTGCACTATGCTG-1",3,"L3"
"TACGTTTACCGGCAAT-1",1,"L6"
"TACTATGGTTCCTCAG-1",7,"WM"
"TACTCCTCTAGTTGAC-1",7,"WM"
"TACTCGGCACGCCGGG-1",5,"L5"
"TACTCTCCGAACAAAT-1",5,"L5"
"TACTCTTACTTTACTG-1",4,"L2"
"TACTCTTTCGTCTTCA-1",2,"L6/WM boundary"
"TACTGAACAGATTTAG-1",7,"WM"
"TACTGAGGGAAGAAAG-1",7,"WM"
"TACTGCAATCAATTAC-1",3,"L3"
"TACTGGACAGCTCGGC-1",5,"L5"
"TACTGTTTCTCTGGTA-1",4,"L2"
"TACTTGTTAGTAGTCC-1",5,"L5"
"TACTTTACTGAGCCGG-1",3,"L3"
"TACTTTCCGCACGCCA-1",1,"L6"
"TAGAAACCACTAAGTA-1",4,"L2"
"TAGAAAGGTGGCGCTA-1",5,"L5"
"TAGAAATTCACGTATA-1",5,"L5"
"TAGAATAGCCGATGAA-1",4,"L2"
"TAGAATTAAGGGCAAC-1",3,"L3"
"TAGACGAAACGCCAAT-1",5,"L5"
"TAGACGCCCGTACCGG-1",5,"L5"
"TAGACTACCTAGCGTT-1",3,"L3"
"TAGAGATCATGCAACT-1",2,"L6/WM boundary"
"TAGAGCTACGAAGAAC-1",3,"L3"
"TAGAGGTTCTACTTGT-1",3,"L3"
"TAGAGTCTAAGCGAAC-1",1,"L6"
"TAGATATGGACTGGAA-1",2,"L6/WM boundary"
"TAGATCCGAAGTCGCA-1",3,"L3"
"TAGATGGTTCCTTACT-1",3,"L3"
"TAGATTCAAAGTGCGG-1",2,"L6/WM boundary"
"TAGATTCCTGGTTATT-1",5,"L5"
"TAGCAACCTGTCACAA-1",3,"L3"
"TAGCAGTATGACTAAA-1",4,"L2"
"TAGCCAGAGGGTCCGG-1",6,"L1"
"TAGCCATTTCAAAGTC-1",5,"L5"
"TAGCCGGCGGTCAGCG-1",5,"L5"
"TAGCGTCCCTCGATTG-1",4,"L2"
"TAGCGTCCGGTGTGGT-1",5,"L5"
"TAGCGTTGGGTCTTAC-1",1,"L6"
"TAGCTAAGTCCGGGAG-1",1,"L6"
"TAGCTAGAAGGCATGA-1",2,"L6/WM boundary"
"TAGCTAGTGATGATGG-1",2,"L6/WM boundary"
"TAGCTCGCCTGATAAC-1",2,"L6/WM boundary"
"TAGCTGATGTGAAGCG-1",1,"L6"
"TAGGAACAGCCTCCAG-1",3,"L3"
"TAGGCATGTTACGCCA-1",5,"L5"
"TAGGCCTATATAGTCT-1",4,"L2"
"TAGGCGATGAGGTCTC-1",2,"L6/WM boundary"
"TAGGCGGCTGCAAAGA-1",7,"WM"
"TAGGCTAAAGTGGCAC-1",4,"L2"
"TAGGGAGCTTGGGATG-1",3,"L3"
"TAGGGTGTTTCAAGAG-1",5,"L5"
"TAGGTCCAAGTAAGGA-1",3,"L3"
"TAGGTCGCCGGAACTG-1",3,"L3"
"TAGGTGACGATAACCT-1",5,"L5"
"TAGGTGAGCCCTACTC-1",5,"L5"
"TAGGTGCTCGCCTAGC-1",5,"L5"
"TAGGTGTTCCACAGAT-1",1,"L6"
"TAGGTTCGAGTTCGTC-1",1,"L6"
"TAGTACCACAACTTTC-1",7,"WM"
"TAGTACCTTAGTGGTC-1",3,"L3"
"TAGTAGCTTATACCAG-1",7,"WM"
"TAGTCCCGGAGACCAC-1",2,"L6/WM boundary"
"TAGTCCGCAGAGAATG-1",1,"L6"
"TAGTCCGTATGCATAA-1",6,"L1"
"TAGTCGATCACGGGTT-1",3,"L3"
"TAGTCTAACAACGAGA-1",1,"L6"
"TAGTCTGCGGCACATT-1",2,"L6/WM boundary"
"TAGTCTGTGACGTTGC-1",3,"L3"
"TAGTCTTTCCGAATTG-1",6,"L1"
"TAGTGCCCTCCAGAGT-1",1,"L6"
"TAGTGGAACTCATACA-1",4,"L2"
"TAGTGTCAGAAACGGC-1",3,"L3"
"TAGTTAAGATAGGATA-1",3,"L3"
"TAGTTTATTCTTGCTT-1",3,"L3"
"TATAAATCCACAAGCT-1",3,"L3"
"TATAAGTGAGGATAGC-1",3,"L3"
"TATACACAGACGCCTT-1",1,"L6"
"TATACACGCAAAGTAT-1",3,"L3"
"TATACCGAGTGCCACA-1",6,"L1"
"TATACGCGTCATCACT-1",1,"L6"
"TATACTCATGCGGCAA-1",3,"L3"
"TATAGAGTCGCTTGAA-1",2,"L6/WM boundary"
"TATAGATGGTCGCAGT-1",3,"L3"
"TATAGGGTACTCATGA-1",5,"L5"
"TATATAGGGCTTTACG-1",7,"WM"
"TATATATCGAGAAATG-1",7,"WM"
"TATATCAAAGTGATCT-1",2,"L6/WM boundary"
"TATATCCCTGGGAGGA-1",3,"L3"
"TATATTACAAATGTCG-1",4,"L2"
"TATATTCGCGTCGATA-1",4,"L2"
"TATCACAGCACGGGCA-1",4,"L2"
"TATCACCATGTAAAGT-1",4,"L2"
"TATCACCCAACCGACC-1",3,"L3"
"TATCACTTCGAGTAAC-1",3,"L3"
"TATCAGTGGCGTAGTC-1",2,"L6/WM boundary"
"TATCCAATTGGTTATC-1",5,"L5"
"TATCCATATCATGCGA-1",3,"L3"
"TATCCATCTCGGTTAG-1",7,"WM"
"TATCCGCACCGTCGGG-1",2,"L6/WM boundary"
"TATCCTATCAACTGGT-1",2,"L6/WM boundary"
"TATCCTGCATGGGAAT-1",3,"L3"
"TATCGATCTATGCATA-1",5,"L5"
"TATCGATGATTAAACG-1",5,"L5"
"TATCTACAGAGGTAAT-1",5,"L5"
"TATCTAGCCTAAAGGA-1",5,"L5"
"TATCTGAGCCGATATT-1",7,"WM"
"TATCTTGCAATACAAC-1",7,"WM"
"TATGAAGACAGGTGCG-1",3,"L3"
"TATGATAAATCTAACG-1",4,"L2"
"TATGATCCGGCACGCC-1",4,"L2"
"TATGATCTTCTCTTTA-1",3,"L3"
"TATGATTCTGCTTGGT-1",6,"L1"
"TATGCTCCCTACTTAC-1",5,"L5"
"TATGGAGTTTCTCGTT-1",6,"L1"
"TATGGATGTGCTACGC-1",1,"L6"
"TATGGCCCGGCCTCGC-1",5,"L5"
"TATGGGACCGAGCAGG-1",1,"L6"
"TATGGGTACGTATCGT-1",1,"L6"
"TATGGTCTGAGTAACA-1",1,"L6"
"TATGGTTAGTGGGAGA-1",3,"L3"
"TATGTAAAGTGCTTAA-1",2,"L6/WM boundary"
"TATGTAGAAACCCGGC-1",7,"WM"
"TATGTCAAGACCGACT-1",3,"L3"
"TATGTCTCATTGTGCC-1",5,"L5"
"TATTAACACCAAAGCA-1",2,"L6/WM boundary"
"TATTAACCTGACCGCG-1",7,"WM"
"TATTACCATCCTGCTT-1",3,"L3"
"TATTATGTTTGCCTGC-1",7,"WM"
"TATTCAATTCTAATCC-1",1,"L6"
"TATTCCACTCAGCTCG-1",2,"L6/WM boundary"
"TATTCCGAGCTGTTAT-1",3,"L3"
"TATTCCGGCAGTCCTA-1",4,"L2"
"TATTCCTCCGCCCACT-1",7,"WM"
"TATTCGTGCCAGAATA-1",1,"L6"
"TATTGCCGGGCTTGTA-1",4,"L2"
"TATTTAGTCTAGATCG-1",5,"L5"
"TATTTATACCGAGTAG-1",3,"L3"
"TATTTGATTTGCACAG-1",6,"L1"
"TATTTGTTACCCTTTA-1",5,"L5"
"TCAAACAACCGCGTCG-1",5,"L5"
"TCAAACTTAGATTGTT-1",1,"L6"
"TCAAATTTGAGACTCA-1",5,"L5"
"TCAACAAAGATAATTC-1",7,"WM"
"TCAACACATTGGGTAA-1",4,"L2"
"TCAACATAGCGCCCTA-1",2,"L6/WM boundary"
"TCAACATCGACCGAGA-1",1,"L6"
"TCAACCATGTTCGGGC-1",5,"L5"
"TCAACGAGGAGACAAA-1",2,"L6/WM boundary"
"TCAACGCAGGAAATAA-1",7,"WM"
"TCAACGCGACCGGCAG-1",1,"L6"
"TCAACTAACGTATAAC-1",5,"L5"
"TCAACTGCAGAGTCAG-1",4,"L2"
"TCAAGAAATACTAGCT-1",3,"L3"
"TCAAGCGCGGACGGTA-1",6,"L1"
"TCAAGGTTACTACACC-1",3,"L3"
"TCAATACGCCGTCATG-1",1,"L6"
"TCAATCCGGGAAGTTT-1",3,"L3"
"TCACAAACCGAGGTAC-1",3,"L3"
"TCACAGATCCTCAAAC-1",6,"L1"
"TCACAGCAAACTCGAA-1",2,"L6/WM boundary"
"TCACAGGAGAATAAGA-1",2,"L6/WM boundary"
"TCACAGGGAATCGCAA-1",5,"L5"
"TCACAGGTTATTGGGC-1",1,"L6"
"TCACATCTTATCTGAT-1",3,"L3"
"TCACCGCTCGGCACTC-1",5,"L5"
"TCACGATGTCCGTGGA-1",7,"WM"
"TCACGCATTGTAGATC-1",1,"L6"
"TCACGGCCCAAGAGAG-1",7,"WM"
"TCACGGTCATCGCACA-1",5,"L5"
"TCACGTGCCCGATTCA-1",1,"L6"
"TCACTACGACCAATGC-1",3,"L3"
"TCACTATCGTGCAATC-1",6,"L1"
"TCACTCAGCGCATTAG-1",6,"L1"
"TCACTCGTGCAACGGC-1",3,"L3"
"TCAGAACCTCCACAGG-1",4,"L2"
"TCAGACGCTATAGAAG-1",1,"L6"
"TCAGCAAATGCATCTC-1",1,"L6"
"TCAGCAGTAGGCCCTG-1",2,"L6/WM boundary"
"TCAGCCAATCCGTAAA-1",4,"L2"
"TCAGGGCGCAAACTCG-1",3,"L3"
"TCAGGGTGCACGAAAC-1",3,"L3"
"TCAGGGTGTAACGTAA-1",1,"L6"
"TCAGGTTCTTTGAGAA-1",1,"L6"
"TCAGTACTGACCCGCG-1",5,"L5"
"TCAGTAGGGACTATAA-1",2,"L6/WM boundary"
"TCAGTGTATACGTCAT-1",7,"WM"
"TCAGTTACGGAATGAT-1",4,"L2"
"TCATACTTACAGATCC-1",3,"L3"
"TCATATGAGCTTTGTT-1",1,"L6"
"TCATCACTCGAGCTCG-1",1,"L6"
"TCATCCCAGAGGGTGG-1",3,"L3"
"TCATCGATGGTCCCAA-1",7,"WM"
"TCATGCAGGTTCTCAT-1",5,"L5"
"TCATTTAAGTCTCCGA-1",3,"L3"
"TCATTTAGAAGTGTGA-1",4,"L2"
"TCCAACTCAGCTATCT-1",3,"L3"
"TCCAACTTTAAATTCT-1",1,"L6"
"TCCAAGCCTAGACACA-1",5,"L5"
"TCCAATAAAGGCTACC-1",2,"L6/WM boundary"
"TCCACAATGGTTTACG-1",5,"L5"
"TCCACATCGTATATTG-1",1,"L6"
"TCCACCAAGACATAGG-1",6,"L1"
"TCCACCTCTAGCCTTT-1",1,"L6"
"TCCACTTTATCTAGGT-1",5,"L5"
"TCCAGAGCACCGGTTC-1",1,"L6"
"TCCAGCGCTATAAGCG-1",6,"L1"
"TCCAGGCGAGTACGGT-1",1,"L6"
"TCCAGGGTATATACGA-1",1,"L6"
"TCCATCAATACTAATC-1",7,"WM"
"TCCATTAGTTGGATAG-1",6,"L1"
"TCCATTGTGACCTCGT-1",3,"L3"
"TCCCAAACAGACAACG-1",4,"L2"
"TCCCAAAGACGAAGGA-1",1,"L6"
"TCCCAAAGCCCTAAAT-1",4,"L2"
"TCCCACGGAGGGAGCT-1",4,"L2"
"TCCCACTCTCTTCCGG-1",4,"L2"
"TCCCAGCTTTAGTCTG-1",1,"L6"
"TCCCAGGCTTAGCTAA-1",1,"L6"
"TCCCGCGTACTCCTGG-1",5,"L5"
"TCCCGGGTGTGCTGCT-1",1,"L6"
"TCCCGGTCAGGAATTT-1",6,"L1"
"TCCCGTCAGTCCCGCA-1",5,"L5"
"TCCCGTGTGCAATTTG-1",5,"L5"
"TCCCTAGATCAATAGG-1",4,"L2"
"TCCCTGGCGTATTAAC-1",7,"WM"
"TCCCTGGCTCGCTGGA-1",5,"L5"
"TCCCTTAGATTACTCG-1",3,"L3"
"TCCCTTGTCTGAAACT-1",4,"L2"
"TCCGAACTTGGCTTAC-1",5,"L5"
"TCCGAAGTAGTCACCA-1",6,"L1"
"TCCGAATGGTCCTGAG-1",4,"L2"
"TCCGACCGCTAATCAA-1",2,"L6/WM boundary"
"TCCGAGAAGGCTAAGC-1",6,"L1"
"TCCGATAATTGCCATA-1",5,"L5"
"TCCGATGACTGAGCTC-1",5,"L5"
"TCCGATGGTGCGACAT-1",5,"L5"
"TCCGATTACATTGCCG-1",5,"L5"
"TCCGCCTGTCTACAAG-1",5,"L5"
"TCCGCGGCAGCATCTG-1",5,"L5"
"TCCGCGGCCCAATGAA-1",3,"L3"
"TCCGCTGTCATCCCGG-1",5,"L5"
"TCCGCTTATCCCATTA-1",1,"L6"
"TCCGGAGGAAGGGCTG-1",4,"L2"
"TCCGGCCTAGCGTACA-1",3,"L3"
"TCCGGCCTGCATCGAT-1",4,"L2"
"TCCGGGCTTGACGGGA-1",4,"L2"
"TCCGGTTCGTCCGGTC-1",2,"L6/WM boundary"
"TCCGTAACCACAATCC-1",4,"L2"
"TCCGTTAAGCTAATAT-1",3,"L3"
"TCCGTTTAGCCTTGAA-1",5,"L5"
"TCCTAAATTGGGAAGC-1",5,"L5"
"TCCTAACCGTCGGGCA-1",2,"L6/WM boundary"
"TCCTACATCCACGGCC-1",5,"L5"
"TCCTAGCAAAGAAGCT-1",2,"L6/WM boundary"
"TCCTCCTAAGACATTC-1",2,"L6/WM boundary"
"TCCTCGGGCTGGGCTT-1",1,"L6"
"TCCTCTACGAGATGGC-1",3,"L3"
"TCCTCTCCAGTTGTCC-1",5,"L5"
"TCCTCTGGCCCATTAG-1",3,"L3"
"TCCTGCCAACTGGAGA-1",3,"L3"
"TCCTGCGTTGATACTC-1",1,"L6"
"TCCTGGCGCTGCCTGG-1",4,"L2"
"TCCTTACGACGGTCCG-1",3,"L3"
"TCCTTCAGTGGTCGAA-1",5,"L5"
"TCCTTGTCCTTTAATT-1",1,"L6"
"TCCTTTAAATCCGCTT-1",3,"L3"
"TCCTTTCTTACGCTTA-1",1,"L6"
"TCGAAATTTAGGACCA-1",1,"L6"
"TCGAAGAACCGAGCAC-1",3,"L3"
"TCGAATATCCCGCAGG-1",7,"WM"
"TCGACAACTGAACCCG-1",7,"WM"
"TCGAGACCAACACCGT-1",1,"L6"
"TCGAGCCAGGCAGGCC-1",7,"WM"
"TCGATAGGCTAGTCGC-1",4,"L2"
"TCGCAAAGATGCATTT-1",1,"L6"
"TCGCACCAGGAGGCAG-1",5,"L5"
"TCGCATAAAGGGCGCA-1",6,"L1"
"TCGCATCCCTAAGTGT-1",4,"L2"
"TCGCATTCAATGACTT-1",6,"L1"
"TCGCCCAACTGACTCC-1",6,"L1"
"TCGCCGAAGTTGCGTC-1",2,"L6/WM boundary"
"TCGCCGACATATTCGC-1",3,"L3"
"TCGCCGGTCGATCCGT-1",5,"L5"
"TCGCCTCGACCTGTTG-1",6,"L1"
"TCGCGTCCAGAAGGTC-1",5,"L5"
"TCGCTAAACCGCTATC-1",3,"L3"
"TCGCTACTGGCTTTGA-1",5,"L5"
"TCGCTCGATATATTCC-1",1,"L6"
"TCGCTCGGCACCAGCG-1",4,"L2"
"TCGCTGGGCGGATTGT-1",5,"L5"
"TCGCTGTGCGTAAATC-1",3,"L3"
"TCGCTTTAAACGTTTG-1",5,"L5"
"TCGGAATGACCATCAA-1",4,"L2"
"TCGGAATGCGCTCTGA-1",5,"L5"
"TCGGACGCCCAGCCCA-1",5,"L5"
"TCGGAGAGTATCGGGA-1",2,"L6/WM boundary"
"TCGGAGTACATGAGTA-1",1,"L6"
"TCGGATCTGGATGACC-1",7,"WM"
"TCGGCGAACCCAAACC-1",3,"L3"
"TCGGCGTACTGCACAA-1",2,"L6/WM boundary"
"TCGGCTAACTTCCCTT-1",4,"L2"
"TCGGCTTGTATCGACG-1",3,"L3"
"TCGGGAACGTGCCTAG-1",4,"L2"
"TCGGGAGACAGCGTAC-1",5,"L5"
"TCGGGATTCAAACATA-1",5,"L5"
"TCGGGCACTTCTGGAT-1",6,"L1"
"TCGGGCCGTCGTGGTA-1",5,"L5"
"TCGGGTGAAACTGCTA-1",4,"L2"
"TCGGTCCCGACAATAG-1",7,"WM"
"TCGGTCCCTGACTCCA-1",3,"L3"
"TCGGTGACCGCTCCGG-1",4,"L2"
"TCGGTTAGCCATGTAG-1",4,"L2"
"TCGTAAGACGACATTG-1",5,"L5"
"TCGTAAGCTCCGAGGA-1",4,"L2"
"TCGTATAGTGCAATTA-1",3,"L3"
"TCGTATTACCCATTGC-1",1,"L6"
"TCGTATTTCGTCCGGA-1",4,"L2"
"TCGTCAAGTACGCGCA-1",7,"WM"
"TCGTCACACTGTTAGC-1",3,"L3"
"TCGTCCGCTGGCGTCT-1",3,"L3"
"TCGTCTTAGGCGTTAA-1",5,"L5"
"TCGTGTTCGACCACAA-1",4,"L2"
"TCGTTAGGAGTCCCTA-1",2,"L6/WM boundary"
"TCGTTCGTTATTATGT-1",3,"L3"
"TCGTTGCTATCCGGTC-1",7,"WM"
"TCGTTGGCTCGTCAAT-1",6,"L1"
"TCTAAAGAACAGTCTC-1",2,"L6/WM boundary"
"TCTAACTGTATGTAAA-1",3,"L3"
"TCTAATACTGCCTCAG-1",7,"WM"
"TCTACACGTTCATGCA-1",4,"L2"
"TCTACCCAATAGAGAG-1",4,"L2"
"TCTACCGTCCACAAGC-1",5,"L5"
"TCTAGCAATCTCCGCC-1",2,"L6/WM boundary"
"TCTAGCATCTTCGATG-1",5,"L5"
"TCTAGCATGCCCAGAA-1",1,"L6"
"TCTAGGTGGCGACGCT-1",3,"L3"
"TCTAGTGATATCGTGG-1",3,"L3"
"TCTAGTTATCAGAAGA-1",1,"L6"
"TCTATAGGTGGGTAAT-1",4,"L2"
"TCTATCATGCAGTTAC-1",3,"L3"
"TCTATCGGTCGCAACA-1",5,"L5"
"TCTATGCTATAACGAC-1",3,"L3"
"TCTATTACGCTGGCGA-1",4,"L2"
"TCTATTACTAGAGGAT-1",1,"L6"
"TCTCATGAGATAGGGT-1",5,"L5"
"TCTCCAACGTAGGTTA-1",5,"L5"
"TCTCCACAAGTTGAAT-1",3,"L3"
"TCTCCCTGGGCAGCGT-1",5,"L5"
"TCTCGAACGAGGTCAC-1",3,"L3"
"TCTCGACGTATCGCCG-1",4,"L2"
"TCTCGAGGAGGTTCGC-1",4,"L2"
"TCTCGGCTCCAGGACT-1",6,"L1"
"TCTCTAATAGCTGGTA-1",5,"L5"
"TCTCTCGCCGCACATA-1",6,"L1"
"TCTCTTACCGCGAACC-1",2,"L6/WM boundary"
"TCTGAACCGGTCGGCT-1",3,"L3"
"TCTGAACTCGTACCCG-1",3,"L3"
"TCTGAAGCACGTGGTC-1",5,"L5"
"TCTGAATTCCGTACAA-1",3,"L3"
"TCTGACTGTAATGGTT-1",6,"L1"
"TCTGAGCAATTGACTG-1",4,"L2"
"TCTGATGTATTCTGTC-1",5,"L5"
"TCTGCATACCTTGCTT-1",3,"L3"
"TCTGCCAGAAACTGCA-1",5,"L5"
"TCTGCGTCCGGTTTCT-1",4,"L2"
"TCTGGGAACCTTTGAA-1",3,"L3"
"TCTGTCATACAAGAGC-1",4,"L2"
"TCTGTGACTGACCGTT-1",6,"L1"
"TCTGTGCCATCATAGT-1",5,"L5"
"TCTGTGGCTACATTTC-1",6,"L1"
"TCTGTTACCCAGCATA-1",7,"WM"
"TCTTACAGAGGTACCG-1",3,"L3"
"TCTTACCGGAACTCGT-1",3,"L3"
"TCTTACGGCATCCGAC-1",3,"L3"
"TCTTACTTATGCCTCT-1",3,"L3"
"TCTTAGAGCTCCAATT-1",3,"L3"
"TCTTAGAGTGAACTCT-1",3,"L3"
"TCTTATGGGTAGTACC-1",6,"L1"
"TCTTCCCATGGGCACA-1",3,"L3"
"TCTTCGAATAGACGTT-1",1,"L6"
"TCTTCGATACCAATAA-1",1,"L6"
"TCTTCTATAACCCGCC-1",4,"L2"
"TCTTGATGCGTAGCGA-1",1,"L6"
"TCTTGCTCCCGATACT-1",5,"L5"
"TCTTGGTAACACCAAA-1",5,"L5"
"TCTTTAAGACTATGAA-1",3,"L3"
"TCTTTAGAGTCTAACA-1",4,"L2"
"TCTTTCTCTTAAGGAG-1",3,"L3"
"TGAAACCTCAACTCAC-1",6,"L1"
"TGAAACTTATGCAAGC-1",3,"L3"
"TGAAAGGACCTGACTC-1",5,"L5"
"TGAACAAGCAGGGACT-1",2,"L6/WM boundary"
"TGAATACCGACGCGTA-1",3,"L3"
"TGAATGAGTGTTTCCC-1",2,"L6/WM boundary"
"TGAATGTCAGCCGGCC-1",4,"L2"
"TGACACTTCTCTTTGC-1",4,"L2"
"TGACAGGACAAGTCCA-1",2,"L6/WM boundary"
"TGACATCGAGCGGACC-1",3,"L3"
"TGACATGTAACGTGAC-1",2,"L6/WM boundary"
"TGACCAAATCTTAAAC-1",1,"L6"
"TGACCAGCTTCAAAGT-1",4,"L2"
"TGACCCAACTCACATT-1",6,"L1"
"TGACCCACGTTAGACA-1",1,"L6"
"TGACGAATATTTCCCT-1",1,"L6"
"TGACGATGCACTAGAA-1",3,"L3"
"TGACTATAATCCTTTC-1",1,"L6"
"TGACTCCGAATCATAC-1",7,"WM"
"TGAGAATGCTTTACCG-1",5,"L5"
"TGAGAGATTTACCACG-1",5,"L5"
"TGAGATCAAATACTCA-1",4,"L2"
"TGAGATTAGGCCCTAA-1",3,"L3"
"TGAGCCATACAGTCTC-1",2,"L6/WM boundary"
"TGAGCGGAAAGTGTTC-1",1,"L6"
"TGAGCTTTAATGACGC-1",3,"L3"
"TGAGGAGTGCCAGCTT-1",1,"L6"
"TGAGGCATGTACTGTG-1",7,"WM"
"TGAGGTTGATCCCAAG-1",6,"L1"
"TGAGTAAATTAGCGTA-1",2,"L6/WM boundary"
"TGAGTGCCTCTTAAAT-1",7,"WM"
"TGAGTGGTCCGTGACG-1",5,"L5"
"TGAGTGTAACAACGGG-1",6,"L1"
"TGAGTTAAAGACATTC-1",4,"L2"
"TGATACATTTAGCCGT-1",7,"WM"
"TGATAGCGGGATTCTA-1",3,"L3"
"TGATCAGGGAACTGCT-1",1,"L6"
"TGATCCCAGCATTAGT-1",4,"L2"
"TGATCGGTTTGACCCT-1",1,"L6"
"TGATCTACGCTGATCT-1",3,"L3"
"TGATCTCCGGCGCCAG-1",1,"L6"
"TGATGGCTGTTTCTGA-1",4,"L2"
"TGATGGGACTAAGTCA-1",6,"L1"
"TGATGTCAATTAAGTG-1",4,"L2"
"TGATTATGGCACGCAG-1",6,"L1"
"TGATTCAGGTCCCGCG-1",1,"L6"
"TGATTCCCGGTTACCT-1",2,"L6/WM boundary"
"TGATTCGTCTATCACT-1",1,"L6"
"TGATTCTGTCGCCGGT-1",2,"L6/WM boundary"
"TGATTTATTAGCTGTG-1",1,"L6"
"TGATTTCCTCCTGACG-1",3,"L3"
"TGCAACCCATCTGCGG-1",3,"L3"
"TGCAAGAATGACGTAA-1",1,"L6"
"TGCAATCTAACACGGT-1",3,"L3"
"TGCAATTTGGGCACGG-1",4,"L2"
"TGCACAGTGAAGTTAT-1",4,"L2"
"TGCACGAGTCGGCAGC-1",4,"L2"
"TGCACTATGTGAGTGC-1",4,"L2"
"TGCAGAACTATATCGT-1",1,"L6"
"TGCAGAGTACCGAGCA-1",2,"L6/WM boundary"
"TGCAGATCGTCCTAGG-1",1,"L6"
"TGCAGCTACGTACTTC-1",1,"L6"
"TGCAGGATCGGCAAAG-1",5,"L5"
"TGCAGTGGTAGGGAAC-1",7,"WM"
"TGCAGTTTCCTCCCAT-1",5,"L5"
"TGCATATGTCTGTCAC-1",5,"L5"
"TGCATGGATCGGATCT-1",5,"L5"
"TGCATGTGACCCATAG-1",2,"L6/WM boundary"
"TGCATGTGGTAATCTA-1",5,"L5"
"TGCCAAAGTCAGACTT-1",1,"L6"
"TGCCAATGGGTACTCT-1",2,"L6/WM boundary"
"TGCCACCTGGCGAAAC-1",5,"L5"
"TGCCAGTACGTGGAGA-1",1,"L6"
"TGCCATGGCTTATAAG-1",4,"L2"
"TGCCATTACTAAAGAA-1",5,"L5"
"TGCCCGTACCGTTAAA-1",1,"L6"
"TGCCGGATGTACGAGC-1",7,"WM"
"TGCCGTGGATCGTCCT-1",1,"L6"
"TGCCTAATTGAAGATT-1",4,"L2"
"TGCCTGACATCGGTCA-1",4,"L2"
"TGCCTGATCAAACGAT-1",5,"L5"
"TGCCTTGGCCAGGCAA-1",5,"L5"
"TGCGAATATGGGATTT-1",1,"L6"
"TGCGACACCCTAGTGC-1",7,"WM"
"TGCGACGGCCGAACGT-1",7,"WM"
"TGCGAGAATATTACCC-1",7,"WM"
"TGCGAGCCCTTCCGCG-1",4,"L2"
"TGCGCAAAGCATTTGG-1",1,"L6"
"TGCGCGATTAACGGAG-1",5,"L5"
"TGCGGACTTGACTCCG-1",5,"L5"
"TGCGGAGTAAAGGTGC-1",5,"L5"
"TGCGGCATAGTTCAAC-1",3,"L3"
"TGCGGGTATTGGGATC-1",4,"L2"
"TGCGGTCTACGAGTAA-1",4,"L2"
"TGCGGTGAAATTTCAT-1",3,"L3"
"TGCGTAAGAACCTGAT-1",2,"L6/WM boundary"
"TGCGTCATGACTGAGC-1",7,"WM"
"TGCGTTTGTTGACACT-1",1,"L6"
"TGCTAAGTGTCTATTT-1",3,"L3"
"TGCTATACAAACGGAC-1",4,"L2"
"TGCTCCACAGTTCTTA-1",3,"L3"
"TGCTCGGCGAAACCCA-1",1,"L6"
"TGCTCGGTGGGTCACC-1",5,"L5"
"TGCTCTTGAGAGTTTG-1",5,"L5"
"TGCTGGTTGGACAATT-1",3,"L3"
"TGCTGTTGAAGAACTC-1",1,"L6"
"TGCTTAGAGAGAATGC-1",7,"WM"
"TGCTTCCCAAGCAGTA-1",1,"L6"
"TGGAAACGGAGTGAAC-1",6,"L1"
"TGGAACCACTGACACA-1",3,"L3"
"TGGAAGAAGGGAACGT-1",1,"L6"
"TGGAAGACGAACACCA-1",3,"L3"
"TGGAAGGATAAAGATG-1",5,"L5"
"TGGAATATCCTTGACC-1",4,"L2"
"TGGAATTAGACGCTTT-1",3,"L3"
"TGGACCAATCTAAGAT-1",5,"L5"
"TGGACGCAATCCAGCC-1",7,"WM"
"TGGACTGTTCGCTCAA-1",1,"L6"
"TGGAGAATAATCGTCC-1",2,"L6/WM boundary"
"TGGAGCTAAAGTTCCC-1",4,"L2"
"TGGAGTGATGCGATGA-1",5,"L5"
"TGGCAAACTAAATTAC-1",5,"L5"
"TGGCAACTCGCGCGCC-1",5,"L5"
"TGGCAAGCACAAGTCG-1",1,"L6"
"TGGCAATGGGACGGCG-1",4,"L2"
"TGGCACGAGCTCGAGT-1",4,"L2"
"TGGCAGATTACGATCA-1",2,"L6/WM boundary"
"TGGCAGCAGTAATAGT-1",1,"L6"
"TGGCATGAAGTTTGGG-1",7,"WM"
"TGGCCAAACTGAAGTA-1",5,"L5"
"TGGCCAATTTGGTACT-1",2,"L6/WM boundary"
"TGGCCGTATATTGACC-1",5,"L5"
"TGGCGACTGCTCCAAA-1",7,"WM"
"TGGCGATCAAGTTATG-1",2,"L6/WM boundary"
"TGGCGGTGTGCGATTG-1",6,"L1"
"TGGCTACACTCTACCT-1",4,"L2"
"TGGCTATGTGACATAC-1",5,"L5"
"TGGCTCTTGTCGCGTA-1",1,"L6"
"TGGCTTTGGGTAGACA-1",5,"L5"
"TGGGAAATGCCTTTCC-1",3,"L3"
"TGGGATGCACTCATTC-1",4,"L2"
"TGGGCAATAGTTGGGT-1",4,"L2"
"TGGGCACAAACAGAAC-1",4,"L2"
"TGGGCACGTTCTATGG-1",5,"L5"
"TGGGCAGGCCACCGCA-1",6,"L1"
"TGGGCCACAAGAGCGC-1",5,"L5"
"TGGGCCCATACTAATT-1",3,"L3"
"TGGGCCTTGCCTGCAT-1",6,"L1"
"TGGGCGATACAATAAG-1",2,"L6/WM boundary"
"TGGGTAAGGTTCCCGC-1",3,"L3"
"TGGTAAGCAGGATTGA-1",1,"L6"
"TGGTAGAATATATGGG-1",3,"L3"
"TGGTATCGCATCCCAA-1",3,"L3"
"TGGTATCGGTCTGTAT-1",4,"L2"
"TGGTCCCACGCTACGG-1",5,"L5"
"TGGTCTGTTGGGCGTA-1",1,"L6"
"TGGTGATCGTATTTGT-1",3,"L3"
"TGGTTAACTTACATTT-1",7,"WM"
"TGGTTCAACGGGTAAT-1",1,"L6"
"TGGTTCGTAGCAAAGG-1",5,"L5"
"TGGTTGGAGGATCCTG-1",3,"L3"
"TGGTTTAAACGTGGGT-1",4,"L2"
"TGTAACTTGTCAACCT-1",6,"L1"
"TGTAATGACCACAATA-1",5,"L5"
"TGTACCCGACCCTAAT-1",7,"WM"
"TGTACCTACACGAGGG-1",3,"L3"
"TGTACGAACAAATCCG-1",1,"L6"
"TGTACGCTATCAGCTT-1",4,"L2"
"TGTACTGTGCCAAAGT-1",6,"L1"
"TGTAGCCATCCCATTC-1",6,"L1"
"TGTAGGAGAAATTTCC-1",5,"L5"
"TGTAGTGATCTATAAT-1",1,"L6"
"TGTATAACAGATCCTG-1",5,"L5"
"TGTATCCTTATTCCAT-1",4,"L2"
"TGTATGGCGCAGACAG-1",3,"L3"
"TGTATTTACCTAATGC-1",4,"L2"
"TGTCATTTGTTGGGAA-1",4,"L2"
"TGTCCACGGCTCAACT-1",4,"L2"
"TGTCCCGACATAGCAC-1",3,"L3"
"TGTCCGTGGCGCCTTT-1",3,"L3"
"TGTCCTAAGTCACCGC-1",5,"L5"
"TGTCGTTATCACATAT-1",7,"WM"
"TGTCTACAGTTTCTGT-1",4,"L2"
"TGTGACTACGCCAGTC-1",5,"L5"
"TGTGAGACTAGCCCAA-1",1,"L6"
"TGTGATTCCAGCGCTT-1",4,"L2"
"TGTGCCGGTGCCGGAA-1",3,"L3"
"TGTGCTTTACGTAAGA-1",5,"L5"
"TGTGGAGGAAGCTTAA-1",6,"L1"
"TGTGGCAAAGCGTATG-1",5,"L5"
"TGTGGCGGGCTTCTGG-1",1,"L6"
"TGTGGCTCCCACCAAC-1",4,"L2"
"TGTGGTTGCTAAAGCT-1",2,"L6/WM boundary"
"TGTGTCGCGAGTTGCA-1",5,"L5"
"TGTGTTCGTATCCAAG-1",5,"L5"
"TGTTATTGTATGTGGC-1",5,"L5"
"TGTTCCGCTTCCATGA-1",1,"L6"
"TGTTCCGGCCTGAGCT-1",1,"L6"
"TGTTCTTCCATTGACT-1",1,"L6"
"TGTTGTCAAGAAGTCT-1",5,"L5"
"TGTTTAATACTTCATC-1",3,"L3"
"TGTTTCGGTACTTCTC-1",5,"L5"
"TGTTTCTGAAGCGTGC-1",7,"WM"
"TGTTTGAGATCGTCAG-1",4,"L2"
"TTAAACAGAGTCCCGC-1",6,"L1"
"TTAAACCGGTAGCGAC-1",4,"L2"
"TTAAACCTGGTTCCTT-1",3,"L3"
"TTAAACTCGAATTCAT-1",3,"L3"
"TTAACACCTCGAACAT-1",3,"L3"
"TTAACCAACCCTCCCT-1",5,"L5"
"TTAACGTCGCAAGACC-1",4,"L2"
"TTAACTCACGCGTGGA-1",3,"L3"
"TTAACTTCAGGTAGGA-1",2,"L6/WM boundary"
"TTAAGACGAACGAACC-1",4,"L2"
"TTAAGATAGGATTGAC-1",3,"L3"
"TTAAGCCGACAACTTC-1",3,"L3"
"TTAAGCGCCTGACCCA-1",1,"L6"
"TTAAGGATACGGAGGT-1",6,"L1"
"TTAAGGCCCGTACTTT-1",7,"WM"
"TTAAGTATTGTTATCC-1",3,"L3"
"TTAATCAGTACGTCAG-1",5,"L5"
"TTAATGCGAGGTAACT-1",4,"L2"
"TTAATGTAGACCAGGT-1",1,"L6"
"TTAATTGCTTTGGGTG-1",5,"L5"
"TTAATTTCAGACGCGG-1",5,"L5"
"TTACAACTACGCATCC-1",5,"L5"
"TTACACGATCTGCGAC-1",4,"L2"
"TTACAGACCTAAATGA-1",3,"L3"
"TTACATCGTGGCCTGG-1",3,"L3"
"TTACATGCCACAACTA-1",3,"L3"
"TTACCATTGATTACCC-1",5,"L5"
"TTACCCATTGCCGGGT-1",3,"L3"
"TTACCCTAACAGTCCT-1",3,"L3"
"TTACCCTAGGGATTGG-1",1,"L6"
"TTACGGATGGTTCGAG-1",3,"L3"
"TTACGGTGTCACCGAG-1",6,"L1"
"TTACGTAGCGCGTGCT-1",6,"L1"
"TTACTAAAGGACTTTA-1",5,"L5"
"TTACTATCGGCTTCTC-1",5,"L5"
"TTACTCCGGCCGGGAA-1",1,"L6"
"TTACTCTGGTACGTAC-1",2,"L6/WM boundary"
"TTACTGGGATATTTCA-1",2,"L6/WM boundary"
"TTACTGTTTCTCTACG-1",4,"L2"
"TTAGAAGAACATGACT-1",1,"L6"
"TTAGAATAAGGGTCGG-1",7,"WM"
"TTAGACACGATCGTTG-1",3,"L3"
"TTAGACGAGTCACCTC-1",5,"L5"
"TTAGAGTTTAGAAGGA-1",5,"L5"
"TTAGCAACATGGATGT-1",3,"L3"
"TTAGCTAATACGATCT-1",3,"L3"
"TTAGCTCTGTAATCCG-1",3,"L3"
"TTAGCTGATTTGCCGT-1",3,"L3"
"TTAGGTCATAACCGAC-1",2,"L6/WM boundary"
"TTAGTAAACCTGCTCT-1",3,"L3"
"TTAGTAGGGCGGCGGG-1",5,"L5"
"TTAGTTATTCGTGGCA-1",3,"L3"
"TTAGTTCAAGTGTTCG-1",4,"L2"
"TTATAGATGCACATTA-1",6,"L1"
"TTATAGGTAATTGTCT-1",5,"L5"
"TTATATACGCTGTCAC-1",1,"L6"
"TTATATTTGGCAATCC-1",5,"L5"
"TTATCCAATCGAACTC-1",4,"L2"
"TTATCCGGGATCTATA-1",3,"L3"
"TTATCCTCAAGGAATA-1",7,"WM"
"TTATCGCCTGCGAAGC-1",3,"L3"
"TTATCTGACATTAGGA-1",1,"L6"
"TTATCTGTATCATAAC-1",5,"L5"
"TTATGACAAACTGGAT-1",5,"L5"
"TTATGATCTTAACGAA-1",5,"L5"
"TTATGCGTCCCGGTCC-1",6,"L1"
"TTATGTTTGCGATAGA-1",3,"L3"
"TTATTAGAGCGTGTTC-1",1,"L6"
"TTATTAGGGAAGCATC-1",3,"L3"
"TTATTTCATCCCAAAC-1",6,"L1"
"TTCAAAGTCTCTAGCC-1",1,"L6"
"TTCAACGACCCGACCG-1",5,"L5"
"TTCAAGCCGAGCTGAG-1",3,"L3"
"TTCAATACTCTGAATC-1",5,"L5"
"TTCAATTAGCCATAAT-1",3,"L3"
"TTCACGAAAGGATCAC-1",1,"L6"
"TTCACTCGAGCACCTA-1",1,"L6"
"TTCACTTCCTAGAACG-1",1,"L6"
"TTCAGAGTAACCTGAC-1",6,"L1"
"TTCAGCCCTGGTCCAC-1",5,"L5"
"TTCAGCTGGCGTGCCC-1",3,"L3"
"TTCAGGCGTCAAAGCC-1",1,"L6"
"TTCAGTTCAAGAGGAG-1",2,"L6/WM boundary"
"TTCATAGCCTTGTAAC-1",6,"L1"
"TTCATGGCGCAACAGG-1",5,"L5"
"TTCCAATCAGAGCTAG-1",3,"L3"
"TTCCAATCTGGCTATC-1",7,"WM"
"TTCCACACAGATTTGA-1",7,"WM"
"TTCCACATTTCTCGTC-1",4,"L2"
"TTCCAGACGAGATTTA-1",4,"L2"
"TTCCATCATGCGGTGA-1",3,"L3"
"TTCCATCGACAGCGTG-1",4,"L2"
"TTCCCGACGCTTCACT-1",4,"L2"
"TTCCCGGCGCCAATAG-1",1,"L6"
"TTCCGCAGAGAAATAT-1",3,"L3"
"TTCCGCGTGAGGCGAT-1",1,"L6"
"TTCCGGCCTTGAGGCT-1",7,"WM"
"TTCCGGCTCGACTTCT-1",6,"L1"
"TTCCGGTATCTGTGTC-1",4,"L2"
"TTCCGGTTACCCACTT-1",5,"L5"
"TTCCTCGAGGGTGTCT-1",5,"L5"
"TTCCTCGGACTAACCA-1",3,"L3"
"TTCCTCTGCCCGAATA-1",5,"L5"
"TTCCTTTCTGTGTTGC-1",6,"L1"
"TTCGACAGAGCCCGTG-1",1,"L6"
"TTCGACGGGAAGGGCG-1",5,"L5"
"TTCGCACTCGCGTGCT-1",5,"L5"
"TTCGCCGCTCGCGCTA-1",7,"WM"
"TTCGCGCGCCATACGA-1",2,"L6/WM boundary"
"TTCGCTAGGAAGTTGT-1",4,"L2"
"TTCGCTATCTGACGTG-1",3,"L3"
"TTCGGACTGATGCCTT-1",4,"L2"
"TTCGGACTGGGCATGG-1",7,"WM"
"TTCGGCAACCCGCTGA-1",3,"L3"
"TTCGGCTAGAGATGGT-1",3,"L3"
"TTCGGGACTAATCGCG-1",1,"L6"
"TTCGGGCGCTAGTCTT-1",7,"WM"
"TTCGGTACTGTAGAGG-1",1,"L6"
"TTCGTAATCCCAGCGG-1",3,"L3"
"TTCGTACTCCAGAACG-1",5,"L5"
"TTCGTTCAACGAAGTT-1",3,"L3"
"TTCTAACCGAAGCTTA-1",5,"L5"
"TTCTACCTCAATCGGT-1",7,"WM"
"TTCTACCTTTATGTTG-1",4,"L2"
"TTCTACTTGCGAGGGC-1",3,"L3"
"TTCTAGAAAGTCTTAT-1",2,"L6/WM boundary"
"TTCTAGGCCAATTGTG-1",5,"L5"
"TTCTATTAAACGCAGC-1",1,"L6"
"TTCTCTTACAGGTGAT-1",7,"WM"
"TTCTGACCGGGCTCAA-1",5,"L5"
"TTCTGCCGCGCCTAGA-1",1,"L6"
"TTCTGCGAGCGCCCTT-1",5,"L5"
"TTCTGCGGGTTAGCGG-1",5,"L5"
"TTCTGCTAGACTCCAA-1",3,"L3"
"TTCTTAGTGAACGGTG-1",3,"L3"
"TTCTTAGTGGCTCAGA-1",5,"L5"
"TTCTTATCCGCTGGGT-1",3,"L3"
"TTCTTCCCTTTGATAT-1",4,"L2"
"TTCTTCGCAATAGAGC-1",4,"L2"
"TTCTTGAGCCGCGCTA-1",2,"L6/WM boundary"
"TTCTTGCTAGCATCTC-1",4,"L2"
"TTCTTGGACGATCTGC-1",7,"WM"
"TTCTTGGAGTAATGAG-1",5,"L5"
"TTCTTGTAACCTAATG-1",3,"L3"
"TTCTTTGGTCGCGACG-1",3,"L3"
"TTGAAAGGTGTAAAGG-1",4,"L2"
"TTGAACGAATCCTTTG-1",3,"L3"
"TTGAACGACGTGCTGA-1",3,"L3"
"TTGAAGAATTCCCAGG-1",1,"L6"
"TTGAAGGATGGGCGCC-1",7,"WM"
"TTGAATATGGACTTTC-1",1,"L6"
"TTGAATCGTTGTATAA-1",1,"L6"
"TTGAATTCACGTGAGG-1",3,"L3"
"TTGACAGGAGCTCCCG-1",3,"L3"
"TTGACATGAACGTGGA-1",2,"L6/WM boundary"
"TTGACCAGGAACAACT-1",5,"L5"
"TTGACCATGTTCTCCG-1",5,"L5"
"TTGACCGTGTTAATGA-1",7,"WM"
"TTGACGATTCAGCACG-1",4,"L2"
"TTGACGCTCCATGAGC-1",3,"L3"
"TTGACTACCATATGGT-1",2,"L6/WM boundary"
"TTGACTATTGTCCGGC-1",3,"L3"
"TTGAGAAGTTTAGCAT-1",3,"L3"
"TTGAGAGTACTGCTAA-1",7,"WM"
"TTGAGCAGCCCACGGT-1",4,"L2"
"TTGAGCGCCACGTGAT-1",4,"L2"
"TTGAGGCATTTAACTC-1",4,"L2"
"TTGATCTAACTTTGTC-1",1,"L6"
"TTGATGTGTAGTCCCG-1",5,"L5"
"TTGATTAGCTGTTTCT-1",7,"WM"
"TTGATTATGCAGATGA-1",5,"L5"
"TTGCAAGAAGACTCCT-1",1,"L6"
"TTGCACAATTCAGAAA-1",2,"L6/WM boundary"
"TTGCACGGAGCAGCAC-1",5,"L5"
"TTGCATGCTGATCACG-1",1,"L6"
"TTGCCAAGCAGAACCC-1",4,"L2"
"TTGCCATAGCCCGCTC-1",7,"WM"
"TTGCCCTGATCACGGG-1",1,"L6"
"TTGCCGCAGACCTACA-1",7,"WM"
"TTGCCGCTTTCTAGTA-1",5,"L5"
"TTGCCGGTGATCCCTC-1",4,"L2"
"TTGCCTAATCCAAAGT-1",7,"WM"
"TTGCGGCATCAGAAAG-1",7,"WM"
"TTGCGGCGACTCATGC-1",4,"L2"
"TTGCGTAGTTTGAGGA-1",3,"L3"
"TTGCGTCGGCCAACCG-1",2,"L6/WM boundary"
"TTGCGTGAACGCTTAG-1",3,"L3"
"TTGCTAGCTACCAATC-1",6,"L1"
"TTGCTCATAGTACGTG-1",3,"L3"
"TTGCTCCCATACCGGA-1",5,"L5"
"TTGCTGAAGGAACCAC-1",5,"L5"
"TTGCTGATCATGTTCG-1",1,"L6"
"TTGCTGCACCTATCCA-1",3,"L3"
"TTGCTGGCCGGGCTTC-1",3,"L3"
"TTGGAAGAATACAGTC-1",7,"WM"
"TTGGACATGTGGCTTA-1",1,"L6"
"TTGGACCATCTGGCAA-1",4,"L2"
"TTGGACCTATAACAGT-1",3,"L3"
"TTGGAGTCTCCCTTCT-1",4,"L2"
"TTGGATATCGTCTACG-1",2,"L6/WM boundary"
"TTGGATCGACTTCTGG-1",3,"L3"
"TTGGATTGGGTACCAC-1",5,"L5"
"TTGGCCATCTTGCGCT-1",4,"L2"
"TTGGCCTAGAATTTCG-1",3,"L3"
"TTGGCTCAATATGTGT-1",6,"L1"
"TTGGCTCGCATGAGAC-1",3,"L3"
"TTGGGAAGACGAGCCG-1",2,"L6/WM boundary"
"TTGGGACACTGCCCGC-1",1,"L6"
"TTGGGACGTAAGAGTT-1",4,"L2"
"TTGGGCGGCGGTTGCC-1",5,"L5"
"TTGGTCACACTCGTAA-1",2,"L6/WM boundary"
"TTGGTTGCGGTGCGCG-1",7,"WM"
"TTGTAAGGACCTAAGT-1",2,"L6/WM boundary"
"TTGTAAGGCCAGTTGG-1",5,"L5"
"TTGTAATCCGTACTCG-1",1,"L6"
"TTGTATCACACAGAAT-1",3,"L3"
"TTGTCGTTCAGTTACC-1",5,"L5"
"TTGTGAACCTAATCCG-1",3,"L3"
"TTGTGAGGCATGACGC-1",1,"L6"
"TTGTGCAGCCACGTCA-1",5,"L5"
"TTGTGGCCCTGACAGT-1",5,"L5"
"TTGTGGTAGGAGGGAT-1",7,"WM"
"TTGTGGTGGTACTAAG-1",3,"L3"
"TTGTGTATGCCACCAA-1",1,"L6"
"TTGTGTTTCCCGAAAG-1",1,"L6"
"TTGTTAGCAAATTCGA-1",5,"L5"
"TTGTTCAGTGTGCTAC-1",5,"L5"
"TTGTTGTGTGTCAAGA-1",5,"L5"
"TTGTTTCACATCCAGG-1",7,"WM"
"TTGTTTCATTAGTCTA-1",7,"WM"
"TTGTTTCCATACAACT-1",2,"L6/WM boundary"
"TTGTTTGTATTACACG-1",2,"L6/WM boundary"
"TTGTTTGTGTAAATTC-1",4,"L2"
