"","Astro","EndoMural","Micro","Oligo","OPC","Excit","Inhib"
"AAACAAGTATCTCCCA-1",0.0520676424227558,0.111331554763714,0.020925368646126,0.000165712920651183,0.0369425133843523,0.744981252782177,0.033585955080224
"AAACAATCTACTAGCA-1",0.0801145226666491,0.214494444820349,0.000246787163179022,0.0354437799259375,0.0241802499213033,0.632602683753388,0.0129175317491934
"AAACACCAATAACTGC-1",0.000116616999947237,0.0409205840959635,0.00332801183409588,0.945024739632477,0.0103768134376219,0.000116616999947239,0.000116616999947236
"AAACAGAGCGACTCCT-1",0.172349464606468,0.074713909315764,0.0213838206146532,0.0210727091756414,0.000252683197990684,0.641267090537763,0.0689603225517196
"AAACAGCTTTCAGAAG-1",0.0290214859988753,0.0835063993128312,0.0333182215912105,0.166094279421452,0.00024114282693093,0.680285615997368,0.00753285485133251
"AAACAGGGTCTATATT-1",0.0253897749688919,0.0680098384879575,0.00597548035749196,0.380299782628915,0.00143228942972141,0.486352794887996,0.032540039239026
"AAACAGTGTTCCTGGG-1",0.0853040584496831,0.159358568577729,0.0245550902174398,0.489277402509308,0.00023719024940195,0.241030499747036,0.000237190249401955
"AAACATTTCCCGGATT-1",0.0958830717804015,0.0874838060188785,0.00367817064296366,0.0294167043664621,0.000163499615214966,0.719211289161151,0.064163458414928
"AAACCCGAACGAAATC-1",0.0585687354552627,0.147112149538174,0.0203693185146904,0.0320029154842985,0.00023722828484433,0.693022243522523,0.0486874092002071
"AAACCGGGTAGGTACC-1",0.0312629112173253,0.32971535997827,0.0475947645730218,0.10466268366969,0.000572212096915655,0.415045566404855,0.071146502059922
"AAACCGTTCGTCCAGG-1",0.0908421255685999,0.0209995597957843,0.0610060864486852,0.804816375077064,0.000120994704193723,0.000148037869673925,0.0220668205359985
"AAACCTAAGCAGCCGG-1",0.10402511383282,0.0912742293108325,0.0286527464691918,0.0463911866251642,0.00025310147815785,0.685673675113157,0.0437299471706765
"AAACCTCATGAAGTTG-1",0.200677651523451,0.108836267399199,0.0278392496550594,0.0401222788394539,0.000252767246999856,0.622019018088837,0.000252767246999856
"AAACGAAGAACATACC-1",0.0126737726667971,0.0157335417974951,0.0047672015739198,0.0167936484485273,0.0249094110891222,0.868540092428639,0.0565823319954993
"AAACGAGACGGTTGAT-1",0.0218932346026801,0.0787990205591158,0.0102805137510225,0.10453250398253,0.000163432691815825,0.784161106599819,0.00017018781301735
"AAACGGGCGTACGGGT-1",0.0667834175432697,0.0765620835826581,0.00260355364141603,0.0759740071184409,0.00451419558041692,0.764054964202412,0.00950777833138661
"AAACGGTTGCGAACTG-1",0.0395284024667946,0.108432582706738,0.033316102865467,0.075493042647121,0.00380177337345871,0.739263968727712,0.000164127212708432
"AAACTCGGTTCGCAAT-1",0.0748510642178854,0.147104855670404,0.000371901601825762,0.10565860990166,0.00124021284923383,0.641877357441469,0.0288959983175214
"AAACTCGTGATATAAG-1",0.0685590217919838,0.0262143430080738,0.00858474947256328,0.000165281871934345,0.000165281871934345,0.896146040111576,0.000165281871934341
"AAACTGCTGGCTCCAA-1",0.0647417408938752,0.0522050756613677,0.0107646851110127,0.0696340108321796,0.00114521464755035,0.801354171819846,0.000155101034168859
"AAACTTAATTGCACGC-1",0.118900618502135,0.139396831158278,0.000119737572090309,0.721564604203439,0.0197787334198765,0.000119737572090315,0.000119737572090309
"AAACTTGCAAACGTAT-1",0.069869179713312,0.181416205914028,0.0472314146409321,0.16473372838978,0.000333069885910957,0.442661524567337,0.0937548768887001
"AAAGACATGAAGTTTA-1",0.278497499181916,0.200359320731073,0.0199761717946558,0.0156605509911099,0.0259301266407056,0.45904594266289,0.000530387997648598
"AAAGACCCAAGTCGCG-1",0.103153611026265,0.0796900191240513,0.000226226510344807,0.0114996903127798,0.00575179372187759,0.645483601538853,0.154195057765829
"AAAGACTGGGCGCTTT-1",0.0312951124180171,0.0253224443625196,0.000112865458425849,0.000112865458425849,0.000112865458425849,0.94293098138576,0.00011286545842585
"AAAGGCCCTATAATAC-1",0.000117238330801914,0.162635392904452,0.0609042376604191,0.775991416111921,0.000117238330801913,0.000117238330801916,0.000117238330801909
"AAAGGCTACGGACCAT-1",0.127370386089111,0.0631834759273908,0.00275064065604875,0.115723949819244,0.000153930140022012,0.690663687228161,0.000153930140022015
"AAAGGCTCTCGCGCCG-1",0.0933052741376893,0.076461466615667,0.0363623964977667,0.167345251275359,0.0241092463623499,0.59596647304629,0.00644989206487856
"AAAGGGATGTAGCAAG-1",0.0801739168158142,0.0152226610421128,0.000110228227704913,0.057615752385181,0.00011022822770491,0.846656985073777,0.000110228227704905
"AAAGGGCAGCTTGAAT-1",0.112816599399298,0.178672160213884,0.0117563348309717,0.0210338738758447,0.00024763872231055,0.675225754235381,0.00024763872231055
"AAAGGTAAGCTGTACC-1",0.164217740385916,0.252885563022137,0.016137120890581,0.0253210728100994,0.000555561655902966,0.45966469711777,0.0812182441175929
"AAAGTAGCATTGCTCA-1",0.0493157339938761,0.140714598999893,0.029358028745769,0.711325906127879,0.0690589093011403,0.000113411415721445,0.000113411415721449
"AAAGTCACTGATGTAA-1",0.0406189376550782,0.0774737779074874,0.00843711959472677,0.0158025878829153,0.000226082065512181,0.652526737343048,0.204914757551232
"AAAGTCGACCCTCAGT-1",0.0077137683348018,0.0718149453098816,0.00464524930168944,0.0843613786421752,0.0178999211783119,0.813379654540985,0.000185082692154834
"AAAGTGTGATTTATCT-1",0.0296666418976483,0.0655096288345984,0.0236550029766159,0.0273849850621491,0.00016688322577997,0.823618022500826,0.0299988355023822
"AAAGTTGACTCCCGTA-1",0.0163140658744533,0.0375648795843792,0.0110728366908912,0.000165292828621021,0.000165292828621021,0.883334423469604,0.0513832087234305
"AAATAACCATACGGGA-1",0.00438570361041086,0.216283018961806,0.00872974410639131,0.000164504420146284,0.000164504420146284,0.712574063420255,0.0576984610608446
"AAATAAGGTAGTGCCC-1",0.0250382030225026,0.0235245512815791,0.00489054267746972,0.000157963903230105,0.000157963903230106,0.894495242018871,0.0517355331931173
"AAATACCTATAAGCAT-1",0.0575249874255876,0.0807588786907167,0.0089327244475333,0.0663272942551576,0.000154955816336484,0.712658664975668,0.0736424943889999
"AAATAGCTTAGACTTT-1",0.0566986316111255,0.155237162478588,0.0427267491238328,0.0734650177053194,0.0292957730629378,0.621249061193876,0.0213276048243213
"AAATAGGGTGCTATTG-1",0.14484587901936,0.0542918701233413,0.000254690837928857,0.0374374645488517,0.000603217315618096,0.715412768935398,0.0471541092195022
"AAATCCGATACACGCC-1",0.0235013925890467,0.0383282142687748,0.000169651544636633,0.0427826742074744,0.000169651544636633,0.863007685801431,0.0320407300439995
"AAATCGTGTACCACAA-1",0.0424811107928319,0.12675441582042,0.000235972321639829,0.338844771386534,0.000235972321639828,0.491211785035295,0.000235972321639828
"AAATCTAGCCCTGCTA-1",0.121883421711159,0.157166242597926,0.000379329131128718,0.0385714607225037,0.00247000770998974,0.630018568869085,0.0495109692582073
"AAATGATTCGATCAGC-1",0.0702832247285926,0.0851119895293525,0.015184390936568,0.00508965027291238,0.0175459339637553,0.802196837557292,0.00458797301152681
"AAATGCTCGTTACGTT-1",0.0823269694599597,0.100596152213171,0.00137506422022272,0.0476523244550377,0.000392212205846658,0.681682641013513,0.0859746364322495
"AAATGGCATGTCTTGT-1",0.00376154579603536,0.114902556512961,0.000265201791737785,0.0761678407608392,0.000265201791737786,0.804372451554951,0.000265201791737789
"AAATGGCCCGTGCCCT-1",0.0582745142652646,0.152745391997856,0.0884143229688107,0.587156637985978,0.000165641103051396,0.113077850575989,0.00016564110305139
"AAATGGTCAATGTGCC-1",0.164897692768151,0.123399317086209,0.0055706891018892,0.116881653184338,0.000240312159377256,0.588770023540658,0.00024031215937727
"AAATGTGGGTGCTCCT-1",0.360937683780728,0.0925933966739698,0.0234878240720109,0.0670592127018504,0.00641700170916213,0.382685523271033,0.0668193577912453
"AAATTAACGGGTAGCT-1",0.00953445650441185,0.0354423578226373,0.00229365904740133,0.0726716916942468,0.00010362687127476,0.879850581188753,0.000103626871274761
"AAATTACACGACTCTG-1",0.17511943378434,0.0942958835377449,0.000792733137183489,0.0720353867574914,0.0500085159653497,0.567112540916188,0.0406355059017019
"AAATTACCTATCGATG-1",0.057493069090119,0.0549314052824805,0.0163322173760994,0.0688747677288138,0.00515780423920467,0.797045069316926,0.00016566696635703
"AAATTGATAGTCCTTT-1",0.00628357252689374,0.0312423626446284,0.0375721441035544,0.924636350302451,8.26471701428474e-05,0.00010027608218631,8.26471701428447e-05
"AAATTGCGGCGGTTCT-1",0.118077713042251,0.135234027593196,0.0240812617444198,0.000381688914682761,0.00699818862307452,0.689696144114156,0.0255309759682203
"AAATTTACCGAAATCC-1",0.0272637449617376,0.132171241773124,0.0320892433127603,0.0439997281223939,0.0212825214737787,0.713877565447751,0.029315954908454
"AAATTTGCGGGTGTGG-1",0.229304145247368,0.13977337744529,0.0328722727595078,0.520163330113751,0.000162032853605777,0.0775628087268711,0.000162032853605781
"AACAACTGGTAGTTGC-1",0.0835378403531691,0.135424956681118,0.000169384750187722,0.0270308269922169,0.000169384750187724,0.745748183528427,0.00791942294469301
"AACAATACATTGTCGA-1",7.32323754021314e-05,0.0498969844533568,0.0124698027965192,0.834218770742142,0.0118758899993344,0.0913920872578435,7.32323754021324e-05
"AACAATTACTCTACGC-1",0.0438904846738876,0.0992195649359261,0.00524506372871407,0.0240015984697063,0.0201094187355924,0.759538486167113,0.0479953832890608
"AACACACGCTCGCCGC-1",0.126888351944227,0.0315967563034251,0.0184472638562411,0.0476746607376049,0.000162414734757421,0.737030142358251,0.0382004100654936
"AACACGACTGTACTGA-1",0.0402311650252559,0.0252881907810605,0.025509132949056,0.0141983066791637,0.00016098900681259,0.894451226551839,0.000160989006812586
"AACACGAGACGCGGCC-1",0.0758893833424629,0.0829844335537725,0.000159197045416215,0.375711824384432,0.000159197045416205,0.464936767583084,0.000159197045416215
"AACACGCGGCCGCGAA-1",0.464147235903858,0.247595542020895,0.0215447363030386,0.0234738804168035,0.000364624722387739,0.242509355910629,0.000364624722387736
"AACAGCTGTGTGGCAA-1",0.0432368327267943,0.160497740067413,0.00989106917627539,0.785601821359746,7.49601858525015e-05,7.49601858524988e-05,0.000622616298065768
"AACAGGAAATCGAATA-1",0.0191848775164988,0.0582069795358916,0.0396015317000081,0.0275594648072637,0.000251381409617289,0.752444900974153,0.102750864056567
"AACAGGATGGGCCGCG-1",0.0217024965447821,0.0908461740936317,0.0449274993738943,0.0410229539591547,0.00015985926328016,0.801181157501977,0.000159859263280158
"AACAGGTAGTATGGAT-1",0.0470125545544669,0.101556451799136,0.00549562702856495,0.000170138353880776,0.0351037178482943,0.779640527932755,0.031020982482902
"AACATATCAACTGGTG-1",0.0311113795693973,0.114733620312438,0.000243380145225515,0.10092627620409,0.0256842975185196,0.692781410065143,0.0345196361851867
"AACATCGATACGTCTA-1",0.183040141003162,0.173430197980406,0.00033168683716781,0.0764074661667045,0.000331686837167809,0.401786838175517,0.164671982999876
"AACATTGAAGTTGATC-1",0.0853967629414292,0.132268717184634,0.000113649782312657,0.741633997452917,0.000473281640720107,0.00015095860210141,0.0399626323958849
"AACATTGGTCAGCCGT-1",0.12934207538841,0.216762125437775,0.000252986477180972,0.0191001467262567,0.000252986477180965,0.621391762813597,0.012897916679599
"AACATTGTGACTCGAG-1",0.0627245208487415,0.10414117272908,0.00656378310711271,0.229864249201459,0.0204787020580869,0.575984638043118,0.000242934012401796
"AACCAAGACTTCTCTG-1",0.00026531993221575,0.194782218965502,0.00912322476671475,0.061210855116373,0.00026531993221575,0.734087741354763,0.00026531993221575
"AACCAGTATCACTCTT-1",0.0632657387611234,0.249520991986466,0.0169076366664361,0.000241683507541832,0.000241683507541833,0.669580582063349,0.000241683507541838
"AACCATAGGGTTGAAC-1",0.000113097174456438,0.14644091348726,0.0542786504014882,0.798828047413426,0.000113097174456448,0.000113097174456415,0.000113097174456455
"AACCATGGGATCGCTA-1",0.0840020276893462,0.085028267728667,0.0065464640467225,0.0123366570397651,0.00015682712369425,0.73452873107375,0.0774010252980544
"AACCCAGAGACGGAGA-1",0.0283914665109798,0.0528659486695262,0.00850584669457293,0.0193507822287495,0.000169128350119975,0.890547699195932,0.000169128350119979
"AACCCATCCCATGATC-1",0.0979584501421107,0.170975112108437,0.00526459679339649,0.657023134221868,0.00690562160253868,0.0616941569754108,0.000178928156238687
"AACCCGACAACCCGTG-1",0.139439881073525,0.200658437845233,0.0193235721184531,0.486773156204974,0.000223623895866873,0.153357704966081,0.000223623895866868
"AACCCGAGCAGAATCG-1",0.26902591841711,0.0322945308693748,0.0384514216096586,0.0199163308526049,0.000241923384026599,0.639827951483198,0.000241923384026599
"AACCCTACTGTCAATA-1",0.0994117527954323,0.109797694720421,0.0102864112898538,0.0305067923060613,0.00980996675694625,0.726605385066858,0.0135819970644283
"AACCCTGGTGGAACCA-1",0.018092718015935,0.0269845714733479,0.000234994587774369,0.000166108730498398,0.0183710100425855,0.93598448841936,0.000166108730498398
"AACCGAGCTTGGTCAT-1",0.0951729632406131,0.174566088064641,0.000247905541784747,0.128901771638982,0.0205477200668234,0.580315645905371,0.000247905541784747
"AACCGCTAAGGGATGC-1",0.031581840623675,0.0337180833639998,0.000116225679381287,0.000116225679381286,0.000116225679381285,0.9342351732948,0.000116225679381285
"AACCGTTGTGTTTGCT-1",0.00443125452283788,0.0229473421625886,0.000170083593975937,0.0167873979730323,0.000170083593975937,0.955323754559613,0.000170083593975935
"AACCTAAAGCCGTCCG-1",0.0426217787931801,0.0475668233862231,0.000255993891785755,0.0357215224867402,0.000255993891785757,0.823600403767498,0.0499774837827868
"AACCTCGCTTTAGCCC-1",0.0501393918851061,0.0646799155876192,0.0325424085696806,0.0936299120948888,0.000163872729905505,0.730849846155424,0.027994652977376
"AACCTTTAAATACGGT-1",0.0651077575526593,0.126765688928685,0.0224382942450419,0.0737017103703672,0.0021909941949788,0.709551788794757,0.00024376591351114
"AACCTTTACGACGTCT-1",0.026301700102561,0.133680688475069,0.00924162220347439,0.0956371153092604,0.000260618588813544,0.693052861951021,0.0418253933698014
"AACGAAAGTCGTCCCA-1",0.0183335664747184,0.0953576536109023,0.00363074815372862,0.861143392372938,0.0213718279659525,8.6661508436029e-05,7.61499133238079e-05
"AACGATAATGCCGTAG-1",0.0518803170319341,0.106966220523174,0.00936753857232681,0.115403665019698,0.000256444617767094,0.715869369617333,0.000256444617767093
"AACGATAGAAGGGCCG-1",0.0103597101817078,0.0899240578598193,0.0305588328155,0.0478858140126084,0.000252878567794017,0.778482778483409,0.0425359280791611
"AACGATATGTCAACTG-1",0.0681776802211279,0.0876590470946389,0.000175887229697297,0.067845489659038,0.0128402547745253,0.763125753791275,0.000175887229697301
"AACGCATGATCTGGGT-1",0.086196753525696,0.0986660561741087,0.000172467923271107,0.026172478732602,0.00296019167610928,0.785659584044942,0.000172467923271105
"AACGCGACCTTGGGCG-1",0.0883895114754586,0.0712989917477509,0.0101771755927895,0.199878497191267,0.000232315990070001,0.629791192012594,0.000232315990069995
"AACGCGGTCTCCAGCC-1",0.0228122091320054,0.140705068468879,0.000260828410650218,0.144880853338246,0.000260828410650222,0.690819383828919,0.000260828410650222
"AACGCTGTTGCTGAAA-1",0.0718646349207662,0.116186217908424,0.0109439362936485,0.0597843316954602,0.00620377709871673,0.734756016189373,0.000261085893610915
"AACGGACGTACGTATA-1",0.023579825174639,0.0494620379662658,0.0207426191536433,0.0782209190449568,0.000254533273364077,0.827485532113767,0.000254533273364073
"AACGGCCATCTCCGGT-1",0.00359348240411975,0.0448746684025936,7.83827842980212e-05,0.902484568537966,7.83827842980211e-05,0.0451781649030249,0.00371235018369954
"AACGTACTGTGGGTAC-1",0.0103987947934816,0.0685123477141833,8.50961434446754e-05,0.800492990452468,8.50961434446765e-05,0.110768871072039,0.00965680368093881
"AACGTAGTCTACCCAT-1",0.105654973415041,0.0858431460662033,0.0319155007065604,0.0704321292528047,0.000164865543926814,0.705788831259813,0.000200553755650384
"AACGTCAGACTAGTGG-1",0.0503515982937726,0.0187970058272582,0.060165424001982,0.0871512978741664,0.0002562269033192,0.783022220196182,0.000256226903319197
"AACGTGATGAAGGACA-1",0.0524795140871914,0.0873756271585775,0.0179744639318507,0.0609189696311906,0.00415029877642117,0.769303023876828,0.00779810253794061
"AACGTGCGAAAGTCTC-1",0.0910380969651672,0.106946694188202,0.0216709017171587,0.14218747666037,0.00909222677596622,0.628838156500716,0.000226447192420825
"AACTACCCGTTTGTCA-1",0.133372512292076,0.104592418019891,0.0340528685938921,0.000249826632962256,0.0162421572434893,0.692845888504023,0.0186443287136672
"AACTAGCGTATCGCAC-1",0.465882930840318,0.17734958214347,0.0219628401514691,0.017323901949564,0.000387736546121432,0.316705271822936,0.000387736546121434
"AACTAGGCTTGGGTGT-1",0.0742544214098709,0.0452501054712967,0.033791108962895,0.191193884902297,0.000240421064496109,0.655029637124648,0.000240421064496116
"AACTCAAGTTAATTGC-1",0.00023948501759596,0.28005782649538,0.0642745948043353,0.121052083934914,0.000239485017595962,0.533897039712583,0.000239485017595937
"AACTCCAGAGCGTGTT-1",0.10930431660449,0.0490439807170283,0.000174975535823666,0.00939866582397361,0.000174975535823668,0.797914949759867,0.0339881360229937
"AACTCCTAATCCCATG-1",0.0140957426710366,0.0404138487599807,0.00017115999425956,0.000562702814950186,0.00557800417150713,0.919800852127039,0.0193776894612268
"AACTCGATAAACACGT-1",0.0683423073236213,0.245691377346606,0.0743241053540043,0.086536855866319,0.000389516278701727,0.524326321552046,0.000389516278701728
"AACTCGATGGCGCAGT-1",0.287008732837748,0.231878205699757,0.0570280041415387,0.00297040694091155,0.000240253689048242,0.420634143001948,0.00024025368904824
"AACTCTCAATAGAGCG-1",0.0463154762623877,0.0600026951942279,0.0114670753328361,0.0219530705449032,0.013630482231597,0.826557545288265,0.0200736551457831
"AACTCTCAGTGTGCTC-1",0.0594758198933415,0.0397645516773901,0.0365931140060077,0.815562587889506,0.0130783155049588,0.0126345116697533,0.0228910993590423
"AACTGATATTAGGCCT-1",0.0521726891961415,0.0786560463757181,0.00017379642884831,0.0530507053867282,0.00017379642884831,0.815596421840602,0.000176544343113834
"AACTGGGTCCCGACGT-1",0.0968967485360919,0.0875988624887156,0.000245789543929773,0.140891578433426,0.000245789543929772,0.634682569665278,0.0394386617886294
"AACTGGGTTCGAGCCG-1",0.123286907533735,0.0580055920718287,0.0188703242989433,0.000179473940011478,0.00017947394001148,0.799298754275458,0.000179473940011475
"AACTGGTGTGGGCCTT-1",0.0175592077123773,0.00983364791221861,0.026285067091451,0.000113961443298723,0.000113961443298723,0.919774377097136,0.0263197773002201
"AACTTCTGCGTCTATC-1",0.0789062405659512,0.102425133696712,0.00945633040488732,0.063129332592421,0.000256233954847118,0.745570494830334,0.000256233954847115
"AACTTGCCCGTATGCA-1",0.0834592624264052,0.109772658345769,0.0305731562780492,0.0214942082735504,0.000237918020589003,0.684215091082446,0.0702477055731911
"AACTTGCGTTCTCGCG-1",0.0529038950731775,0.0706384708204486,0.0279807892914798,0.0449983683846334,0.000163051128066503,0.803152374174128,0.000163051128066502
"AACTTTAGCTGCTGAG-1",0.195020933815339,0.0769174712135046,0.00035354860162245,0.0780672391835352,0.0488007080996705,0.570330282885037,0.0305098162012909
"AAGAAGGATCAGTTAG-1",0.0343044415760796,0.0911269634084746,0.000252973210317351,0.0486991270171606,0.0281242904602793,0.797239231117371,0.000252973210317357
"AAGACATACGTGGTTT-1",0.0906396878153444,0.0927030861095251,0.0283038269274623,0.0426366956489651,0.000255459791836386,0.74520578391503,0.000255459791836386
"AAGACCAAATAACTCA-1",7.6981961716522e-05,0.014199036716072,7.69819617165193e-05,0.985416053475345,7.69819617165174e-05,7.69819617165114e-05,7.69819617165161e-05
"AAGACCCAACTGAACA-1",0.0286859516017423,0.0690780012430373,0.0270701303359465,0.161927227685936,0.0276024838306288,0.685485507314398,0.000150697988310921
"AAGACTAACCCGTTGT-1",0.110718471565754,0.188564505121145,0.000233923661830746,0.00755073385329796,0.04620151916422,0.646496922971921,0.000233923661830747
"AAGACTCACGCCCACT-1",0.0666281020603165,0.086760017229131,0.108284333586131,0.00024771571906974,0.0202111984202675,0.717620917266015,0.000247715719069739
"AAGACTGCAAGCTACT-1",0.0233968171114093,0.0838371912164796,0.015788634983495,0.190680493714977,0.000240756141761232,0.685815350690117,0.000240756141761229
"AAGAGATGAATCGGTA-1",0.0671055261415176,0.207237257250919,0.000258135403118131,0.112538503055532,0.000258135403118129,0.612344307342676,0.000258135403118139
"AAGAGCTCTTTATCGG-1",0.0535271806517545,0.0562417895918487,0.0185684736870536,0.0880418590021019,0.00200059845353844,0.762518096705313,0.01910200190839
"AAGAGGATGTACGCGA-1",0.0245774034329829,0.111305249244762,0.0333690190952026,0.145794866196026,0.000156547573109397,0.684640366884808,0.000156547573109398
"AAGAGGCATGGATCGC-1",0.138754035675934,0.118065868892782,0.00701761659795737,0.118943588003115,0.000266174138204281,0.616686542553804,0.000266174138204281
"AAGAGGCCCTTTGGAA-1",0.0628081694686374,0.0329916075085963,0.000162571848052112,0.00380347274214179,0.000162571848052111,0.807053334980571,0.0930182716039489
"AAGATGGCACCGGACC-1",7.95756759184568e-05,0.058838398201817,0.002904217150941,0.770669006956494,0.019863150349761,0.14756607598915,7.9575675918457e-05
"AAGATTGGCGGAACGT-1",0.0555894629018119,0.0892294676159677,0.000180270180374524,0.0559321272281624,0.000180270180374524,0.798708131712934,0.000180270180374524
"AAGCACCCTGCGTATC-1",0.0562198819491231,0.0440213041445036,0.00376525909607441,0.0494606361851744,0.00010808361020166,0.826871289758984,0.0195535452559388
"AAGCATACTCTCCTGA-1",0.044887713024767,0.086355204516756,0.0124169533463768,0.0588066742161608,0.010380992633137,0.756830962069457,0.030321500193346
"AAGCCGAAGCGGTTTA-1",0.115456047712112,0.0963462780066247,0.00488011284746109,0.000166660529248672,0.00452022261306218,0.739630446654595,0.0390002316368966
"AAGCCGCCGTGAAATC-1",0.0116178411725955,0.083816217766129,0.00981893752650418,0.882339597229193,0.0122514126431364,7.79968312210314e-05,7.79968312210383e-05
"AAGCGCAGGGCTTTGA-1",0.0931019986844429,0.0870544416624563,0.000272197730948056,0.0576524525644307,0.000272197730948054,0.761374513895826,0.00027219773094805
"AAGCGGCGTCATGGGT-1",0.029182855961461,0.117395133544394,0.0142654136539511,0.0070334121101593,0.000606308320915106,0.746332589201453,0.0851842872076663
"AAGCGTCCCTCATCGA-1",0.0639978273288062,0.167364933615806,0.0283297307037648,0.597399048067266,0.000112404123136716,0.0686035589144521,0.0741924972467682
"AAGCTAGATCGAGTAA-1",0.0584968145076606,0.0436806322291196,0.000169991887126673,0.0275569830262559,0.000169991887126675,0.869755594575584,0.000169991887126665
"AAGCTCGTGCCAAGTC-1",0.0927088123348492,0.105296896687983,0.0127365134847952,0.0625713113518993,0.000240687255033458,0.715258626380777,0.0111871525046634
"AAGCTCTTTCATGGTG-1",0.000174102931823274,0.0890885245701985,0.0124360331255291,0.0629089172002069,0.000174102931823273,0.830816126799326,0.00440219244109262
"AAGGAGAACTTATAAG-1",0.192945327862099,0.252175937086771,0.0437974219850076,0.000367232714925525,0.0312019545524127,0.443753063418628,0.0357590623801559
"AAGGAGCGGTTGGTGC-1",0.0715214320475451,0.0461807671307773,0.00892811048998526,0.0670431013864989,0.000174688816432078,0.78308839150094,0.0230635086278217
"AAGGATCGATCGCTTG-1",0.0471193513516969,0.111881226713628,0.0120410281979667,0.00016594452065828,0.0211017556770908,0.807524749018301,0.000165944520658279
"AAGGATGAGGGACCTC-1",0.0621299509615097,0.0535777109942548,0.0129086459405624,0.0278448263974003,0.0332245991300925,0.758288276911933,0.0520259896642471
"AAGGCAGGCTGTCTCC-1",0.114788245244526,0.106136580986282,0.000252193226593044,0.070743425169409,0.000252193226593045,0.62687816970334,0.0809491924432568
"AAGGCGCGTAAAGCTT-1",0.0684473751311177,0.10658658518019,0.0162813197046221,0.038351918884081,0.000175645312093845,0.769981510475801,0.000175645312093835
"AAGGCTGTGCTCATCG-1",0.100377869498275,0.0716198483588213,0.034764863888833,0.170059694694309,0.000236292907901536,0.57834814386699,0.0445932867848704
"AAGGGAACGACTGGCT-1",0.0497767537520209,0.0760940653912529,8.01414852784402e-05,0.873808614915612,8.01414852784416e-05,8.01414852784354e-05,8.01414852784517e-05
"AAGGGACAGATTCTGT-1",0.219601450388755,0.0406631583112588,0.0186408795644488,0.0242480378108826,0.000243900756767677,0.69635867241112,0.000243900756767676
"AAGGGACTATGCATTC-1",0.0472513080048066,0.0885101632161365,0.000109535951927168,0.851681168153691,0.0122287527695847,0.000109535951927166,0.000109535951927166
"AAGGTATCCTAATATA-1",0.058243701347069,0.0374612672443935,0.0296796813276431,0.106021592940542,0.0105221758426891,0.738529616361169,0.0195419649364937
"AAGGTGATAAACCAGC-1",0.0154740908201193,0.0921753066823272,0.000410883714897605,0.055263215860838,0.000179472016737415,0.836316832979218,0.000180197925862382
"AAGTAAGCTTCCAAAC-1",0.0708191813562516,0.146140614160773,0.0150953821096884,0.0339435191189461,0.000247320416937427,0.733506662420466,0.000247320416937427
"AAGTAGAAGACCGGGT-1",0.0363269401452569,0.00885060713873562,0.00684141806727352,0.0447507212482061,0.000169718939046857,0.893899755713272,0.0091608387482089
"AAGTAGTGACGCGAGG-1",0.135382776253039,0.127860261783477,0.0394980009407779,0.0936826258645395,0.000240532610917989,0.596166460005496,0.00716934254175246
"AAGTCAATTGTCGTCA-1",0.120693347917498,0.145394180488484,0.00776425955296607,0.00243728703368639,0.000252873967956312,0.723205177071452,0.000252873967956308
"AAGTGACGACCGAATT-1",0.0707974414297973,0.124319471728007,0.0245946290454952,0.0698993761605456,0.000248691582134604,0.709891698471886,0.000248691582134602
"AAGTGAGTCGGGTTTA-1",0.0570976719883139,0.1019481816918,0.0109380806860128,0.438344170525318,0.000245348127128712,0.391181198854298,0.000245348127128712
"AAGTGCAAAGGTAGAC-1",0.0283022196514017,0.116089348061299,0.0108254064933445,0.0605095555597414,0.0258435589141509,0.731670370780298,0.0267595405397648
"AAGTGCCTTGACTGTA-1",0.120757235274808,0.0806420279509027,0.0197535925012253,0.0414112270680809,0.000251983580649233,0.730398039505149,0.00678589411918532
"AAGTGCGTTAGAATCT-1",0.189828316245188,0.164923475835245,0.03222203403325,0.570638665778174,0.0396399341036889,0.000159276071832612,0.00258829793262193
"AAGTGCTTCTCTATTG-1",0.0851589598447654,0.189665051344982,0.0177390341172007,0.51137164531972,0.000168876002360948,0.19572755736861,0.000168876002360946
"AAGTGTTTGGAGACGG-1",0.0349291452892245,0.064988293672187,0.00540191434282274,0.0110518700395088,0.000167191894687154,0.883294392866883,0.000167191894687156
"AAGTTCACTCCAAGCT-1",0.0367319631096379,0.0337888457207066,0.00402758791348162,0.0027445059974526,0.000173641993805609,0.92235981327111,0.000173641993805609
"AAGTTCAGTCTGCGTA-1",0.0290221286539213,0.0377589201210824,0.00448309914647612,0.00657955159102383,0.00184300249324924,0.920145613561405,0.000167684432841686
"AAGTTCGGCCAACAGG-1",0.0285528993973865,0.0589560969597362,7.88089103608136e-05,0.888982929903135,7.88089103608139e-05,0.000181670629830071,0.0231687852891902
"AAGTTGTGATGTTATA-1",0.0517759443657701,0.114024493558639,0.0319048498812624,0.120112592528731,0.00356665514973244,0.656184390886223,0.0224310736296419
"AAGTTTACTAATGGCA-1",0.087546781754022,0.0220883844346146,0.0123480042042112,0.013979795937619,0.0175075580808545,0.832049094491886,0.014480381096793
"AAGTTTATGGGCCCAA-1",0.0644903026928112,0.132127450303815,0.000162773684062995,0.0610894118190238,0.00746281680002351,0.7345044710162,0.000162773684062995
"AATAACAACGCTCGGC-1",0.0371833955279907,0.0638204309238154,0.0254897825330273,0.0884257339534757,0.000176307207988456,0.784728042645714,0.000176307207988456
"AATAACACTAGAACAA-1",5.65936168791384e-05,5.81305057629026e-05,5.38867540895753e-05,0.982780548767947,5.3886754089575e-05,0.0169430668471427,5.38867540895765e-05
"AATAAGTCCTCGAGAC-1",0.0205050498344235,0.144390278390804,0.02250512524939,0.000178039269448301,0.000178039269448299,0.811623100799731,0.000620367186755028
"AATACAATGTTTCAGG-1",0.178991715209769,0.233272618801932,0.0539754782014535,0.0996849403253825,0.000341558775395153,0.433392129910672,0.000341558775395153
"AATACCGGAGGGCTGT-1",0.0788686063135988,0.0708250771410258,0.0372376448367839,0.812844060070941,7.48705458833625e-05,7.48705458833538e-05,7.48705458833659e-05
"AATACCTGATGTGAAC-1",0.0368268640971348,0.193330078478244,0.01471700835664,0.0142331225512472,0.000260717078126202,0.740371492360481,0.000260717078126196
"AATAGAACAGAGTGGC-1",0.0628327466060046,9.23567945685647e-05,0.0241877293329681,0.880620382771944,8.08881573687435e-05,0.0133875267739441,0.0187983695632021
"AATAGAATCTGTTTCA-1",0.0628488342617427,0.0513281841662041,0.0285562902922958,0.00448998764617646,0.000164878672362241,0.841261905291253,0.0113499196699653
"AATAGCTACCGCGTGC-1",0.0867811514057844,0.0418599527346188,0.00496614740072135,0.0020852881827694,0.0100792556235463,0.854062449697138,0.000165754955421869
"AATAGTCCGTCCCGAC-1",0.0955122326358696,0.197770779567692,0.000370336553941624,0.281880601190261,0.000370336553941623,0.423725376944353,0.000370336553941631
"AATATCAAGGTCGGAT-1",0.122418591132512,0.226416978728662,0.0221931944860874,0.000506276377179676,0.111429099168337,0.423430785457007,0.093605074650215
"AATATCGAATCAATGC-1",0.09773995516456,0.0558280416804926,0.0159315761018305,0.00911850711285168,0.000167798130409,0.771658843591305,0.0495552782185512
"AATATCGAGGGTTCTC-1",0.0592870321797429,0.101152680566436,0.0101731636399347,0.0178540938968175,0.00338017454310728,0.750395209378103,0.0577576457958586
"AATATTGGAGTATTGA-1",0.0370012458025448,0.12859842665331,0.034045921908925,0.0655921263757916,0.000239096002688936,0.608685233429457,0.125837949827283
"AATCAGACTGCAGGAC-1",0.0975813298531629,0.18336947064278,0.000240529835233968,0.0615607330664908,0.0140022290866042,0.630129575051642,0.0131161324640858
"AATCATGTAAAGACTC-1",0.0472560727328745,0.0621532432744706,0.0196898663883879,0.0323409659545539,0.00808185261454202,0.813401177909264,0.0170768211259068
"AATCCAAGGGCCTGAG-1",0.0268735029042319,0.019688390062823,0.000167368095255053,0.0471127372927979,0.000167368095255053,0.905823265454382,0.000167368095255053
"AATCGCCTCAGCGCCA-1",0.0234625618757912,0.0197058737348505,0.000112013093613989,0.0464814022927492,0.000112013093613987,0.910009657238327,0.000116478671054202
"AATCGCGCAGAGGACT-1",0.0941029944543087,0.101146325032547,0.0364508340419647,0.0399146092383943,0.0123735525620978,0.677182809246351,0.0388288754243364
"AATCGGGACACTACGA-1",0.0280037677154427,0.0739279288266811,0.000169517450106622,0.0384747271575686,0.000169517450106626,0.859085023949988,0.000169517450106623
"AATCGGTATAGCCCTC-1",0.0137370871676424,0.150370441131734,0.0282083442543909,0.0542853891119681,0.0183647660370062,0.734778367195929,0.000255605101329437
"AATCGTGAGCCGAGCA-1",0.0819449277967597,0.128000342712203,0.02976225551239,0.0125463698633792,0.000244032105627375,0.724225255258528,0.0232768167511125
"AATCTAGGTTTACTTG-1",0.0621858881343061,0.0373585541788941,0.0175107457375399,0.849602418023892,7.98801431939543e-05,0.0331826336389801,7.98801431939556e-05
"AATCTATGCCGGAGCC-1",0.0783116689461884,0.0841731798960328,0.0140337341822135,0.000170796051693583,0.000170796051693585,0.773682238538594,0.0494575863335843
"AATCTCTACTGTGGTT-1",0.0743088125576897,0.177108590322786,0.0447294036136028,0.0630324625952123,0.000244928177445815,0.640330874555818,0.000244928177445812
"AATCTGCGTTGGGACG-1",0.0135345919074955,0.0903400863852267,0.0175665081606639,0.0369272300634382,0.00025624496782996,0.79053622753986,0.0508391109754861
"AATCTGGCTTTCTAGT-1",0.0169637254810821,0.0851281645624423,0.0321938844167566,0.817127530444191,7.42143932869378e-05,0.048438266308954,7.4214393286948e-05
"AATCTGGGTAGACCCT-1",0.0940689841407405,0.131903782901084,0.0128941279509256,0.000267195211956991,0.000267195211956992,0.760331519371379,0.000267195211956991
"AATGACAGCAATGTCT-1",0.0211950712994444,0.0130551230823937,0.0379242724752513,0.444197068424237,0.000988926282061375,0.379229791252865,0.103409747183747
"AATGACGTAGGATGTC-1",0.00958873690205384,0.129107394031493,0.04721189995589,0.0539294864964728,0.0299941560198361,0.722334923439036,0.00783340315521767
"AATGACTGTCAGCCGG-1",0.0196870172405218,0.063517605669049,0.00907485706459013,0.0106320038929669,0.000163260325834469,0.896761995481203,0.000163260325834468
"AATGAGTTCGCATATG-1",0.118877360309126,0.0879735305253066,0.0473079753784826,0.000261680904873194,0.000261680904873194,0.719032658469472,0.0262851135078667
"AATGATGATACGCTAT-1",0.0175110387440339,0.0301882086162204,0.000167136692678361,0.0428181580122012,0.000167136692678361,0.869800967901244,0.0393473533409434
"AATGATGCGACTCCTG-1",0.000112607274181585,0.0297146486022291,0.0103825615274463,0.00658633042617489,0.000112607274181584,0.952978637621605,0.000112607274181581
"AATGCAACCGGGTACC-1",0.0690931268810714,0.0705303303248283,0.0130734233409084,0.0823569103790579,0.00665499733332589,0.74243917190264,0.015852039838168
"AATGCACCAAGCAATG-1",0.0440389493326195,0.0552124845405029,0.0133315222054885,0.000164594361751964,0.000164594361751963,0.886923260836133,0.000164594361751965
"AATGGTCCACCGTTCA-1",0.0955655749010538,0.108963289071267,0.0845311271413312,0.000173682018927456,0.000173682018927471,0.710418962829566,0.000173682018927457
"AATGGTTCTCACAAGC-1",0.0175004355896118,0.079972271227327,0.0185813779437779,0.0244508781869399,0.000157334130197039,0.758901934193176,0.10043576872897
"AATGTATGGCACTGTA-1",0.106702801200545,0.109989680043611,0.0123121255548892,0.580541371162516,0.00630492276535919,0.0518900558009291,0.13225904347215
"AATGTGCCCGAGGTGT-1",0.0492200318190485,0.10820850519307,0.0729616013493963,0.755757406953042,0.0136154334864201,0.000118510599511367,0.000118510599511374
"AATGTGCTAATCTGAG-1",0.000124325594583158,0.108345405395972,0.00109818761213876,0.861608897312816,0.0285876283859337,0.000117777849278369,0.000117777849278376
"AATTAAAGGTCGGCGT-1",0.0445458166041622,0.117800052208743,0.000221129386286348,0.257589433686189,0.061759080052706,0.517863358675627,0.000221129386286349
"AATTAACGGATTTCCA-1",0.0254713024391322,0.0559716387487242,0.0100168215851098,0.0693523109697793,0.00779267955811601,0.831232749214806,0.000162497484332747
"AATTACGAGACCCATC-1",0.0493684211510295,0.0702074454328399,0.00845396139349849,0.795943215548875,0.00011465922493317,0.000181249197070997,0.0757310480517529
"AATTAGCGCTGCAGCG-1",0.0332183397472531,0.0331520505741477,0.0292865470857605,0.0904104078413262,0.000108456026698945,0.81370580640029,0.000118392324523557
"AATTCATAAGGGATCT-1",0.0894354137040528,0.0566628969916023,0.0382583028539452,0.0634247058496317,0.0139528072787234,0.738061909058858,0.000203964263186281
"AATTCATTGTCATGCA-1",7.75928330362521e-05,0.0357512617367824,0.0235854808598941,0.940352886071178,7.75928330362544e-05,7.75928330362433e-05,7.75928330362545e-05
"AATTCCAAGCATGTAC-1",0.0911746409825661,0.0640650012621419,0.0126726950706697,0.13939411616484,0.000157884306367161,0.692377777907048,0.00015788430636716
"AATTCGATTCGAGGAT-1",0.0592558658472609,0.142041787541011,0.0156290627279102,0.0514310240923244,0.00144642906105074,0.729945177720017,0.000250653010425723
"AATTCTAGAGTTAGGC-1",0.0500292666586351,0.025301283096424,0.0184372341891234,0.0918844343246526,0.0321381294284676,0.782028762170081,0.000180890132616657
"AATTGAACGCTCTGGT-1",0.0493303144583589,0.0674333501014289,0.000177152393084368,0.0195863917276461,0.00675630294797208,0.856539335978425,0.000177152393084369
"AATTGCAGCAATCGAC-1",0.0522185884703858,0.0550598187751042,0.0210849925527873,0.0113199434516693,0.0155074572409192,0.844645091727024,0.000164107782110397
"AATTGCGTGGATTACA-1",8.11000377248852e-05,0.103904219234819,0.0147590339173872,0.881012346696894,8.11000377248914e-05,8.1100037724903e-05,8.11000377248814e-05
"AATTTGGGACATAGTA-1",0.019258177607281,0.0304253509857034,0.0101773713148437,0.0025375130341583,0.000163064369621305,0.937275458318771,0.0001630643696213
"AATTTGGTTCCAAAGA-1",0.000112784685598725,0.0191746153807345,0.000112784685598726,0.0130576740681598,0.000112784685598725,0.967316571808711,0.000112784685598726
"ACAAACCATGCGTCCT-1",0.0533460054435919,0.0520086195196219,7.72074350078179e-05,0.86842712403244,0.0259866286993227,7.72074350078187e-05,7.72074350078179e-05
"ACAAACCGACAAGGCG-1",0.132790534553659,0.11899564708574,0.0304354047870782,0.000369701256517452,0.00822841812507735,0.693600498743385,0.0155797954485429
"ACAAAGCATGACCTAG-1",0.042213131103379,0.0588053429352504,0.0259590157774134,0.0446515847269035,0.000263399136510616,0.827844127184033,0.000263399136510621
"ACAAATCGCACCGAAT-1",0.00011029854063689,0.0329256980674218,0.0081353911187537,0.00595197262075675,0.00011029854063689,0.952656042571157,0.00011029854063689
"ACAAATGGTAGTGTTT-1",0.163384795581764,0.128648063999553,0.0274659330034432,0.0155527338027952,0.000255876826067331,0.66443671996031,0.000255876826067332
"ACAAATTCAGATCTGA-1",0.128483801475422,0.301075558976523,0.0378423703721372,0.0187953551773297,0.000368053093660167,0.513066807811268,0.000368053093660168
"ACAACAGCATGAGCTA-1",0.0764186379170983,0.117950785872182,0.00025923892638384,0.0874658875872617,0.000259238926383846,0.717386971844307,0.000259238926383844
"ACAACGGTCCCTGCGA-1",0.00547109814036674,0.115725922069851,0.000187694751971561,0.0406451147622791,0.000187694751971563,0.837594780771589,0.000187694751971561
"ACAAGCAGTGCCTAGC-1",0.0244615848634713,0.103882337563596,0.00016268724454545,0.0267811517679612,0.0070789136410661,0.804562134129106,0.033071190790254
"ACAAGGAAATCCGCCC-1",0.042580997636921,0.0678904371792796,0.0110932837460241,0.0212551941729798,0.000153790152208133,0.856870035610626,0.000156261501961953
"ACAAGGACAAGAGGTT-1",0.0766717750572049,0.0876944391068151,0.0166133695384638,0.0527653647757786,0.000165892074340907,0.765923267373056,0.000165892074340904
"ACAAGGATGCTTTAGG-1",0.124449666856862,0.101495106156884,0.011975788630729,0.0353818369689653,0.00025540763299957,0.726186786120561,0.000255407632999571
"ACAAGGGCAGGCTCTG-1",0.0933875051510078,0.00831673160698886,0.005977465320403,0.0286367456164455,0.000155627128880927,0.863370298047393,0.000155627128880928
"ACAATAGTCGTACGTT-1",0.0557448110252084,0.0271378195412728,0.0518989226040741,0.0718290026306361,0.000159209724532027,0.749753394480019,0.0434768399942582
"ACAATCCATTTAAACC-1",0.034471254292845,0.0797258829083659,0.000248940038439058,0.108479378770793,0.034060359382347,0.742765244568771,0.000248940038439057
"ACAATCGATCTTTATA-1",0.13357743844651,0.159141637918281,0.00211968026697446,0.0712977892600001,0.0412502044746831,0.586385921546874,0.00622732808667767
"ACAATGAATACGGAGA-1",0.000118513317677776,0.192627693350004,0.0186389299108771,0.749453846808787,0.000118513317677777,0.033339967926424,0.00570253536855254
"ACAATTGTGTCTCTTT-1",0.172375272127989,0.110150188444369,0.025237980839942,0.0882974004592376,0.000379697857786345,0.603179762412889,0.000379697857786347
"ACAATTTGAGCAGTGG-1",0.0994500443431036,0.0536474783664353,0.0208134329466785,0.0661535097205072,0.000248280840434834,0.734264422792911,0.0254228309899293
"ACACAAAGACGGGTGG-1",0.0369613670011344,0.0886283191507033,0.0270659121090871,0.104570219449609,0.000252380915719082,0.742213459962907,0.000308341410840293
"ACACACCAGGACCAGT-1",0.0467607849262498,0.113034522437731,0.00532943937871562,0.0219702017532501,0.02269575436679,0.607877955084518,0.182331342052745
"ACACACTTTCTACACG-1",0.000766328165601616,0.024392842922905,0.00011223453640012,0.0296661955752737,0.00011223453640012,0.944836398550063,0.000113765713356728
"ACACATGATCAAATCT-1",6.99437040436996e-05,0.0305783480219462,0.00881817143832087,0.814013614626389,0.0639056325313237,0.0825443459739327,6.99437040437007e-05
"ACACATTGACGCAACA-1",0.0473560762588555,0.132188212606454,0.0415326881124023,0.0160516157997391,0.000163545851421438,0.762535511049759,0.000172350321368797
"ACACCCAGCATGCAGC-1",0.0787304568813555,0.0728475326975585,0.0142236996130709,0.13022615030551,0.000251290738274293,0.703469579025956,0.000251290738274295
"ACACCCGAGAAATCCG-1",0.0189019820767527,0.0936335854808101,0.0215361844005512,0.000179917120383334,0.000179917120383336,0.8544317576709,0.01113665613022
"ACACCGGTCTGACCGC-1",8.07545073758168e-05,0.0129252284946951,0.0400002193568545,0.946751534118947,8.07545073758165e-05,8.07545073758109e-05,8.07545073758168e-05
"ACACCTTAAGTAGGGC-1",0.0463997984060043,0.0795112650739031,0.0049582685398714,0.000225721358662204,0.000225721358662201,0.584193389488899,0.284485835773998
"ACACCTTACTACTTGC-1",0.0970001280439617,0.14369132752111,0.0157111638046083,0.00826395009713468,0.000164555513188101,0.735004319506809,0.000164555513188101
"ACACGAGACTCCTTCT-1",0.0180519138619321,0.0569278188761941,0.00159736009973192,0.0207140215275364,0.000113196660182157,0.902482492314241,0.000113196660182154
"ACACGGCACTATGCAT-1",0.0434960879848517,0.0569402306505325,0.019938617066919,0.000180485510672041,0.000180485510672041,0.87908360776568,0.000180485510672042
"ACACGGGAACTTAGGG-1",0.0702285974710514,0.060796594597907,0.000161949448572254,0.0737361987533091,0.000161949448572254,0.794752760832016,0.000161949448572248
"ACACGTAGGCCACAAG-1",0.0920866316083938,0.0902202300337732,0.02680406321302,0.0122107782249335,0.0145662260073332,0.736593870291816,0.0275182006207301
"ACACTCCAATGTCACT-1",0.00964769451584419,0.0324032666005456,0.00326863150656428,0.0256550805790188,0.00496028292475485,0.824625973429347,0.0994390704439253
"ACACTGATCAAGGTGT-1",0.0365678260115986,0.121113952297812,0.0625818144653446,0.758072000138232,0.000117938033658437,0.0214285310196963,0.000117938033658438
"ACACTGGGACAGTCGT-1",0.126826135860341,0.159641332909901,0.0002545632580373,0.0319328151591938,0.012485603381912,0.628089652218631,0.0407698972119838
"ACAGAACTGAGAACAA-1",0.000121266885963943,0.114671182361045,0.0132558053146319,0.871601778813855,0.000116655541501116,0.000116655541501111,0.000116655541501119
"ACAGATTAGGTTAGTG-1",0.0268404693088184,0.0934882030383787,0.0081254504908691,0.000419030723109244,0.0140266329511739,0.797990078398875,0.0591101350887759
"ACAGCATAGAGCCAGT-1",0.0296155359002084,0.0360354875723737,0.000154404555348519,0.000154404555348519,0.0657840716847155,0.775745163969622,0.0925109317623834
"ACAGCGACATTCTCAT-1",0.0355711687166869,0.0616477034754993,0.0111605017709442,0.0303179526592203,0.0145318865908922,0.846637108815092,0.000133677971665169
"ACAGCGCACCCGCAGC-1",0.0598936302168138,0.127893064341136,0.0788905353401933,0.0452061306783683,0.000247388275582198,0.681494140061834,0.00637511108607229
"ACAGGCTTGCCCGACT-1",0.081696008026007,0.0748883859368109,0.0124675116368992,0.0251979119331769,0.01150944030371,0.683679196836257,0.110561545327138
"ACAGGTGGAGGTGAGG-1",0.0807634039074393,0.0779393899530759,7.89348841829506e-05,0.79425695739402,0.00596740534100086,0.0409149736360981,7.89348841829499e-05
"ACAGTAATACAACTTG-1",0.176995055916364,0.116371108200517,0.0242919571082573,0.280594768904588,0.000339226268725665,0.352259202072917,0.04914868152863
"ACATAAGTCGTGGTGA-1",0.0600362586127317,0.379312658505274,0.0803958478259545,0.424713212353847,0.0547587748111096,0.000391623945541234,0.000391623945541234
"ACATAATAAGGCGGTG-1",0.0668329215967672,0.117066761701349,0.0150415090733823,0.094967067273587,0.0132844912335156,0.692553731719372,0.00025351740202752
"ACATCAGCTGGGACGC-1",0.0577609072941827,0.0551137664842286,0.0281889008940342,0.0802326203439401,0.0256299800228948,0.752824106332615,0.000249718628104189
"ACATCCCGGCCATACG-1",0.134996194729326,0.151103883077148,0.000246106394352749,0.350959932865931,0.000246106394352752,0.362201670144537,0.00024610639435275
"ACATCCTGGTAACTGT-1",0.0499422675309927,0.0515550716609489,0.0137911652183711,0.0522364322772245,0.000163486087185204,0.759542367864528,0.0727692093607495
"ACATCGTATGCAATGG-1",0.0498865057286574,0.00665209283548056,0.000110245842395272,0.0245231181746507,0.000110245842395272,0.918607545734025,0.000110245842395272
"ACATCGTTAACCTAGT-1",0.0769103111485954,0.0604447732824434,0.00381289638364686,0.00495936916396982,0.000171347359104986,0.853529955303134,0.000171347359104988
"ACATCTCAACGCGTAA-1",0.0490573791040146,0.034308696096437,0.00646063377712267,0.010319355554301,0.000172268589676551,0.883683290112981,0.0159983767654672
"ACATGGCGCCAAAGTA-1",0.0240571283809415,0.111380857633206,0.0101104801557503,0.0392240475698108,0.000166491877924965,0.792826483186909,0.0222345111954578
"ACATGGCTCAATTTAG-1",0.0390611810215713,0.221111298395655,0.00585891787403749,0.0990476714776983,0.00026096375591571,0.634399003719207,0.00026096375591571
"ACATTAGTTTATATCC-1",0.0245317815207356,0.082950524654302,0.00722823855190773,0.0316739732281814,0.000154541033070178,0.739839839295824,0.113621101715979
"ACCAAACTAGAAATCC-1",0.034656649514832,0.0690474674727271,0.000171697089556142,0.000171697089556142,0.0132767371464739,0.882504054597299,0.000171697089556143
"ACCAACACCACACACT-1",0.0263178088033383,0.0409413623071844,0.000369987243270475,0.000113313349018205,0.000113313349018205,0.927834163095632,0.00431005185253861
"ACCAACCGCACTCCAC-1",0.104533517740985,0.18694106508763,0.0432653781840202,0.00128584792376614,0.000258474288088878,0.66345724248742,0.000258474288088878
"ACCAACGCTTATTTAT-1",8.1536692260731e-05,0.0320339650117052,0.0187879770785249,0.905443527268437,0.00298928346548417,0.0405821737913269,8.15366922607302e-05
"ACCAAGAACGCGTGTC-1",0.0239314986769218,0.0370390596190861,0.00833623377287194,0.0127065384318793,0.0103143798342352,0.907470247951883,0.000202041713122827
"ACCAATATGCAAGTTA-1",0.0449091682629484,0.116639895260343,0.0234601308168235,0.0625317416384158,0.000172069077533197,0.752114925866402,0.000172069077533196
"ACCACAACTCAGAACA-1",0.0787139150961548,0.0668618251738745,0.0555302453915473,0.00214092278372441,0.000181694706069258,0.79638970214256,0.000181694706069261
"ACCACAAGTTTCTATC-1",0.0390140836289338,0.0777487995664894,0.000165846977187102,0.0789708376583168,0.000165846977187104,0.70281052119957,0.101124063992315
"ACCACCAATGTAACAA-1",0.0933759148712902,0.0739067461880174,0.00821626984263863,0.026873918788262,0.000170767080995054,0.797285616147802,0.000170767080995054
"ACCACGTGCAGCTATA-1",0.114100670900603,0.0917330551438874,0.0322156725111333,0.0236465308540731,0.0361435035470116,0.701894048348007,0.000266518695285086
"ACCAGCCCGGTCTTTG-1",0.060574737838935,0.0862057063555802,0.000266417050799673,0.0199247535999253,0.000266417050799673,0.813831997934856,0.0189299701691037
"ACCAGGAGTGTGATCT-1",0.112808543881915,0.123388253020958,0.00162600316155365,0.000248830210746498,0.0705184761310949,0.691161063382986,0.000248830210746493
"ACCAGTGCCCGGTCAA-1",0.092180558253733,0.158267255304276,0.0540910464359033,0.000359449550878425,0.00618853736262878,0.60480950194091,0.0841036511516708
"ACCAGTGCGGGAGACG-1",0.138243800156496,0.162206202705653,0.0206662359120569,0.0505223694122853,0.000384105690018691,0.627593180433471,0.00038410569001869
"ACCATATCCGCAATAA-1",0.0473521785568381,0.0820301198422713,0.0435645927844094,0.311567814788028,0.00015510961890155,0.515175074790651,0.000155109618901549
"ACCATCCGCCAACTAG-1",0.0279951895305758,0.121988341532244,0.0356688310477468,0.127336655230846,0.0226640439700241,0.590888456897229,0.0734584817913343
"ACCATCGTATATGGTA-1",0.155254595730449,0.0640537935511651,0.0153827667278473,0.401267439541027,0.000233858930275249,0.363573686588962,0.00023385893027525
"ACCCAACGCCCGTGGC-1",0.0708688941709261,0.0432681651761086,0.0472956534277612,0.0515596599371553,0.000167808290739378,0.776220036357604,0.0106197826397053
"ACCCACCTACATGCTC-1",0.0493155569292223,0.159094238677291,0.0068541561428799,0.0118961532330001,0.000170474527206471,0.772498945963194,0.000170474527206473
"ACCCATCTTGAGGGTA-1",0.000103538665919978,0.0272338810014424,0.00939936091825879,0.013801480204468,0.0107861601953347,0.938572040348656,0.000103538665919981
"ACCCATTTGTCCCTCT-1",0.138093148354393,0.0879748490595753,0.000928676682447146,0.024974549894597,0.010338401626453,0.737528869737625,0.000161504644909367
"ACCCGAGCGAAATTAC-1",0.000124852522370187,0.115290803616544,0.0717330398029875,0.812476746490987,0.000124852522370188,0.000124852522370187,0.000124852522370186
"ACCCGGAAACTCCCAG-1",0.00719983469629009,0.0566125316451343,0.0151869682092839,0.135652491706077,0.0084255651123424,0.776730141123256,0.000192467507615855
"ACCCGGATGACGCATC-1",0.0464361318026877,0.173849009828675,0.00785898586521558,0.140998042793238,0.000257480705672237,0.63034286829884,0.000257480705672237
"ACCCGGTTACACTTCC-1",0.163738818768724,0.109206714415669,0.0422355970457523,0.353711092433414,0.000351293181621126,0.262493560102502,0.0682629240523165
"ACCCGTGTCATCAGTA-1",0.0415980464046105,0.0628429063183745,0.0470277409783009,0.227929618722033,0.000231206331828317,0.620139274913025,0.000231206331828314
"ACCCTATGCCATATCG-1",0.000112388840969305,0.0611356553957975,0.112704583505004,0.825707894779805,0.000112388840969293,0.000114699796485737,0.000112388840969289
"ACCCTCCCTTGCTATT-1",0.0880190940709687,0.0457424196862693,0.00735897328066462,0.0199357318222352,0.00644801848569116,0.8323265494259,0.000169213228270966
"ACCCTTCATCTGCGAA-1",0.0342255937477659,0.0735277351853085,0.000173961036088422,0.0524736637512362,0.00453576701885701,0.834889318224656,0.000173961036088421
"ACCCTTTAGTTCTCCA-1",0.0501554621882713,0.0719356036548483,0.0223302367147325,0.000171135544490995,0.000171135544490991,0.84660041502896,0.0086360113242062
"ACCGAAAGGGCCCTGC-1",0.162119228973595,0.107501455390932,0.000263618553296275,0.0213365098783228,0.000263618553296278,0.708251950097262,0.000263618553296272
"ACCGAAGAGTCTGGTT-1",7.80355168885648e-05,0.120189797700277,0.0216317385618529,0.795878189433964,0.0619888354533183,0.000155367816810251,7.8035516888564e-05
"ACCGACACATCTCCCA-1",0.0526478808483973,0.0646903837522817,0.00225781945011017,0.00773801278831425,0.00674569370804052,0.865747730546743,0.000172478906113203
"ACCGACTGAGTCCCAC-1",0.0996782549469425,0.0964022884820381,0.0357499468908049,0.0331813718290485,0.0097451226815472,0.717621959378284,0.0076210557913348
"ACCGATGGTAGCATCG-1",0.0789476034827033,0.0733136035071156,0.0231847569553396,0.0335358553129158,0.000163171292042177,0.790691838157841,0.000163171292042179
"ACCGCAATAACTGCCT-1",0.0603315166937038,0.0685166167654237,0.0378090551666819,0.0772799611772562,0.0292016639870263,0.674903953292354,0.0519572329175541
"ACCGCGGTGGAAGTCG-1",0.0267606489075535,0.05693570485218,0.00925030051516394,0.00856511967308376,0.000170150341793544,0.898147925368432,0.000170150341793538
"ACCGGGCCTTTGTTGA-1",0.0480018588336183,0.101186448119359,0.027127069023455,0.0324903376828196,0.0148107640450952,0.767456825998657,0.00892669629699629
"ACCGGTCAGGTACACC-1",0.000114271140072956,0.0621717897064961,0.0908193557727616,0.826369245604612,0.0202967954959119,0.000114271140072955,0.000114271140072975
"ACCGGTCTGAGTACGG-1",0.238299596117441,0.208034817393143,0.0240203722327359,0.000412036022532163,0.000412036022532171,0.528409106189083,0.000412036022532163
"ACCGTCCACTGGGCCC-1",0.00693254339757964,0.0305934308387054,0.0311302804544082,0.93111347215537,7.67577179786941e-05,7.67577179786901e-05,7.67577179786897e-05
"ACCGTGACCACGTGGG-1",0.0321563946678162,0.331665909981347,0.000173252874151375,0.57973138354057,0.0559265531878129,0.000173252874151378,0.000173252874151375
"ACCGTTCCCGCTCTGA-1",0.0248587115762644,0.0524109400662139,0.0122103676593316,0.0280408777525509,0.000164781341313543,0.793821795172004,0.088492526432322
"ACCTAAGTACCTTTCA-1",8.14875974481029e-05,0.00406517596586144,0.021851744837368,0.949664979654639,8.14875974481035e-05,0.0241736367497872,8.14875974480985e-05
"ACCTAATCGACTTCCT-1",0.0531620823732194,0.0578600823606133,0.00562464300749807,0.000161738619029808,0.0197732320757401,0.863111664894457,0.000306556669442543
"ACCTACAGTATGTGGT-1",0.100135744862127,0.0902507451832481,0.00912616188667209,0.000165438228770738,0.000165438228770738,0.794613881521158,0.00554259008925306
"ACCTACTATAAATCTA-1",0.0814971360475345,0.18057810175087,0.00653363269032993,0.365419614708713,0.00487472218148175,0.360865807918451,0.000230984702619595
"ACCTCCGCCCTCGCTG-1",0.056826728549932,0.0644401035939594,0.0186483238240334,0.000167255734047207,0.0122060262471816,0.803856354718471,0.0438552073323751
"ACCTCCGTTATTCACC-1",0.0932669325510498,0.123306196839162,0.000255386574887815,0.0506487312628572,0.000255386574887813,0.720122695320404,0.0121446708767512
"ACCTCGAACTTATGCT-1",0.00012350847520061,0.122846666066061,0.092616007975785,0.779915884810431,0.00425091572212105,0.000123508475200613,0.000123508475200612
"ACCTGCGTGTCATGTT-1",0.0833646920981868,0.0254451997162531,9.84694114266642e-05,0.0676351570471524,0.0211516695166987,0.781618225146146,0.0206865870641363
"ACCTTTCCTTTAGAAG-1",0.1962058649545,0.144354712377877,0.000317003782476923,0.0207465240550271,0.0286440364553642,0.32976431357942,0.279967544795334
"ACGAAATGGGCGGCAC-1",0.0119975037425163,0.105751759352507,0.000164447205167614,0.0760934955433727,0.000164447205167614,0.805661752436197,0.000166594515071833
"ACGACTGGTCATACTC-1",7.59407453544012e-05,0.0439035998749233,0.0521973470831724,0.851923678677087,0.0162816827246297,0.0355421292200476,7.56216747856236e-05
"ACGAGAACCCATCACG-1",0.289767082412618,0.309727555955404,0.000391508502108672,0.0552628382044622,0.0128042643506247,0.331655242072673,0.000391508502108682
"ACGAGATATTTGCTTA-1",0.134406606469578,0.075677141288927,0.0196335151140128,0.000261214764689812,0.000261214764689812,0.761520497525201,0.00823981007290185
"ACGAGGATACCACTCT-1",0.049285045598133,0.0294943743687062,0.0134208994464302,0.837776620082967,0.014226208957894,0.0557194102063158,7.74413395539438e-05
"ACGAGGTTTACAACGT-1",0.000120048413904431,0.136681676186514,0.0333535639753604,0.829484566182508,0.000120048413904421,0.000120048413904424,0.000120048413904422
"ACGAGTACGGATGCCC-1",0.0316089835351217,0.0608429419075006,0.015898093500045,0.00169143148488538,0.000175362090203708,0.88960782539204,0.000175362090203709
"ACGATACATAGAACTA-1",0.0597210532633709,0.0624373961021526,0.000171979634604278,0.108061568389144,0.000171979634604278,0.76926404334152,0.000171979634604274
"ACGATCATACATAGAG-1",0.0365937754297768,0.175682715636915,0.000241284112855805,0.0801628070541238,0.000241284112855804,0.654703957546368,0.052374176107104
"ACGATCATCTTGTAAA-1",0.0427368678381623,0.0814874798740036,0.00016164385201235,0.000266704002631648,0.0147649646447768,0.860420695936401,0.000161643852012348
"ACGATGCATATGTTAT-1",0.0680199266732687,0.174489679831034,0.0276072238003707,0.0991596283209248,0.01393063235775,0.616424881282482,0.00036802773417023
"ACGATGGATCCGATGC-1",0.0201586470881024,0.000114292921469957,0.000114292921469957,0.000114292921469957,0.00554817694312086,0.973836004282897,0.000114292921469955
"ACGCAAACTAATAGAT-1",0.0506406648702999,0.149466116193811,0.0545083085515756,0.373262941922953,0.0422809415922302,0.306389072215318,0.0234519546538117
"ACGCAATCACTACAGC-1",0.120283992715059,0.0732589229598689,0.0142346554875576,0.000167763783912431,0.00570821762791667,0.749504098577947,0.0368423488477391
"ACGCATACGTTTACTA-1",0.164403672758932,0.0878924044846409,0.012267581715368,0.0117609960974071,0.000243049575202125,0.711016877187405,0.0124154181810449
"ACGCATTCGTGAGTAC-1",0.0297366902362782,0.123626887888839,0.000349317958716308,0.232998361709313,0.105167144880742,0.507755298204419,0.000366299121693225
"ACGCCAGATGATTTCT-1",0.0168696120529349,0.103684287884002,0.000169143912988617,0.0980581501790725,0.000169143912988614,0.752224333024581,0.0288253290334319
"ACGCCCAGCTGTCGAT-1",0.090652386905822,0.122103105741324,0.0121979027821625,0.0196419999130107,0.000251782459797302,0.754901039738086,0.000251782459797299
"ACGCCGCTAGACGACC-1",0.0387757179350494,0.111564884956288,0.000161805761967384,0.0897082471608008,0.0077363938552082,0.751883297027982,0.000169653302704825
"ACGCGAAGTCAGACGA-1",0.164334681848851,0.131595513321409,0.0291576625918394,0.305001025699752,0.00222152984098754,0.356848379906836,0.0108412067903247
"ACGCGCTACACAGGGT-1",0.0556825058990153,0.0622345645108062,0.0330660393628823,0.0741271640542069,0.000168610083702125,0.774551748759825,0.0001693673295625
"ACGCGGGCCAAGGACA-1",0.0712210761808669,0.117221523966246,0.0271991269573724,0.102803602342769,0.000164534438821094,0.681225601675104,0.000164534438821085
"ACGCTAGTGATACACT-1",0.0343922329667858,0.100763374030828,0.000170057725243345,0.0342336106773541,0.0229085502424263,0.766325681979159,0.041206492378203
"ACGCTGTGAGGCGTAG-1",0.0193276893655054,0.0474151946445625,0.0196400839108062,0.0695652597873017,0.0398933719541188,0.804046722026895,0.000111678310810376
"ACGCTTAGTGTCTCTC-1",0.0357591851492558,0.0730929300007211,0.0232152613562502,0.0168795603226083,0.000173102921459478,0.84623111865762,0.00464884159208525
"ACGGAATTTAGCAAAT-1",0.161850744108637,0.211508209124723,0.000271925842447388,0.0676780323468758,0.00027192584244739,0.558147236892422,0.000271925842447387
"ACGGACTCTCAAAGCG-1",0.0781073811731429,0.0660043565977271,0.00408923219685737,0.120158836894953,0.000261303733122861,0.731117585671073,0.000261303733122862
"ACGGAGCGCAAATTAC-1",0.00200949877524768,0.0490654516349222,0.0109207285642989,0.0070662929063835,0.000169591376728836,0.93059884536569,0.000169591376728836
"ACGGATGGTGCGGATA-1",0.0692109975356975,0.0751319759512764,0.0207614511764416,0.0417052227979044,0.00135014696861554,0.707098633226743,0.0847415723433212
"ACGGCACTTGCTTGGG-1",0.0258693238940526,0.170169995982643,0.000245765298233358,0.308583160140839,0.0111256713534278,0.483760318032571,0.000245765298233356
"ACGGCCAACATGGACT-1",0.08784959415984,0.257813782573427,0.0191718557608388,0.350434428884963,0.0066186073322653,0.277774717264253,0.000337014024413849
"ACGGCGACGATGGGAA-1",0.0647667395872122,0.0706812773162672,0.000158273358517757,0.0535009112807218,0.000158273358517757,0.810576251740246,0.000158273358517758
"ACGGCGGGTTGCCCTG-1",0.202301448791238,0.115438653484326,0.000247748283474192,0.000247748283474193,0.000247748283474186,0.587585520236397,0.0939311326376174
"ACGGCTGGATGTAGAA-1",0.0176459799113127,0.128650191111761,0.0214732554166826,0.81617863553368,0.0158212623366828,0.000115337844940727,0.000115337844940728
"ACGGGAGTGTCGGCCC-1",0.000117889237551227,0.12359519265746,0.0360085127280129,0.777459529202827,0.000117889237551224,0.0290508152593529,0.0336501716772453
"ACGGGTCATGTGACTT-1",0.110147312508173,0.086582642296959,0.0195105609298491,0.00016082153041487,0.0115085370238392,0.69190755018433,0.0801825755264353
"ACGTACAGATTTCTCT-1",0.000118188138316361,0.0266678242701804,0.000118188138316363,0.00700226912002187,0.000118188138316363,0.965857154056532,0.000118188138316361
"ACGTAGATTGCTGATG-1",0.0926443723928925,0.0734907725374421,0.00830574361001075,0.0568504820533123,0.000171431810153391,0.768365765786035,0.000171431810153393
"ACGTATTACTCCGATC-1",0.0627275638405392,0.104955987840229,0.00274656236202826,0.0430779092673588,0.000167854851566993,0.758568616796486,0.027755505041792
"ACGTCCTAAACGAGAT-1",0.0857075467728042,0.169346401881409,0.0154124157996074,0.0719130911937548,0.0599111326039058,0.597329659410304,0.000379752338215071
"ACGTGCGCCTCGTGCA-1",0.0216504969197177,0.1294250423248,0.0146942624549293,0.0976594089511627,0.000166998157873456,0.717352745423076,0.0190510457684415
"ACGTGGTCGAATGTGC-1",0.131438570252188,0.0640988421382333,0.00165463093401989,0.0981956147709708,0.00024447217919023,0.704123397546207,0.000244472179190232
"ACGTTAATGTCGAAGA-1",0.00016547958635364,0.0492260210493705,0.0293345114213914,0.128740233602606,0.000165479586353638,0.792202795167571,0.000165479586353659
"ACGTTAGATTTGCCCG-1",0.00511723430305442,0.0881649597746865,0.0385251744773938,0.0489969160539163,0.00010433876197707,0.818981503574663,0.000109873054308968
"ACGTTCCGCGCTCCGT-1",0.0875460845088553,0.125569427694631,0.0442104419107148,0.00670742510937843,0.000253067355747538,0.667453635059725,0.0682599183609478
"ACGTTCGCAATCAATT-1",0.0256699403403994,0.0783565943690108,0.0150667038792855,0.000164119299964256,0.0243957378281677,0.827008505854123,0.0293383984290494
"ACGTTCGTTCAGGAAA-1",0.0862444691504022,0.0948603006803132,0.0271330152118799,0.581092242115775,0.00109085171241909,0.209412702870834,0.000166418258376318
"ACGTTCTGTACAAGTC-1",0.0964189966476832,0.0895867651244995,0.0289791434713153,0.0238275577566715,0.000242600477824595,0.675959656773281,0.0849852797487252
"ACGTTTAGTTGTGATC-1",0.027033150602726,0.118606253394439,0.0133953021353798,0.0100125656804276,0.000167426397237314,0.830617875392553,0.000167426397237327
"ACTAATACGTCAGGCG-1",0.0866234118382088,0.0492504735334492,0.00930819867217263,0.044746665196488,0.00979287301320882,0.800112331725603,0.000166046020869543
"ACTACATCCCGACAAG-1",8.17436812885628e-05,0.0987392756519462,8.00634895976002e-05,0.900858726708375,8.00634895975983e-05,8.00634895975972e-05,8.00634895976014e-05
"ACTACCAGCTCTCTGG-1",0.0662424921498931,0.10658226564067,0.0150485377460366,0.0686569501665113,0.000160526915943306,0.716565547142131,0.0267436802388144
"ACTAGTTGCGATCGTC-1",0.0941160294652331,0.143388179446302,0.0243148298504898,0.032409062241791,0.0177598600997358,0.687767834359566,0.000244204536882164
"ACTATATGCTGTGTTC-1",0.0107384913784244,0.0491522156811204,0.00498953048433617,0.000113844858398834,0.000113844858398834,0.894512273290411,0.0403797994489108
"ACTATCCAGGGCATGG-1",0.0799488168745413,0.0800664640911343,0.00370478043975032,0.0163857560037875,0.000168532480442299,0.819557117629902,0.000168532480442304
"ACTATCTGCCCGCGTA-1",0.11129152794915,0.0955872325230856,0.0070666735584505,0.00340559748243628,0.000232313292539401,0.681704595053869,0.10071206014047
"ACTATGTCCAGCTGCC-1",7.56792112516513e-05,0.0670599387740414,0.00332425585977626,0.929313088521176,7.56792112516525e-05,7.56792112516622e-05,7.56792112516515e-05
"ACTATTCGTCCGTGGT-1",0.0247492862185305,0.0938312467156331,0.000170933599343021,0.0420713340011663,0.00467726223377497,0.834329003632209,0.00017093359934302
"ACTATTTCCGGGCCCA-1",0.00538602534226224,0.0576085803304604,0.065032565505682,0.864068339548828,8.02555012203147e-05,0.00774397827032623,8.02555012203209e-05
"ACTCAACGAATGTATT-1",0.179015936497794,0.223837987525929,0.000398791942087429,0.12512709877888,0.0220635962975466,0.449157797015676,0.000398791942087452
"ACTCAAGTGCAAGGCT-1",0.0337997110585187,0.0641827147461085,0.000163476466968584,0.0290847673321166,0.000163476466968588,0.87244237746235,0.000163476466968586
"ACTCAATAAAGGCACG-1",0.0364165219681216,0.0863743291816691,0.00016396377646524,0.0774351113828198,0.000163963776465241,0.720438135044462,0.0790079748699971
"ACTCAGACCTGCTTCT-1",0.0864297625733078,0.0473220857366635,0.0079615628067195,0.0024089095576223,0.00016311053634561,0.754170440276577,0.101544128512764
"ACTCATGGCAGCCTTC-1",0.000119492591343062,0.182805564802232,0.0283726397891975,0.769066144762551,0.0193971728719906,0.000119492591343069,0.0001194925913431
"ACTCCAATATCATCAT-1",0.0346251448050165,0.0833997850486039,0.0142806479393892,0.867355813543967,0.00011286955434124,0.000112869554341231,0.00011286955434124
"ACTCCCATTCCTAAAG-1",0.0950338413611595,0.0886875821985436,0.000154781117799134,0.112134055404019,0.00239474512051063,0.668050437436072,0.0335445573618961
"ACTCCCGAATTCGTTT-1",0.0831647536391592,0.170214092683827,0.0359304622708659,0.0246964287582986,0.000270762384032073,0.685452737879785,0.000270762384032079
"ACTCCCTAATGCTAAA-1",0.0619389430653645,0.0733498163349944,0.0155761928313048,0.120500389854925,0.0122146393752458,0.690051307514743,0.0263687110234233
"ACTCCCTAGAATAGTA-1",0.110223993933514,0.0744727253323205,0.00932043972183576,0.0220998108829411,0.000159352972879671,0.78356432418363,0.000159352972879673
"ACTCGCCGTTCGATAA-1",0.0312120326139076,0.222358623140807,0.0265880398896323,0.0516779366970554,0.000252463723479684,0.667658440211639,0.000252463723479674
"ACTCGTAACCCGTCCT-1",0.000118903632407839,0.0684667993091044,0.0252757849424517,0.904877011195015,0.00096786037126921,0.00017473691734401,0.000118903632407848
"ACTCGTCAGTAATCCC-1",0.0625166216445676,0.034282680431589,0.00017008313859971,0.0518636434316285,0.000170083138599709,0.850826805076416,0.000170083138599716
"ACTCTCTGACTTAGGT-1",0.0597741013798713,0.100592393648052,0.0304936021831167,0.0819129981125328,0.000162960702368453,0.72690098327169,0.000162960702368453
"ACTCTCTTATACACGA-1",0.0541876226759016,0.090699787223287,0.0113076360757114,0.0222877784533069,0.000169969553706989,0.821177236464379,0.000169969553706991
"ACTCTTGTATAGTAAC-1",0.02726068543414,0.0542247141324791,0.0237918060953585,0.066418208134123,0.00176513830226315,0.782342322685821,0.0441971252158152
"ACTGAAACGCCGTTAG-1",0.0184572621068048,0.0423087884735487,0.00371671463451877,0.045887933671527,0.00311460598431806,0.886346713852273,0.000167981277009137
"ACTGAATGGCGAAAGT-1",0.0577367837815304,0.139815726828378,0.000173947801543579,0.0843394138587643,0.000173947801543589,0.717586232126697,0.000173947801543577
"ACTGATTTAGTGATTC-1",0.0836484397226167,0.0820056000995924,0.0022837918497323,0.0426794728907661,0.0276193111532628,0.761501171930997,0.000262212353032896
"ACTGCCCGCCATTCTC-1",0.0125618738166969,0.121154019477854,0.0264673780596357,0.634300593624131,0.0320718980394617,0.173287134575498,0.000157102406722019
"ACTGCCGTCGTAACTC-1",0.021263075637397,0.0776186186277012,0.0322400450005533,0.0800017326041824,0.000169299127255021,0.753448629114315,0.0352585998885962
"ACTGCTCGGAAGGATG-1",0.000125196369830667,0.0794186586336799,0.000125196369830667,0.756706466967075,0.000125196369830667,0.163374088919923,0.000125196369830667
"ACTGTACGATACACAT-1",0.0194084344380133,0.104914769297129,0.0104676452052663,0.0523578259330517,0.000172326895935648,0.812506671334669,0.000172326895935651
"ACTGTAGCACTTTGGA-1",0.0559070242316334,0.125904920590671,0.000259495780490533,0.100195785953853,0.000259495780490534,0.71721378188237,0.000259495780490534
"ACTGTATACGCGAGCA-1",0.203306300324449,0.0439501621943614,0.078378719309389,0.0536133984445645,0.0251783005916992,0.526650344248439,0.0689227748870983
"ACTGTCCAGGATTATA-1",0.0749763506885826,0.104775983017744,0.000346148620220847,0.24952140233356,0.000346148620220847,0.483800232669876,0.0862337340497961
"ACTGTCTTCTTTAGAA-1",0.194301572941886,0.0286925364740208,0.00023616899630278,0.0797155581407349,0.0101631067338861,0.665923161000037,0.0209678957131318
"ACTGTGCTAGTAGATC-1",0.0610994744023439,0.0746193937158893,0.028209496001336,0.000106704029829233,0.00010670402982923,0.808864413895548,0.0269938139252246
"ACTGTTTAGTGTAGGC-1",0.138729537749343,0.158224165141567,0.0194671509402676,0.0206543352005136,0.000395975975771903,0.662132859016765,0.000395975975771907
"ACTTACCGGGCGCGCA-1",0.0971978417656102,0.096013358339245,0.0342912444431972,0.000164530422453649,0.000164530422453649,0.772003964184586,0.00016453042245365
"ACTTACGCATCCACGC-1",0.0351019054667463,0.0884990003537202,0.0121978256985446,0.0463491863881779,0.000167324041122635,0.739807194657719,0.0778775633939694
"ACTTAGTACGACAAGA-1",0.00183488914669324,0.034070714743986,0.00118955100798173,0.00467267014950346,0.0271293267232861,0.931000891155036,0.000101957073513632
"ACTTATACTTACCCGG-1",0.0525797222280326,0.0536933451975638,0.031257184559306,0.0271676406774602,0.000171618860217205,0.834958869617203,0.00017161886021721
"ACTTATCTGATCTATA-1",0.12278607263499,0.130356562708587,0.0312405632573461,0.0312022952464164,0.000262125993163925,0.683890254166333,0.000262125993163925
"ACTTATTAGGATCGGT-1",0.0249375258941135,0.0347520019749374,0.00683159356910766,0.111933982293551,0.000111999855941895,0.818136693001606,0.00329620341074288
"ACTTATTTATGTGCCA-1",0.0158107992596343,0.0596133579216588,0.00257040126433115,0.0218425163481847,0.0146230472324692,0.885365153197859,0.000174724775862521
"ACTTCAGGCTGATCCC-1",0.0334088468625297,0.0387989399228135,0.0133989210396045,0.0572112243560621,0.00485813748044645,0.762346210500472,0.0899777198380715
"ACTTCCATGCGGGACA-1",0.0671257012869969,0.115166534452843,0.00393251127117003,0.0266789518163879,0.000243491794699344,0.683756603955151,0.103096205422752
"ACTTCGCCATACGCAC-1",0.073668773544294,0.0646601470771967,0.0129184635792404,0.0230345114951399,0.0235819494524,0.801931359502753,0.000204795348976327
"ACTTGACTCCCTCTTT-1",0.0325004837822292,0.0403271247164773,0.000158388221863659,0.123292448500321,0.0084239385617407,0.795137816048482,0.000159800168885441
"ACTTGCCATATTGTAC-1",0.00800108490157284,0.00754987376903398,0.00982432678518988,0.000117359261548091,0.00011735926154809,0.974272636759559,0.000117359261548097
"ACTTGGGACCCGGTGG-1",0.0474465401237798,0.0894415357987933,0.0452091225814131,0.10209203671243,0.000161869594842211,0.661298885962562,0.0543500092261796
"ACTTGTAGTCCCTTCA-1",0.0267843692610946,0.00268444470242087,0.0327471220898819,0.104893180197572,0.000106382603748215,0.788279762562051,0.0445047385832319
"ACTTGTGGATGGAACG-1",0.120437490333952,0.0948158930538977,0.000170125480182662,0.000170125480182662,0.00136695680560211,0.759683853672088,0.0233555551740943
"ACTTTACCCTCATGAA-1",0.0705206912387263,0.206024625676287,0.0327911005969535,0.000255965342722924,0.000255965342722924,0.689895686459865,0.000255965342722924
"ACTTTCCTATAGCTTC-1",0.0327771834834895,0.0795834452656062,0.0162748879076555,0.0757691047706349,0.0105322680171103,0.784875248086631,0.000187862468872541
"ACTTTGACTGCATCCT-1",0.0628063796087067,0.0351998246783112,0.00015429869398361,0.040760665311011,0.0212967039250913,0.662467965198607,0.177314162584289
"ACTTTGGTCGTGCTCC-1",0.0761451899907755,0.145308531747584,0.049291095964072,0.72891831163552,0.000112290220682649,0.000112290220682649,0.000112290220682646
"AGAAATTATGACTCGC-1",0.206488058341093,0.184845202904879,0.0529309383717691,0.0350769140650809,0.0149959248649274,0.452443611229193,0.0532193502230578
"AGAACCCTCAATTGGG-1",0.0232897324976707,0.08865096493568,0.0330412782472052,0.631474245618767,0.00816406917405354,0.215272508534842,0.000107200991781139
"AGAACGTGGTACATTC-1",0.0514804327230078,0.0667223633387356,0.00887204679522406,0.031398840695204,0.0634128928234665,0.710504294242524,0.0676091293818378
"AGAAGGTACACTTCAC-1",0.0454179344170999,0.235207435251826,0.0297165294347683,0.514699966203795,0.0971628435405955,0.0776873826798323,0.000107908472082536
"AGAAGGTTGCCGAATT-1",0.0501604448899583,0.071678208285679,0.000118905982230198,0.680697390376316,0.00439328102243413,0.192832863461152,0.000118905982230198
"AGAAGGTTGTAGGTCG-1",0.0137209631012375,0.0947094983113435,0.0176011205623531,0.0460766110005982,0.010534151190907,0.774664822957083,0.0426928328764776
"AGAAGTGATTCGTGAT-1",0.0844257567244297,0.0129458804891416,0.0103951191442305,0.566917792288618,0.000155433189036693,0.319206324830923,0.00595369333361989
"AGAATAAATCTTCAGG-1",0.0564885384831568,0.206116650740307,0.000254766080283254,0.0471674265487125,0.000254766080283253,0.67129245594771,0.0184253961195477
"AGAATGCGGGTTCGGA-1",0.050435553069929,0.252550853221555,0.00893970356237766,0.0544163652001219,0.000379403974270659,0.560229316867406,0.0730488041043397
"AGAATTATGGATTCGA-1",0.0840180038732603,0.0789803160550921,0.0201612330365996,0.0462939899871014,0.000266161190659837,0.770014134666627,0.000266161190659835
"AGAATTGTTTGACATA-1",0.0733083522785792,0.135024509364816,0.0305610144937242,0.000240084250937752,0.044624258144942,0.678645131081582,0.037596650385418
"AGACATAGATCCTTCC-1",0.126459285363421,0.0622574511968943,0.000156536853007664,0.000156536853007663,0.000156536853007665,0.764147376563127,0.0466662763175342
"AGACCAAACCACACCT-1",0.0219094479976586,0.221925469358063,0.0611659562389784,0.476584136508988,0.000238083783340387,0.217938822329631,0.000238083783340387
"AGACCATGGGATACAA-1",0.0609379130015615,0.119093498174546,0.0225158260834381,0.00872576976427985,0.000167357733622739,0.771583668999413,0.0169759662431397
"AGACCCACCGCTGATC-1",0.201533232939307,0.0561658987202782,0.0157715752259638,0.0696116725528136,0.000237845888601381,0.656441928784435,0.000237845888601382
"AGACCCGCCCTCCTCG-1",0.0917991606412069,0.0332143855796419,0.0206748500601466,0.134647282468513,0.000159103184824381,0.719346114880843,0.000159103184824364
"AGACCGCTCCGCGGTT-1",0.106741637067583,0.0392863518976943,0.029445724568655,0.0234337425156646,0.0088434113169895,0.737282802916594,0.0549663297168194
"AGACCGGGAAACCCTG-1",0.0092197256045244,0.0345428888213066,0.0117073580734999,0.114702389878439,0.000108215365301118,0.800990895710024,0.0287285265469045
"AGACGAAGTGCCGGTC-1",0.0348514045647902,0.0367498182226068,0.00860966903129996,0.000112646873188634,0.000112646873188634,0.919451167561737,0.000112646873188634
"AGACGACGATGCCGCT-1",0.0784916937350461,0.127957657581679,0.0588099415048357,0.73438563205709,0.000113648938752848,0.000127777243843021,0.000113648938752873
"AGACGGGATTGGTATA-1",0.147780827140176,0.0971749395602216,0.0150136225865371,0.0269490358237147,0.0117576360495254,0.660910425151439,0.0404135136883862
"AGACGGGCCGATTTAA-1",0.0299629943984951,0.0574359917199471,0.014133445562542,0.000167917077634152,0.000167917077634151,0.894376637956422,0.00375509620732596
"AGACTAGCCTTCCAGA-1",0.0227463242355985,0.0738485708279099,0.00706072602989667,0.0479046576986053,0.000106840494618023,0.848226040218753,0.000106840494618019
"AGACTGTTACCGGGTC-1",0.0187198003331784,0.138624586184295,0.0424918414465005,0.734432933970375,0.00556053380211191,0.0600531925115858,0.000117111751954025
"AGAGAAACACCAGAAA-1",0.000119843471432895,0.0974123472834936,0.0189457359780398,0.81828163703989,0.029759847876482,0.000353615185505068,0.0351269731651566
"AGAGAACCGTCTAGGA-1",0.0206253273992048,0.0896436167838412,0.0117108697526277,0.0266061219481663,0.000170993924434546,0.799103009668298,0.0521400605234278
"AGAGAAGGAGTACAAT-1",0.0590277425734907,0.0676420132080252,0.0904549369002734,0.736497965865631,0.041830994034022,7.50300912695051e-05,0.00447131732728867
"AGAGATCTCTAAAGCG-1",0.0536396595011176,0.140276043532003,0.000238873433554505,0.133008867746645,0.000238873433554507,0.672358808919571,0.000238873433554505
"AGAGCAGTTATGAGAC-1",0.0203742121480241,0.0645018091536431,0.00811411897472064,0.0451389542195698,0.000162962176597414,0.861544981150848,0.000162962176597412
"AGAGCCGCCGAGATTT-1",0.0620298891306704,0.0497109600081093,0.00265690636743152,0.013048537925367,0.000173346689807901,0.872207013188806,0.000173346689807901
"AGAGCGGGCTAATCAT-1",0.0315794807280021,0.13913162774458,0.05358261359033,0.143907685926068,0.0215944787208869,0.547539262326785,0.0626648509633477
"AGAGCGTACAAGCTCG-1",0.0242766961900174,0.102780596008683,0.000162038894096307,0.0633768679592784,0.000162038894096307,0.809079723159733,0.00016203889409631
"AGAGGCTTCGGAAACC-1",0.0587138105586267,0.0774937770575742,0.000180388426849514,0.04309114354841,0.000180388426849514,0.82016010355484,0.000180388426849515
"AGAGGTATCTCGGTCC-1",0.197792374649293,0.180770324351558,0.000377481258189912,0.01898265760407,0.000377481258189899,0.592663414902158,0.00903626597654057
"AGAGTAAACTTCACTA-1",0.132728409587251,0.0746706563501753,0.0259435139469453,0.00774581347548986,0.00706927032774565,0.702017756685214,0.0498245796271788
"AGAGTTAGAGACCGAT-1",0.12770304850008,0.140847334637949,0.0129587381731338,0.000238066236747137,0.0186090125046574,0.698408330410457,0.0012354695369753
"AGATAACTTCAGGGCC-1",0.0773069013507762,0.0616353235537891,0.00011141863535398,0.0136784600515172,0.000111418635353981,0.847045059137856,0.00011141863535398
"AGATACGACTTCATAT-1",0.0412818798182519,0.0860466087476667,0.000108904047481683,0.0209730746510065,0.000108904047481684,0.845253711966245,0.00622691672186678
"AGATACTCAAGATCGA-1",0.0602157181303856,0.0872425626853598,0.000169089353067467,0.0333769649745864,0.000169089353067467,0.818657486150466,0.000169089353067467
"AGATATAATACGACTA-1",0.0739633431438339,0.100915572827891,0.0268418845560335,0.0625678668700476,0.000169496801113514,0.735372338999966,0.000169496801113513
"AGATCGTGCATAAGAT-1",0.106370981494613,0.0958556526035235,0.0199025110013326,0.068541955746782,0.00624875419118378,0.679074597824897,0.024005547137669
"AGATCTCAGGTGTGAT-1",0.119541851981054,0.0574632071023809,0.000174707560702552,0.122201484460745,0.000174707560702553,0.700269333773713,0.000174707560702547
"AGATGACTCGCCCACG-1",0.02476454391912,0.0797938022735082,0.0030679638926235,0.050817930848598,0.023708042691288,0.817680159092222,0.000167557282640486
"AGATGAGGGTTGCGAT-1",0.0430932555897902,0.065529619583824,0.0103856229132114,0.0274309681753625,0.0225575911929422,0.830830296404848,0.000172646140021678
"AGATGATGGAGTCTGG-1",0.0392660823997096,0.111242297600673,0.00615770922871092,0.0347361672465146,0.00860348530322532,0.796227476468263,0.00376678175290393
"AGATGCAAGACGTGCA-1",8.06552951818451e-05,0.0568562745999359,8.06552951818428e-05,0.942740448924155,8.06552951818639e-05,8.06552951818258e-05,8.06552951818515e-05
"AGATTATAGGACGTTT-1",0.0270330170400067,0.0767781903915087,0.0420651037150843,0.113089932638212,0.00156669631363626,0.739313596556808,0.00015346334474349
"AGATTCACAACCGATA-1",0.0281039251273252,0.0777354316590092,0.0503337017367526,0.628641214040069,0.00128187074352793,0.110699621196788,0.103204235496529
"AGCAAAGGCCGCTAGT-1",0.0731762665014045,0.076189483779977,0.00652047724542903,0.0957637652209244,0.00768660094445533,0.740407650109837,0.00025575619797262
"AGCAACATATCTTATT-1",0.0211974712108744,0.0833996878411685,0.0133247100085933,0.0522100953189438,0.000173087400106735,0.799730736540879,0.0299642116794346
"AGCAACCGAAAGTAAT-1",0.0481031486395177,0.182964908499661,0.00901194466737059,0.755528442124384,0.00415726686402765,0.000117144602519586,0.000117144602519586
"AGCACACGTTTAGACT-1",0.0191881371180798,0.038150733501299,0.00918854528022891,0.767935225576039,7.72634661307805e-05,0.165382831592092,7.7263466130781e-05
"AGCACCAGTACTCACG-1",0.0776112737683944,0.140748058052035,0.0117205151588125,0.0532553650875481,0.000161311624824265,0.716342164683562,0.000161311624824252
"AGCACTACCGGCCTGT-1",0.0461305038033879,0.0519053541886548,0.00010908911854617,0.00948522486445262,0.00557568613566855,0.886685052770744,0.000109089118546167
"AGCACTACCTCACCAG-1",0.0668464046200888,0.166491026050994,0.000265739671978866,0.0211952035110547,0.000265739671978863,0.744670146801926,0.000265739671978863
"AGCACTTAAGGACGCC-1",0.0227019344509073,0.129525960867776,0.0026495328282484,0.0748955044843407,0.000170357168284804,0.769886353032158,0.000170357168284804
"AGCAGAAGGAGAAAGA-1",0.0172812304697037,0.107991244937577,0.020460818488201,0.083418404553552,0.000169735487681362,0.765188814941706,0.00548975112157958
"AGCAGCCAGATGAATA-1",0.155731316961258,0.216061245781203,0.00909163269181336,0.0535664413752607,0.000352346285235551,0.497244830945979,0.0679521859592502
"AGCATATCAATATGCT-1",0.072975733685027,0.147893566297289,0.029262597694864,0.0648723550245421,0.000240820421865537,0.684514106454546,0.000240820421865538
"AGCATCATTTCGAAAG-1",8.16182349211115e-05,0.100429677155653,8.16182349211102e-05,0.899162231669742,8.16182349211106e-05,8.16182349211062e-05,8.161823492111e-05
"AGCATCGTCGATAATT-1",0.0368680103906102,0.0838492920198589,0.00648733623930673,0.00744474083940232,0.000165530159475584,0.802195184539014,0.0629899058123326
"AGCATTACGAGGCAAG-1",0.113918151078882,0.137002493625595,0.0116219564718182,0.093023948503727,0.000260789986766513,0.643911870346445,0.000260789986766507
"AGCCAAGCTTTGTGTC-1",0.0291445515437236,0.24026475278131,0.0407886634380152,0.0877769260921866,0.000340871577387923,0.51247391913528,0.0892103154320969
"AGCCACAGGTTACCCG-1",0.0200210969745669,0.0402237451511632,0.00797951943951384,0.0385151892173597,0.000167366312478381,0.89292571659244,0.00016736631247838
"AGCCACTCCCGTGCTT-1",0.0182267273682915,0.0344434437318715,0.0106506539790746,0.0756416460781534,0.000166890182692715,0.860703748477224,0.000166890182692717
"AGCCCATACATGTAAG-1",0.0104018592270622,0.163436271183238,0.0138674162732436,0.186920246183323,0.0194457713808496,0.605683013812878,0.000245421939405362
"AGCCCGGCATTAGAGG-1",0.000111617239203015,0.0552706573603556,0.0194172083944725,0.673333949957789,0.00674299059272691,0.24501195921625,0.000111617239203019
"AGCCCGGTAGCCTGTA-1",0.0502940673504682,0.0515046729527223,0.0070144067336078,0.80415985718653,0.00284330714280058,0.0840626368970924,0.000121051736778834
"AGCCCTAAGCGAAGTT-1",0.0193926679454462,0.112855822515537,0.000250150756721069,0.0802819296994491,0.00616844233765189,0.659024492325524,0.12202649441967
"AGCCCTCCCTGGTGGC-1",7.91159974227348e-05,7.9115997422731e-05,7.91159974227312e-05,0.889491273097613,7.91159974227294e-05,0.0907621861963451,0.0194300767163506
"AGCCCTTCTAATCCGA-1",0.0900156557323911,0.19099169282672,0.00673016915343434,0.0252781198964247,0.000251228251646906,0.662330864898007,0.0244022692413762
"AGCCGTGGCTAAATGT-1",0.000110795552719551,0.0630230301589751,0.0403958356547437,0.702059707295186,0.000110795552719551,0.178552205218807,0.0157476305668496
"AGCCTAATACCCACGT-1",7.3794884148016e-05,0.0776928717661072,7.37948841480156e-05,0.729289562200232,7.3794884148016e-05,0.171637320866282,0.0211588605149349
"AGCCTTAAAGCGGAAG-1",0.126887005920509,0.0601345555894345,0.0214330436324241,0.000153622939989276,0.00917593839438362,0.782062210583271,0.000153622939989281
"AGCGACAGGAACGGTC-1",0.0614930434562643,0.124573947943016,0.0599751933431406,0.753625744778237,0.000110690159780571,0.000110690159780577,0.000110690159780577
"AGCGACATCCCATTCA-1",0.082474440665027,0.0493286520218692,0.00328502349380653,0.0687689808383127,0.000257374359294373,0.795628154262396,0.000257374359294374
"AGCGACCAACGATATT-1",0.103801155912016,0.0734459732498682,0.0358456182291938,0.105944454991301,0.000169478127515056,0.680623841362591,0.000169478127515042
"AGCGAGACGTGAAGGC-1",0.062497931428059,0.199159127019828,0.0565113312170603,0.681461620879483,0.000123329818523478,0.000123329818523476,0.000123329818523472
"AGCGATGCGCCTAATA-1",0.067350516775582,0.107958955283902,0.0103531738336779,0.00251781870862869,0.0133194452507676,0.736780375041433,0.061719715106009
"AGCGCATAATGAATCG-1",0.0387498594966015,0.0697469418630313,0.0103117222063451,0.290160100129874,0.00933374187849242,0.581542029617905,0.0001556048077507
"AGCGCGGGTGCCAATG-1",0.0101941912625469,0.154449234026519,0.0146955913893902,0.130428734912527,0.000263995109400487,0.689704258190217,0.000263995109400487
"AGCGCTTATGGGCAAG-1",0.105673881359714,0.0653556683673277,0.0202032424709141,0.000258897897286798,0.0140009994650087,0.784941684442325,0.00956562599742383
"AGCGGACACTTCGTAG-1",0.0448079383257941,0.136656495753713,0.00016916443410751,0.124675513616083,0.00016916443410751,0.693352559002087,0.00016916443410751
"AGCGGCGGTTAGCGGT-1",8.28321421688279e-05,0.0833411568364605,0.033164984900695,0.876396796367435,0.00533001825767093,0.00160137935340118,8.28321421688263e-05
"AGCGGGAAGGGTCCAT-1",0.117060477326468,0.0465011107086589,0.0290903490907101,0.00225758932957047,0.0183255960930139,0.78660064705981,0.00016423039176794
"AGCGGGTCTGACACTC-1",0.0136685406579376,0.0351863812693217,0.00385530028049451,0.0504191716726467,0.000109654931825426,0.896651296255949,0.000109654931825426
"AGCGGTTGAGATGTAC-1",0.0967772681583795,0.202302008756439,0.0362752506492974,0.000235415654418085,0.000235415654418086,0.66393922547263,0.000235415654418085
"AGCGTAGCGCTAGACC-1",0.0754736120943804,0.143333535435601,0.000174814767834572,0.0419456569643896,0.000174814767834574,0.738722751202125,0.000174814767834574
"AGCGTGGTATTCTACT-1",0.0768655431436698,0.0261878979491474,0.000159484930470659,0.0833929377285109,0.0309246523386403,0.782276023180307,0.000193460729253632
"AGCGTTCCGATTTAAA-1",0.0438669534256579,0.0856362581091372,0.00023970702010302,0.00894459493198795,0.000239707020103023,0.709007648637849,0.152065130855162
"AGCTAACAAGCAATGT-1",0.231538465384508,0.150907775682642,0.0370588379650992,0.566807259553383,0.0132416871684811,0.000222987122942888,0.000222987122942884
"AGCTAAGTACGCAGGC-1",0.0567722595167933,0.0881151800785245,0.0178144029944375,0.0456707323517643,0.00554692099642428,0.785828253094682,0.000252250967374379
"AGCTAGAAGCAGAAGT-1",0.0730258057873089,0.150422394827917,0.000753311028911031,0.0343491474587038,0.000383392312092126,0.681006118943234,0.0600598296418328
"AGCTATTTAATCCAAC-1",0.00747111451817711,0.0739159348260332,0.0353192988131525,0.0439456700776076,0.000168829869542587,0.760572136298501,0.078607015596986
"AGCTCCATATATGTTC-1",0.130745191906407,0.106162088182936,0.0325393684340282,0.025631800652885,0.00024093390386551,0.656893388073388,0.0477872288464902
"AGCTCCTTCGCACATC-1",0.0916900524424624,0.0702089027602919,0.0452881992942997,0.0163349073358682,0.0137560495398696,0.762555365025711,0.000166523601497285
"AGCTCTAGACGTTCCA-1",0.0650056844567235,0.0790347345732659,0.0372533969086427,0.0204365763781167,0.000164936169654631,0.782862294407366,0.015242377106231
"AGCTCTTCCCAGTGCA-1",0.0695259306196048,0.0321195719843652,0.0230196046696439,0.0881074578959898,0.00228838637939817,0.758758569629648,0.0261804788213499
"AGCTCTTCGTAACCTT-1",0.0914970246451134,0.117850261077993,0.00545780691348474,0.0351795051471484,0.000256443269186954,0.749502515677887,0.000256443269186955
"AGCTCTTTACTCAGTT-1",0.0736916287731515,0.0609058240956116,0.00366214331778294,0.55727219253526,0.000165444614557942,0.304137322049078,0.000165444614557942
"AGCTGAAGTAAACCAA-1",0.0337557364828984,0.022254676002194,0.0275474680878029,0.142706235496016,0.00877148055378895,0.739654347411545,0.0253100559657541
"AGCTGTAACCTCAATC-1",0.143466320892126,0.110184306066716,0.0349257737549681,0.710923092531923,0.000166835584755596,0.000166835584755596,0.000166835584755595
"AGCTTATAGAGACCTG-1",0.180214693202303,0.148410900447723,0.0283533443689696,0.0357294997435116,0.000364887721930196,0.598213087895078,0.0087135866204833
"AGCTTCAATACTTTGA-1",0.1441183955847,0.183571795504625,0.0398901093949658,0.0144464459770177,0.041196441368393,0.547937547211501,0.0288392649587979
"AGCTTGATCTTAACTT-1",0.000161607595687925,0.137314752895244,0.0208307532760104,0.0548621792221398,0.000161607595687924,0.741654771878842,0.0450143275363879
"AGGAAAGCCTCTGATG-1",0.060670631971435,0.281083941998709,0.0403153314975928,0.0084524563471823,0.054908375223072,0.538021374676611,0.0165478882853978
"AGGAAGCTGTCCGCCG-1",0.000166925219186385,0.0927569229515731,0.0369478206798632,0.0419730868211171,0.000166925219186385,0.827821393889887,0.000166925219186386
"AGGACAGTCGAATCCC-1",0.0662567830878647,0.0635932998478184,0.00595234287816952,0.0251162688444371,0.000174416813298054,0.838732471715114,0.000174416813298056
"AGGACATCGCACGTCG-1",0.00848595822843748,0.0454153901345395,0.000117626812721587,0.000117626812721588,0.000117626812721585,0.945628144386137,0.000117626812721585
"AGGACGACCCATTAGA-1",0.0328253561640807,0.0426780612863735,0.0822362744973506,0.78196410018249,0.000119427575495076,0.00641529499189674,0.053761485302313
"AGGACGCTCGATGTTG-1",0.0998904956532868,0.173552735028326,0.00660168889556354,0.0356975082568721,0.000256143015110104,0.675091532608518,0.00890989654232384
"AGGAGGCCTTCGCGCG-1",0.107092373534205,0.0935173355038724,0.0264835006594508,0.0102953438625161,0.000257136851330413,0.743828562071556,0.0185257475170686
"AGGATAAAGTCGGGAT-1",0.0273051754207116,0.119511842298698,0.00796582671443328,0.162834192074653,0.0264168455459103,0.655714622372759,0.000251495572834956
"AGGATATAGGGATTTA-1",0.0242961303963562,0.088808127830948,0.000162736178206639,0.0160527307724624,0.000732558600157841,0.869758878549123,0.000188837672745562
"AGGATCACGCGATCTG-1",0.0708627939742961,0.0602564791787204,0.0335446662339874,0.40824903120816,0.0144539411707416,0.412483499985601,0.000149588248493265
"AGGCAAAGAGGAATCA-1",0.109156239401105,0.0489466683129973,0.0105565037149335,0.0572527630079968,0.000249217979472597,0.677386714362305,0.0964518932211904
"AGGCACGTGACTGTCC-1",0.275612940056668,0.158885336838081,0.00252955781201101,0.0695906452603368,0.000548388458372071,0.465047408160584,0.0277857234139473
"AGGCAGATGCGTAAAC-1",0.0376372732347405,0.0595550399218084,0.0101017499519009,0.0144243815127873,0.0247134700302233,0.720240811288239,0.133327274060301
"AGGCAGGGAGCGTACT-1",0.0391741936427351,0.0617119071654688,0.000159486325922251,0.411080093957265,0.00015948632592225,0.487555346256764,0.000159486325922264
"AGGCATTGTCGTAGGG-1",0.10799212084959,0.0964442902534902,0.00936247482832995,0.0822246836578861,0.00861121357931032,0.695104384578243,0.000260832253150097
"AGGCCACCCGTTATGA-1",0.0425877822791756,0.177828107731791,0.013189090618635,0.0321648575207569,0.000233944908041756,0.646577908059359,0.0874183088822403
"AGGCCCATTGTACAGG-1",0.0445722425049112,0.0574144818648573,0.00750622246018731,0.0316252591361365,0.000165341238634398,0.858480995259962,0.000235457535311409
"AGGCCCTAGAACGCCA-1",0.0479302533741192,0.106730081048172,0.000170599810752841,0.636125266652945,0.0358211810129398,0.173052018290318,0.000170599810752842
"AGGCCTGAGAATCTCG-1",0.102870078408115,0.101486965855203,0.024099895582526,0.0413976010793665,0.000252073796385438,0.6924852255395,0.0374081597389032
"AGGCGGTTTGTCCCGC-1",0.000115025068736585,0.0120312350009943,0.0436422482127208,0.943855387252251,0.000115025068736582,0.000126054327824446,0.000115025068736577
"AGGCGTCTATGGACGG-1",0.273539354314948,0.136908386798878,0.0247062570733109,0.086889059917157,0.0148818012983314,0.462701360917131,0.000373779680243649
"AGGCTATGGTTAGCTT-1",0.083272731962465,0.145149004344242,0.0290575457215287,0.123112282735643,0.0191799844559502,0.599972515405823,0.000255935374348277
"AGGCTTCCCGAAGAAG-1",0.0978715527742011,0.134222541604693,0.0388347788160537,0.728736490295903,0.000111545503049437,0.000111545503049435,0.000111545503049436
"AGGCTTGCTAGACACC-1",0.0423718627951464,0.0836192489433366,0.0518020449073602,0.0735376785158794,0.000275696294676376,0.748117772248925,0.000275696294676376
"AGGGAAACGAGGTACT-1",0.0265580193417702,0.0994632431321787,0.0112467520271383,0.0539933612285631,0.000166939041912616,0.796898101062526,0.0116735841659112
"AGGGACAGCACGGCGG-1",0.329869699933568,0.237990739882358,0.0194184575074949,0.0677335300751198,0.000532174978367623,0.259911560518399,0.084543837104693
"AGGGACCGGCTGCGTT-1",0.0690885961145902,0.0554288280098165,0.00769339841742933,0.0122576522874765,0.00145667902305261,0.853905536612724,0.00016930953491046
"AGGGACTCTACGCGAC-1",0.0134383784553103,0.142069293508968,0.00024119155525657,0.307774419148106,0.000241191555256578,0.535994334221846,0.000241191555256571
"AGGGAGACATACTTCG-1",0.100498532167249,0.070978745778436,0.0228497364706401,0.000255894760499363,0.000255894760499364,0.786209036797811,0.0189521592648653
"AGGGCAGCGGCGTGGT-1",0.0459387863741247,0.0118137435158242,0.0330561032876066,0.00903677123156358,0.000170159285989317,0.899814277018902,0.000170159285989318
"AGGGCGAGCAGCTGAT-1",0.0849250832302655,0.0553714419751632,0.000108067850301381,0.0789177886891154,0.000108067850301379,0.780461482554552,0.00010806785030138
"AGGGCGTGATCGGCTA-1",0.0194594578693853,0.0363147150860528,0.00846515195303785,0.000109282585223996,0.000109282585223997,0.935432827335852,0.000109282585223996
"AGGGCTGCAGTTACAG-1",0.203085249315878,0.128349320565261,0.000369413516632972,0.128949053306797,0.000369413516632974,0.517000992509732,0.0218765572690656
"AGGGTCAGAGCACTCG-1",0.0517501370714646,0.0317875578161418,0.00512231029090073,0.622193624961891,0.00472852245400575,0.284265593861095,0.000152253544501503
"AGGGTCGATGCGAACT-1",0.0504844895617361,0.0289897241939506,0.0215758891915541,0.000172198116034089,0.00017219811603409,0.898433302704657,0.00017219811603409
"AGGGTGCCGTTCTTTA-1",0.135476932999668,0.0767482762161388,0.0098767433055865,0.689604827456279,0.0158183823502474,0.0723682791648332,0.000106558507246869
"AGGGTGCTCTCGAGGG-1",0.0353758074358199,0.0421710129947644,0.0221263172224939,0.0372378674100406,0.000175461041304961,0.860755172325212,0.00215836157036366
"AGGGTGGATAGTGCAT-1",0.0518298051105408,0.12746305190649,0.000358468232571887,0.0699882082922482,0.000358468232571887,0.610249878077566,0.139752120148011
"AGGGTTCCCTTTGGTT-1",0.0464852439193157,0.0573938302441241,0.00996184566085404,0.0414533085744798,0.000164850125448876,0.844371032527461,0.000169888948316562
"AGGGTTTAGTTCGGGA-1",0.0954966890571627,0.205380251131372,0.0188055164138187,0.0780538281636438,0.000371012785940735,0.601521689662121,0.000371012785940734
"AGGTAACCTCCTATTC-1",0.0272134998597404,0.0657890447175224,0.00721080058965506,0.0461013589687078,0.00526586422698596,0.848250880173715,0.00016855146367355
"AGGTACGATATTGCCA-1",0.0506637481968302,0.0751121046419704,0.000262894980202033,0.0329325382904346,0.000262894980202031,0.840502923930159,0.000262894980202035
"AGGTAGATCGAGATAT-1",0.000121327682207768,0.0482400105952348,0.00234357751295461,0.883404918090356,0.0657341913396736,7.79873897867831e-05,7.79873897867878e-05
"AGGTAGGTACAAAGCT-1",0.12763563098549,0.07028496429527,0.0130372821874831,0.0279942458174404,0.0456198621553476,0.715267017735156,0.000160996823812519
"AGGTATAATTGATAGT-1",0.027924800359384,0.0579058350212756,0.00844648879311903,0.00140362116462887,0.00681777071912932,0.895354493276247,0.00214699066621568
"AGGTCAGGTGAGAGTG-1",0.0127468407487902,0.000680185092361283,0.0603455331824774,0.27244141246647,0.000149950534182728,0.653486127441535,0.000149950534182729
"AGGTCGCCACTTCGGT-1",0.173842285254708,0.172329492910627,0.0602588526153949,0.00633410775171117,0.000380336153291135,0.586474589160976,0.000380336153291146
"AGGTCGCGGAGTTACT-1",0.012900410472496,0.0762398059127721,0.00688831405335027,0.036112754202717,0.000169585222556155,0.867516968236371,0.000172161899736953
"AGGTGGTGACCTTCGC-1",0.115258908579983,0.162501419757168,0.0450242433619107,0.0907990874516827,0.000374823442210248,0.533775573439351,0.0522659439676944
"AGGTGTATCGCCATGA-1",0.0246527192265369,0.0255133934789398,0.000110194782792549,0.0042728620882062,0.0165656750327031,0.928774960608029,0.000110194782792549
"AGGTTACACCATGCCG-1",0.0451975777737507,0.0405843135119415,0.0206849527558439,0.00015752842524686,0.0201227872405041,0.78011357481234,0.0931392654803729
"AGGTTCTCCTTTCCGG-1",0.0552454332250142,0.164250697657831,0.049110325314388,0.716590020436242,0.0145589192822634,0.000122302042131048,0.000122302042131035
"AGGTTGAGGCACGCTT-1",0.0279807583463328,0.0597911138346601,0.0264965761798986,0.0881403435914707,0.00784141907106908,0.789577880318326,0.000171908658242715
"AGGTTTCACACACCTT-1",0.0326234926021129,0.0318005766197076,0.000249898801133749,0.317700487502846,0.00024989880113374,0.574956866661199,0.0424187790118677
"AGTAACGTTCATCCTG-1",0.00744120244272434,0.074580453393617,0.000116888113847234,0.000116888113847236,0.000116888113847234,0.91751079170827,0.000116888113847235
"AGTAACTATAGCAGCC-1",0.118202715213071,0.090554378417696,0.0355472273660099,0.0430245299038597,0.000257059099730543,0.708466018752381,0.00394807124725172
"AGTAATGTCTTGCCGC-1",0.00473580680992371,0.0460376527440376,0.0168879327168418,0.0589081451649828,0.000158333272594092,0.873113796019026,0.000158333272594091
"AGTAATTTGCAAGCGT-1",0.00895931028004711,0.107943783795418,0.00578275214649612,0.85256425948783,0.0245730530960703,0.000103183316469353,7.3657877669154e-05
"AGTACATCATTTATCA-1",0.054547859614947,0.0718457676644361,0.0288041123796184,0.000170572956190542,0.00514966322722814,0.839311451201389,0.000170572956190541
"AGTACCTTCGAGTGCT-1",0.220703797561508,0.189255305949818,0.000516519891125089,0.0859592547005313,0.00365615979393691,0.364948740848281,0.134960221254799
"AGTACGGCCCGTATCG-1",0.0581852520726799,0.044973128688467,0.0124973330428727,0.0185685949816831,0.000169868853414598,0.839065200635707,0.0265406217251751
"AGTACGGGCACCTGGC-1",0.0172697225116159,0.0154399411760176,0.00692782821046134,0.0836896014209814,0.000157926860925208,0.876357052959073,0.000157926860925212
"AGTACGTGGCCTGTCT-1",0.143255816172691,0.138082418324863,0.0546759141229714,0.0134645063071931,0.00123278807111318,0.609879128855732,0.0394094281454371
"AGTACTCTTATGCCCA-1",0.0159667770028926,0.0153836693883242,0.0140869827567863,0.00923860322638728,0.0130476235951481,0.93210717631543,0.000169167715031005
"AGTAGAAGGCGCCTCA-1",0.0931073964751277,0.0855290268733877,0.0310815918668073,0.291258505957551,0.000230053346419746,0.456436167644913,0.0423572578357936
"AGTAGCGTGAACGAAC-1",0.104941650355474,0.115280024798877,0.044738835531005,0.0155057598699767,0.000246207160194769,0.719041315124278,0.000246207160194771
"AGTAGCTAGACGCCGA-1",0.326871491281224,0.15958009060062,0.000526049408253375,0.02360986520463,0.0529006461306775,0.335711625492252,0.100800231882343
"AGTAGGAAGGAAGTTG-1",0.0195672357501127,0.0255281964614461,0.0045199097122155,0.0263802855322179,0.000176520077166673,0.923651332389674,0.00017652007716668
"AGTAGGTAACATACAT-1",0.0384443188373553,0.0275176377384402,0.000111287588630487,0.000111287588630486,0.0179471557134566,0.907776256024912,0.00809205650857523
"AGTATAATACTAGGCA-1",0.050899142259578,0.052981570910669,0.0264754374726992,0.0615144783505568,0.000250133795589045,0.630899053547972,0.176980183662936
"AGTATACACAGCGACA-1",0.177678347015367,0.0954098100654938,0.0129542814842513,0.438556665215608,0.00035546022883216,0.274689975761616,0.000355460228832161
"AGTATCCATAATAACG-1",0.0658563297916462,0.236353036944162,0.0190825524644486,0.006827252645058,0.000152595890448223,0.656143770177697,0.0155844620865403
"AGTATGCTGGAGACCA-1",0.0187515203154764,0.0487373030462455,0.00480627366721653,0.927477834403383,7.56895225596232e-05,7.56895225596068e-05,7.56895225596231e-05
"AGTATTTGGCACGACC-1",0.00728833633807378,0.218485039148834,0.000221348319643934,0.206400439888537,0.0145457567367357,0.552837731248532,0.000221348319643936
"AGTCAAATGATGTGAT-1",0.0112099486721084,0.0667853638175107,0.0962773434806095,0.825367683239889,0.000110978783487394,0.000137703222907798,0.000110978783487395
"AGTCAACACCACCATC-1",0.0176145173433403,0.143465736578315,0.03712899927829,0.329529825583677,0.000233993532259763,0.471792934151858,0.000233993532259763
"AGTCAAGATGACACTT-1",0.23840845479524,0.0507785627266274,0.0214941624421687,0.0798693629623176,0.0342825315430878,0.574794458340656,0.000372467189902733
"AGTCACTAGCTCTCGA-1",0.0108169274095423,0.0574025670152849,0.00554200354843964,0.000110633408055353,0.0017003747663301,0.924316860444292,0.000110633408055353
"AGTCACTCCGCCTCAT-1",0.246768999238171,0.291047176478709,0.00488353964867346,0.0411655784142554,0.0409989171087398,0.23193501744617,0.14320077166528
"AGTCAGCCACCGCCTG-1",0.304709139908876,0.0594343554058357,0.0478686163085909,0.0349380219119173,0.000343626404303712,0.470960779456291,0.081745460604186
"AGTCCAGCGGGTACGT-1",0.0757793879337327,0.160233108513465,0.0243313491740685,0.0214881387324818,0.000169364780154729,0.717829286085943,0.000169364780154725
"AGTCCATTGGCTGATG-1",0.00456529183530985,0.0437257159828393,0.0142122200789731,0.0488303479289131,0.00841898621851813,0.880077555084557,0.000169882870889344
"AGTCCCGCCTTTAATT-1",0.0500048198735184,0.214865715130234,0.000897934882235793,0.0691818024924153,0.000257834614901041,0.664007823723214,0.000784069283481959
"AGTCGACGGTCTCAAG-1",0.000158646052787993,0.047544180117683,0.0130308969472224,0.0432414745268577,0.00524816894857968,0.802196928453997,0.0885797049528723
"AGTCGGCCCAAACGAC-1",0.0241983572042402,0.0531561719534374,0.000163696295757376,0.0349431629472642,0.000163696295757381,0.780320168132165,0.107054747171379
"AGTCGGCTCAACTTTA-1",0.0193126773347624,0.106090178625418,0.0111653205415277,0.706841768015265,7.91612201645239e-05,0.156431733042699,7.91612201645274e-05
"AGTCGGTTGCGTGAGA-1",0.0393052280464743,0.060996101359335,0.00164726111866512,0.030358473632774,0.0014250438837193,0.810074068039197,0.056193823919835
"AGTCGTATAAAGCAGA-1",0.093908217348645,0.145028962748895,0.000171232139600692,0.0398171124119411,0.000171232139600692,0.720732011071717,0.000171232139600692
"AGTCGTCGACCACCAA-1",0.0616820080793773,0.00382508720227163,0.012309305944935,0.0107092243808915,0.000168113690160744,0.911138147012203,0.000168113690160744
"AGTCGTGGGCATTACG-1",0.000128935049939227,0.0526899013335895,0.0123731360884685,0.934434139804643,0.000117293549816963,0.000139300623725976,0.000117293549816963
"AGTCTAAAGTATACTC-1",0.0504197297160368,0.0648401340387373,0.0134568327467611,0.000107744464420184,0.000107744464420185,0.775186842384667,0.0958809721849573
"AGTCTCACAAGACTAC-1",0.0102457846834273,0.0418519807113242,0.0132653272555363,0.846297466652134,0.0380756921744009,0.0501870365704188,7.67119527589883e-05
"AGTCTGGACATCCTTG-1",0.0562648784136418,0.212746720907935,0.0220851722337606,0.0454235053502421,0.041195213693435,0.621912236417352,0.000372272983632927
"AGTCTTCTCCTCAAAT-1",0.0637966086575158,0.107561641612885,0.0149579549292327,0.128162223831282,0.000246665820421205,0.685028239328242,0.000246665820421204
"AGTCTTTAAAGTGTCC-1",0.0180569127895877,0.0424719177486663,0.00764546121116005,0.03165548627318,0.00011016635602343,0.899890963861325,0.000169091760057665
"AGTGAACAAACTTCTC-1",0.0800235981098601,0.0725537299115148,0.0114335662457027,0.0131489462622727,0.0177525512130456,0.804917164754223,0.000170443503380623
"AGTGACCTACTTTACG-1",0.152363692470302,0.0410996539661277,0.0235177062887211,0.679620880892457,0.000108714622703354,0.0565903286384816,0.0466990231212067
"AGTGACTGTGACACAA-1",0.000233291393862588,0.0971947336252791,0.082367411531299,0.501829838967199,0.000233291393862584,0.297345823561248,0.0207956095272497
"AGTGAGACTTCCAGTA-1",0.103171054753147,0.0805285030676475,0.00640620726984666,0.0802246947628994,0.000173382425278529,0.729322775295903,0.000173382425278546
"AGTGAGCCTCGCCGCC-1",0.00903709070291618,0.0475633640944803,0.00645040415709,0.0328868890332893,0.000174423959237025,0.90371340409375,0.000174423959237024
"AGTGAGGGTTTCTGAC-1",0.0221576538640817,0.0395654944259558,0.00016990696586653,0.00016990696586653,0.00016990696586653,0.937597223846496,0.000169906965866529
"AGTGATAACCTGCGCG-1",0.0612399820930683,0.0204226637492987,0.00397262078321112,0.0078753053301006,0.000164066986308484,0.906161294071704,0.000164066986308483
"AGTGATATGAGTAGTT-1",0.0652410707779551,0.118829856741358,0.016072112657649,0.743969056552134,0.00011746762969595,0.0556529680115112,0.000117467629695949
"AGTGATTCAAGCAGGA-1",0.024039960347698,0.0590607392026216,0.00016898400649141,0.0351480139985287,0.000168984006491409,0.881244334431677,0.00016898400649141
"AGTGCACGCTTAAGAA-1",0.0539658163299121,0.161755525098316,0.00857420412555345,0.0481288066000462,0.0259316515778702,0.701254514454083,0.000389481814219775
"AGTGCGTAGCTCGTAA-1",0.0371456953130666,0.117417450967144,0.0566519409532852,0.423876970012365,0.000232239400071704,0.364443463953996,0.000232239400071713
"AGTGCTAAACACAGCA-1",0.0808601194217256,0.0808286709265277,0.000163158516219366,0.0742951797779302,0.000163158516219365,0.763526554325158,0.000163158516219365
"AGTGCTTGCACGAATA-1",0.0687759497742804,0.0921728981063493,0.00519590613970883,0.052280739020443,0.00236360773053143,0.719848125502554,0.0593627737261331
"AGTGGCGGCAATTTGA-1",0.0334413652679177,0.0450080415204974,0.00694271964996306,0.0726207417373109,0.000173653933433404,0.841639823957444,0.000173653933433405
"AGTGGCGTCTGAAGGT-1",0.131758475507366,0.0697946998412018,0.0098403149878595,0.0223191390239447,0.000247870568701481,0.709014794573794,0.0570247054971324
"AGTGGCTCCGTCGGCC-1",0.08656784645535,0.086187114616544,0.000167522535676666,0.0322086122707402,0.000167522535676666,0.794533859050336,0.000167522535676663
"AGTGGTGTTACCCGTG-1",0.0176161999209866,0.044461099146987,0.0232083079176564,0.0797819915003353,0.000100424620579027,0.808076605332401,0.026755371561055
"AGTGTATTGCGCATTG-1",0.00175378062809889,0.0344946906725567,0.00333223620348549,0.129541369573831,0.000169384033346963,0.830539154855334,0.000169384033346963
"AGTGTGCTAAGATCGC-1",0.0216553901496035,0.195236980784406,0.00026127687771392,0.0353819074466854,0.000261276877713908,0.746941890986163,0.000261276877713913
"AGTGTGGTCTATTGTG-1",0.040655739659145,0.0787143800737238,0.0435218741237026,0.00816886981460012,0.0305288766376563,0.78464501091483,0.0137652487763416
"AGTTAAACACTTGCGA-1",0.0380075293833066,0.0804872699289508,0.000238004484772132,0.325777962743835,0.000238004484772135,0.555013224489591,0.000238004484772133
"AGTTAAGCGGTCCCGG-1",0.0834861684105253,0.101423130092247,0.00973907490498449,0.0725351866905028,0.000273526845247289,0.732269386211246,0.00027352684524729
"AGTTAAGTCAACCGCT-1",0.000121963468427088,0.0817994441591687,0.0682063126364584,0.849506389330664,0.000121963468427088,0.000121963468427084,0.00012196346842709
"AGTTACCGCACATGGT-1",0.000170987205151188,0.0931271220933423,0.000170987205151188,0.0977835950551869,0.000170987205151187,0.808405334030866,0.000170987205151187
"AGTTACTCTATCGTGG-1",0.0803934151370371,0.181412312895109,0.000396923464441873,0.0364115201472411,0.0115181241750836,0.689470780716645,0.000396923464441873
"AGTTATTGAAAGGTAA-1",0.0285001695932271,0.0702366842230195,0.00505707384640207,0.000156872541932785,0.000156872541932785,0.781535199767032,0.114357127486454
"AGTTCCTACAGAATTA-1",0.169434673829116,0.0952685899358629,0.00874251611104093,0.0566583062859764,0.000250230542572322,0.669395452752859,0.000250230542572323
"AGTTCCTATTTATGTT-1",0.00970411065818774,0.06567648137905,0.0159431667467632,0.127189430330602,0.0230499967656008,0.744999086925614,0.013437727194182
"AGTTGACATCGGCTGG-1",0.35932512236294,0.176767638843442,0.0164485942455628,0.0672720254812569,0.000358992301181879,0.361458125190822,0.0183695015747944
"AGTTGACGGTCCTTGC-1",0.167148698315828,0.0990313092710855,0.0124927780625459,0.0875659299459937,0.00628729870275436,0.627249538380092,0.000224447321700042
"AGTTGCTGACTGATAT-1",0.055573670676557,0.159102113748457,0.0210082869062193,0.0168612546398982,0.000252156606923386,0.746950360815021,0.000252156606923387
"AGTTTCGCAGGTCGGA-1",0.0341244789107905,0.308393033372495,0.0204292218765963,0.0686227393312164,0.000237092220452895,0.538044630791631,0.0301488034968182
"AGTTTGCACCTGCCTC-1",0.033697878802098,0.0566074860395373,0.000169926139048854,0.0886795348792,0.00016992613904885,0.820505321862018,0.000169926139048852
"AGTTTGGCACGGGTTG-1",0.103465001853126,0.0578581228489124,0.0180854311914989,0.0166394728908549,0.000172995646421116,0.764649295133544,0.0391296804356427
"AGTTTGGCCAGACCTA-1",0.096845626685785,0.0469166077102903,0.0318559012722443,0.440997620627592,0.00463498365478761,0.378592074049171,0.000157186000129257
"ATAAACCATTGGACGG-1",0.38070433123045,0.0755157309374936,0.000249637783385458,0.143543129731367,0.00039456510372201,0.399342967430196,0.000249637783385463
"ATAAACGGACCCGTAA-1",0.14353870416397,0.0664548081846521,0.0403260347661539,0.24368827943606,0.000237407307272358,0.50551735883462,0.000237407307272359
"ATAAACGTTGCACCAC-1",0.0536757804581242,0.130634174019312,0.0197861278214611,0.00025410100363896,0.0663698085258374,0.68821223993197,0.0410677682396561
"ATAAAGGCTCGGTCGT-1",0.0510379565240718,0.167924775316474,0.020637027325012,0.123033487809657,0.000254293430862373,0.636858166163061,0.000254293430862386
"ATAAAGGTCAAGTACG-1",0.0464546443878719,0.0417704114085656,0.00259323251106438,0.000111073607141131,0.00178223620190784,0.907177328276308,0.000111073607141131
"ATAAATATTAGCAGCT-1",0.0123344711302151,0.0890917037202018,0.00871106378623066,0.0515265403667755,0.0275709816506381,0.810564110227194,0.000201129118745253
"ATAACGCCGGAGGGTC-1",0.159662923030231,0.0929824338621949,0.000371130220850063,0.0990061494472442,0.000371130220850062,0.62428463632866,0.0233215968899692
"ATAACGGAGTCCAACG-1",0.0176982556515733,0.0364110951015657,0.00184087079851527,0.349290178571478,0.0153059844216209,0.560801085092831,0.0186525303624155
"ATAAGGTGGAGAACAT-1",0.000166888157355655,0.0408523511570124,0.0266981923552111,0.0458225369098479,0.000166888157355654,0.886126255105862,0.000166888157355663
"ATAAGTAGGATTCAGA-1",0.0147516375115404,0.0518317844005916,0.0358854700739965,0.00935535393099845,0.000108750561310344,0.887958252960252,0.000108750561310341
"ATAAGTAGGGCGACTC-1",0.0926583262699965,0.103607706247001,0.0109330977537521,0.0259549838147589,0.00026708872361426,0.766311708467263,0.000267088723614259
"ATAAGTTACCGCGACG-1",0.0924912548163466,0.148322902811499,0.0133922992929815,0.547628328216948,0.000241368497749278,0.197682477866727,0.000241368497749277
"ATAATACCGTTAGCCG-1",0.0650725274819287,0.0965511752452772,0.0487817508379654,0.0315750073783066,0.00338058571201627,0.754383100513747,0.000255852830758927
"ATAATAGCTGTTGAAT-1",0.10401391573836,0.0565361044964774,0.00290897671755705,0.0974784641040565,0.000158243816115329,0.633418375730616,0.105485919396818
"ATAATAGTGTAGGGAC-1",0.119021786132251,0.0615396796785316,0.0282697640186149,0.000166531305677267,0.000166531305677266,0.750149192656031,0.0406865149032167
"ATAATCTTGGAGAACC-1",0.118101227611386,0.0709288858345579,0.0244005274536741,0.0429577183930676,0.000170307594956965,0.743271025517401,0.000170307594956965
"ATAATTAGCTAAGTAG-1",0.0015833063646548,0.0386358720506737,0.00127785347165649,0.0465222211829473,0.00408393447541293,0.907740429195834,0.000156383258821223
"ATACAGGCCCTCCAAT-1",0.0591865978960559,0.0765319200006226,0.000169262184635103,0.111468437490887,0.000169262184635102,0.751487919291917,0.00098660095124733
"ATACCACGGGCAACTT-1",0.0243723703381599,0.0146959769778447,0.0310113232578825,0.253896065743007,0.000236402399377068,0.675551458884351,0.000236402399377069
"ATACCAGCAAATTGCT-1",0.032798204629823,0.038841129116952,0.0183486428162342,0.0024650952673059,0.000160904094260871,0.907225119981163,0.000160904094260868
"ATACCAGGCTAATAGA-1",0.0270987348098055,0.0383776287446757,0.0028453494685983,0.0465930031512808,0.0334781882921805,0.851443198214998,0.000163897318460751
"ATACCAGGTGAGCGAT-1",0.338850595789898,0.10764787299849,0.000367828332990702,0.0562579501345673,0.034048198375165,0.402297727780428,0.060529826588461
"ATACCTAACCAAGAAA-1",0.0307263323605528,0.0796326337384734,0.000682973533450671,0.0199231775799001,0.00559225108652107,0.863271039285895,0.000171592415207416
"ATACGCCGATCTACCG-1",0.061356464933986,0.150169446631898,0.0480522076818331,0.0470850712362811,0.00025912073186183,0.692818568052278,0.000259120731861824
"ATACGCCGGCGAAACC-1",0.0680864415369577,0.0550307743205986,0.00243499052838405,0.0165606223739755,0.000162165291834755,0.857562840656415,0.000162165291834754
"ATACGGAACGTCGTTT-1",0.0970212466334759,0.036718695621038,0.0676102858544774,0.516523363597731,0.00145987368946596,0.280510868209413,0.000155666394398132
"ATACGGGTTTCGATTG-1",0.071161867603278,0.017783314955153,0.0151798271861915,0.0688240592316876,0.00617472610525307,0.793084225574125,0.0277919793443122
"ATACGGTGAAGATGCA-1",0.0263982764580744,0.0190144723639957,0.0439283858874035,0.0228132884690625,0.000227342217539559,0.701114887642122,0.186503346961802
"ATACGTACTTAGCCAC-1",0.100640739634664,0.0656571380593676,0.0122724502402487,0.140361176798585,0.0263717133455245,0.654440182269268,0.000256599652342976
"ATACGTCCACTCCTGT-1",0.0190474750980902,0.0856383811616718,0.000164207025716209,0.0255265878521284,0.000164207025716209,0.868173091897169,0.00128604993950851
"ATACGTTATGCACGGA-1",0.109850436854104,0.0473725628894408,0.000103461064786845,0.0137479823035741,0.00475588214050612,0.824066213682802,0.000103461064786843
"ATACTACCCGTACCAC-1",0.249400603362744,0.0612679794538676,0.00016436048919859,0.00016436048919859,0.000164360489198589,0.677542444512018,0.0112958912037751
"ATACTAGCATGACCCT-1",0.105873008743408,0.0731918236826321,0.0379991289910415,0.0588774324376121,0.000166763224454953,0.723725079696396,0.000166763224454945
"ATACTCTCGCCACTCT-1",0.282567294165473,0.226235049907571,0.0296046824177943,0.0491936198416106,0.088802171769273,0.305305235404222,0.0182919464940563
"ATACTGCCTTACACCG-1",0.121813911207038,0.0559492943739724,0.000168061934207991,0.0258299525698457,0.000168061934207991,0.742980961074896,0.0530897569058314
"ATACTTGTTCTCGAGC-1",0.0471411962313711,0.109511911058141,0.0558120234107603,0.0239589960411887,0.032410069196503,0.730907464146431,0.000258339915605628
"ATAGACAACGGGACCT-1",0.125436625703778,0.101419367889525,0.000246821355146686,0.0510193022665896,0.000246821355146686,0.657926152133911,0.0637049092959033
"ATAGACGAAGAGAAAG-1",0.0814195661061756,0.100651653688575,0.0468893679221761,0.0756055550172322,0.00550780726500862,0.689687039088707,0.000239010912125688
"ATAGAGTACTGGGACA-1",0.0252116674619962,0.0708745871428387,0.0321004376545077,0.0524638104713557,0.048474910334059,0.770633660070143,0.000240926865099124
"ATAGAGTTATCAACTT-1",0.166450369244551,0.0863946701258624,0.00967029602993668,0.0033896774344456,0.0171455121242206,0.716701873918661,0.000247601122322898
"ATAGATTTGCAGTCGG-1",0.119028900455048,0.1017012449767,0.000254856708330577,0.0151423977293792,0.0524651873022333,0.711152556119979,0.000254856708330577
"ATAGCAACTAGGGAAG-1",0.0658796404769565,0.0634271116605652,0.000181125024083628,0.0435595189150602,0.000181125024083629,0.826590353875167,0.000181125024083628
"ATAGCCTCAGTACCCA-1",0.0749150853297632,0.165275814270398,0.01785563546111,0.00238878898336666,0.0493255689802337,0.678095521921413,0.0121435850537148
"ATAGGAATCTAAGCTT-1",0.279827303913169,0.179390177015453,0.0003580477662682,0.0502500692227978,0.000358047766268201,0.386156253055498,0.103660101260545
"ATAGGCGGCTATAGAA-1",0.0854954946967241,0.141310087193469,0.0141533197037457,0.337058755709388,0.0946783912477315,0.326769902145235,0.000534049303706673
"ATAGGCTAGCTTCGCA-1",0.0656905699895851,0.127735151103139,0.0135700370168062,0.0584225787103135,0.0398577948381752,0.694467525597711,0.000256342744270222
"ATAGGGATATCCTTGA-1",0.0469197447738593,0.0674490841535533,0.0132158202482673,0.029384360653579,0.0250421428656566,0.81783360074028,0.000155246564805131
"ATAGGTTGGGCAGATG-1",0.0131176115424321,0.023554305773913,0.0156387971886443,0.208631172524365,0.012369534797113,0.694012622259696,0.0326759559138362
"ATAGTCTTTGACGTGC-1",0.215393284542686,0.0734943728094486,0.0307709325653311,0.055403884363259,0.000370944344965328,0.624195637029345,0.00037094434496533
"ATAGTGAAGCGTTCTC-1",0.0324852511763883,0.122486696318567,0.0721293939648626,0.517941686750307,0.000254088329248101,0.254448795131379,0.000254088329248103
"ATAGTTCCACCCACTC-1",0.00635205553218915,0.033351744224406,0.000110928446053518,0.0486846374020881,0.000110928446053517,0.898578794693182,0.0128109112560277
"ATATAAAGCGCTCGTG-1",0.188053003506509,0.0854382404149081,0.0026046963064562,0.0724188757002779,0.00023841586655425,0.651008352338741,0.000238415866554254
"ATATAAATGTAGCTGC-1",0.0877558227527052,0.0969847259889393,0.015871652230857,0.0853736774112856,0.00024668198453101,0.713520757647151,0.000246681984531009
"ATATAACACGGGCGCA-1",0.0835907711863637,0.192813593975414,0.000251542471965924,0.018353435957863,0.0340681418431725,0.640124334163776,0.0307981804014447
"ATATACGCTCGTGACG-1",0.0680708091697887,0.0205507193824897,0.00857328704970804,0.000104656053004032,0.0302606650548303,0.872324807138636,0.000115056151542916
"ATATAGAGTATTGGTC-1",0.12320832467243,0.117440531742318,0.0324304279296914,0.726572568137303,0.000116049172752184,0.00011604917275218,0.000116049172752185
"ATATCAACCTACAGAG-1",0.0592463923159869,0.0791247336413885,0.0103109866371944,0.0156362662634671,0.000179101029634911,0.835323419082693,0.000179101029634905
"ATATCGGTAGGGAGAT-1",0.0944655573021415,0.107193214419566,0.0295942799810151,0.0281803575064465,0.00935821498828981,0.715586215888764,0.0156221599137771
"ATATCGTGCCAGACCC-1",0.000160520582204658,0.0279499744860041,0.00832020690207722,0.000160520582204658,0.0177282550244861,0.945520001840819,0.000160520582204658
"ATATCGTTCCTCGAAC-1",0.0509303493071804,0.116847848425575,0.0201005367635942,0.0321422744372575,0.0278775106476167,0.751929748724131,0.000171731694645027
"ATATCTCCCTCGTTAA-1",0.0246515861182935,0.0839174360378211,0.018646829924067,0.0647916796565377,0.00486290828438737,0.794801162982498,0.00832839699639536
"ATATCTTAGGGCCTTC-1",0.0053878336779705,0.0897752225309267,0.000168783007479698,0.201146841358786,0.000168783007479723,0.703183753409878,0.000168783007479699
"ATATGTCTCCCTAGCC-1",0.0440397379268656,0.108697811330374,0.018397026055465,0.065202892796354,0.000393858005743198,0.748898384020719,0.0143702898644786
"ATATTCAGTTAAACCT-1",0.189806714836195,0.111953866624654,0.000106809175647652,0.592881198412855,0.000106809175647652,0.0222508231283999,0.0828937786466017
"ATATTCCACATAGTGA-1",0.00886706873550416,0.0621106773963469,0.0290931141061207,0.0686690079731253,0.00016858597529288,0.830922959838317,0.000168585975292872
"ATATTCCCACAGGTCA-1",0.000110922674367272,0.0377674571267399,0.000110922674367271,0.03570317549581,0.000110922674367269,0.926085676679981,0.000110922674367268
"ATATTGCTGTCAAAGT-1",0.033040201873948,0.0213172454858345,0.017666023009289,0.0143101025819577,0.000160175163116107,0.892114046747186,0.0213922051386689
"ATATTTAACCCTCAAG-1",0.0908495616627475,0.0603672713854608,0.0196796029002191,0.0500410996060092,0.000158920356704168,0.778744623732155,0.000158920356704168
"ATCAAACACTGTTCCA-1",0.0549579732918197,0.0523555448737244,0.00650356581096339,0.0204471848033835,0.000173679921767853,0.865388371376573,0.000173679921767853
"ATCAAACGAAGGTTTG-1",0.000122135930150064,0.0709153641089031,0.00199703871487937,0.926729260346367,7.46195557775776e-05,8.69617881455195e-05,7.46195557775779e-05
"ATCAATCTGGGCTGCA-1",0.0051238170064161,0.0786325919289218,0.0244599741651937,0.0649841222789296,0.00579236131952605,0.820845254587083,0.000161878713929849
"ATCAATGCCGTGGCTG-1",0.000124782270727933,0.106499538685029,0.000124782270727944,0.892876549961331,0.000124782270727944,0.000124782270727944,0.00012478227072793
"ATCACATTAGAATATC-1",0.00724007140825157,0.0463852065668152,0.00434540734590803,0.0809103541232901,0.0112835457150773,0.849673413987604,0.000162000853053576
"ATCACGTGCTAATTAA-1",0.008046019015542,0.135921537892256,0.0974005489010414,0.491990136096834,0.000158942448493479,0.26632387319734,0.000158942448493475
"ATCACTTCATCCTCGC-1",0.000182136918421295,0.129505702269462,0.000182136918421295,0.112578600912715,0.000182136918421292,0.757187149144138,0.000182136918421295
"ATCAGACGGCACGCCG-1",0.0179285727173209,0.155997345229307,0.000116053855466715,0.824938005031119,0.000116053855466714,0.000130221240314257,0.000773748071005235
"ATCAGCCTCATGCTGC-1",0.0292980393371789,0.0808027379288343,0.0058541561976764,0.041937259399413,0.00998131697701002,0.831955984364961,0.000170505794926289
"ATCAGCTCGTCCACTA-1",0.035808936449366,0.0598271008113776,0.0224215268695294,0.720649221213227,0.000114255122640588,0.154254407117848,0.00692455241601078
"ATCAGGTCGCCATTGC-1",0.0737905300380175,0.0393996278586173,0.0268303182800375,0.030136638799409,0.0125989426367176,0.795433635891334,0.0218103064958666
"ATCAGTAGGCAGGGAT-1",0.0110856055363769,0.0798150323860923,0.000164097078647274,0.0180971462890063,0.019006625243163,0.819323741504144,0.0525077519625706
"ATCATAGCCCTATGTA-1",0.069380677743974,0.0555386088263221,0.000166267130620893,0.0079113937537039,0.000166267130620893,0.866666679838911,0.000170105575847181
"ATCATCCAATATTTGT-1",0.0743266500842885,0.251488069086517,0.0276918894415131,0.203799963900753,0.000339640584310172,0.442014146318308,0.000339640584310177
"ATCATCTGCCCAGTGT-1",0.0515193315236152,0.0678292441108095,0.000166109956203466,0.00233443959364227,0.000166109956203465,0.820040487788921,0.0579442770706053
"ATCCAACGCAGTCATA-1",0.0246433989615404,0.124368399993501,0.0329531202727347,0.0141609327172076,0.000166811227176214,0.78509072333381,0.0186166134940299
"ATCCAATGGAGGGTCC-1",0.0960113546386542,0.197641187191028,0.0557223482447441,0.165227316885654,0.000572487723978526,0.484252817591963,0.000572487723978521
"ATCCACATCGACAGAA-1",0.0613030647798943,0.134601961551564,0.00892168952197301,0.106613634454527,0.000247561557816585,0.688064526576409,0.000247561557816585
"ATCCACGCTAAATGTT-1",0.0187231864903767,0.0283197572426918,0.0206454981053672,0.0111379805454166,0.0311938769336039,0.889820503695564,0.000159196986979785
"ATCCAGAGCAACAACC-1",0.130110826148276,0.0882613269139768,0.00681203534713536,0.487214706964773,0.0147206136521602,0.272656075388808,0.000224415584870271
"ATCCAGGATTCGTGAA-1",0.027843905997285,0.0627155199267018,0.00016031231094284,0.436187119397804,0.000160312310942841,0.462250035393168,0.010682794663156
"ATCCCATCCACAGCGC-1",8.26890482131659e-05,0.109401454306789,0.0369493340900755,0.817028321695511,8.26890482131685e-05,0.0282013096936155,0.00825420211758235
"ATCCTACCTAAGCTCT-1",0.106130780350192,0.117488000483831,0.108947571828627,0.511021206965109,0.0656946614345914,0.090563687593071,0.000154091344579416
"ATCCTGAATCGCTGCG-1",0.000261136487531714,0.117435997267244,0.0329144167367223,0.10778514038501,0.000261136487531715,0.740973417341845,0.000368755294115878
"ATCCTGCGTGGAATGG-1",0.0244402449497387,0.0562565892232745,0.029069913633473,0.296894009362734,0.0171616074306863,0.575941797780766,0.000235837619327675
"ATCCTGCTGCAGATAG-1",0.240239312552683,0.096102744460785,0.0202596104034754,0.163817163008189,0.0609075112628153,0.41810972514748,0.000563933164573477
"ATCGACCCAATACAGA-1",0.0711070500178445,0.076172973499401,0.00482877352619194,0.184919187826855,0.0108075532052165,0.651936395090988,0.000228066833503195
"ATCGACTCTTTCCGTT-1",0.0572521235518688,0.0519449360179915,0.000241015935090724,0.147583902597281,0.000241015935090723,0.692825007285335,0.0499119986773421
"ATCGCACGATTGTTCA-1",0.125228184844442,0.132717160308566,0.000168215227334275,0.0451429272159155,0.000168215227334275,0.696407081949075,0.000168215227334271
"ATCGCACGCCGGGAGA-1",0.0185826806195019,0.026644143059886,0.00480572042781704,0.0807974272877142,0.000105414056131942,0.855627505790942,0.0134371087580076
"ATCGCCAGTCAACATT-1",0.0480825039393743,0.081864332186631,0.0126320776882595,0.00701525611844888,0.000169253137907433,0.850067323791471,0.000169253137907431
"ATCGCTGCGTGCAGCA-1",0.0404873878923522,0.147064399597351,0.000249742047893389,0.0138860497026543,0.00652362424468478,0.790832399902937,0.000956396612127513
"ATCGGAGACAGACGGC-1",0.151028150834178,0.0932441955908736,0.000250723130702313,0.037889429629004,0.0195988138209271,0.697737963863612,0.000250723130702312
"ATCGGCAAGCAGTCCA-1",0.0803354264580108,0.0807431431077516,0.0061749063723542,0.03582648797704,0.00329125987212725,0.758084933836505,0.0355438423762112
"ATCGTGGAAAGTCTGG-1",0.000124130732166244,0.175882577463921,0.041659079674722,0.781961819932692,0.00012413073216625,0.000124130732166244,0.000124130732166245
"ATCGTTAGCTAGCGGA-1",0.0612811119047196,0.0754698785078805,0.000107801814279824,0.000107801814279824,0.000107801814279824,0.862817802330281,0.000107801814279824
"ATCGTTCACTTTCGCC-1",0.0127218692486044,0.187784866134347,0.00404306232971619,0.0558914611367983,0.0002525949403687,0.71957106695054,0.0197350792596259
"ATCTAATATCCTACGG-1",0.0876196045266307,0.0491970343713223,0.000167896652231062,0.0946045534851073,0.000167896652231062,0.768075117660246,0.000167896652231067
"ATCTAGCTTGTGAGGG-1",0.081308825988405,0.0435433607553578,0.0241847362329355,0.00937947764975339,0.000107830750239707,0.841350185787002,0.000125582836306123
"ATCTCCCACGGAATAT-1",0.066272593904741,0.0471844033055987,0.016698282883525,0.0177685780300387,0.0151222093611821,0.777047129495183,0.0599068030197316
"ATCTCCCTGCAATCTA-1",0.0237058939658622,0.104378229835393,0.0295583338153325,0.122055449115747,0.000240672564389858,0.669135688272569,0.050925732430707
"ATCTCGTGAGCGAAAC-1",0.0770780572790632,0.0542017023952391,0.00620428324022578,0.000168867209375137,0.0186257559521135,0.759657594415629,0.0840637395083543
"ATCTGACATGGAAGGA-1",0.138000497510798,0.104031120202551,0.0306667557859504,0.690557441030148,0.000116245924668952,0.0365116936212138,0.00011624592466895
"ATCTGATAGTGTCTTA-1",0.0892699340251589,0.116772891361832,0.0643912912703317,0.029570537519628,0.000241785746926785,0.699511774329196,0.000241785746926785
"ATCTGCACCTCTGCGA-1",0.0183830651278603,0.0789107699930317,0.0264436859581939,0.0306972430839527,0.000263056028450545,0.84503912378006,0.000263056028450546
"ATCTGCTGTTATCGCC-1",0.0679245552004102,0.0870902200439205,0.0177275083167938,0.16145361927703,0.0182295938542192,0.64732878601009,0.000245717297536442
"ATCTGGGCTGTTCTTG-1",0.0833680392957996,0.0422814341340839,0.00358326957964861,0.0340153217962937,0.000157480855598109,0.836436178639611,0.000158275698965297
"ATCTGGTTAAGACTGT-1",0.110650931636304,0.0792588825099037,0.0158559389839435,0.0703620502125086,0.000251206495736273,0.723369783665868,0.000251206495736272
"ATCTGTAATTGTACCC-1",0.0590751839269506,0.0101232518776467,0.000167076980451444,0.0486999954442804,0.000167076980451445,0.851280155248315,0.030487259541904
"ATCTTAGGGCATTAAT-1",0.00912584134121908,0.130978691555218,0.0231328433723519,0.752393720936385,0.0352015269506378,0.0437297369734495,0.00543763887073848
"ATCTTATCGCACACCC-1",0.0606194185513242,0.0741977856720038,0.00826140374036633,0.0430730296370143,0.019967831592418,0.793709184277987,0.000171346528886219
"ATCTTGACCTGCAACG-1",0.0504630682667585,0.0881018353874221,0.0288094840256597,0.0311909257723315,0.00584456702748729,0.795423369522282,0.000166749998058412
"ATCTTGACTTGTCCAA-1",0.0142550839853132,0.035604401650517,0.00671267950719524,0.000161634185011801,0.000161634185011801,0.915097835203182,0.028006731283769
"ATGAAGCCAAGGAGCC-1",0.0166438219115601,0.0523009508046335,0.0214654426726836,0.116688853572448,0.00017226632004429,0.792556398398586,0.000172266320044289
"ATGACGCCGGCTCTAA-1",0.0080932074852857,0.060041319706277,0.0208528418206634,0.023455003199917,0.000173667994993884,0.81547684966311,0.0719071101297536
"ATGACGCGTTCTATCC-1",0.0923800814355604,0.0594594505972216,0.0103309101714625,0.812059151131197,0.0255095436261034,0.000149038332702467,0.000111824705752551
"ATGACTATCAGCTGTG-1",0.000232122694725028,0.0853327244572294,0.0316288034687028,0.502425811650029,0.0206201268786557,0.359528288155933,0.000232122694725029
"ATGACTATGCGACATT-1",0.0683086502808384,0.149002383994511,0.0439080252368409,0.0919353858722425,0.0243020355187547,0.60199606518426,0.020547453912553
"ATGAGGAGTGTTAATC-1",0.00790253655867203,0.0796585006902107,0.000170914101110068,0.0351432037650861,0.00405468588189884,0.872899244901912,0.00017091410111007
"ATGATCGGGAATAGAC-1",0.0080357865229567,0.00411605513985537,0.0190149645354102,0.0088014845907553,0.00011195303686598,0.95980780313729,0.000111953036865981
"ATGATGCAATGGTACA-1",0.0792608355123381,0.111236797162017,0.00982551214523946,0.604315560924528,0.00549565972196961,0.189696116711496,0.000169517822411851
"ATGCACGCGCTGTTCA-1",0.00016666790895322,0.292549382419175,0.000166667908953219,0.680967464820556,0.0258164811244558,0.00016666790895322,0.00016666790895322
"ATGCACTACCGCATTG-1",0.0687710212165126,0.0878189011044454,0.00930249711187965,0.0693458195700602,0.00834812691792386,0.70232143139371,0.0540922026854688
"ATGCATGATCCAGGAT-1",0.0376939460471125,0.157628625553898,0.000261741480591221,0.0346907225712214,0.026935647863297,0.742527575003289,0.000261741480591218
"ATGCATTCCGTGATGG-1",0.134302398930112,0.211929567552296,0.000284519676715637,0.000284519676715638,0.000284519676715634,0.652629954810729,0.000284519676715637
"ATGCCAATCGCTCTGC-1",0.0263221543727155,0.0803887289873945,0.00371835211692948,0.0122525688475966,0.000170598927338989,0.851352168583162,0.0257954281648625
"ATGCCATTTGCGACCA-1",0.0241353982981634,0.130831303774145,0.000261055287565965,0.104403184315337,0.0423428305449,0.697765172492323,0.000261055287565967
"ATGCCGGTCTTGCATA-1",0.0229770510828829,0.0525736426078643,0.00138992951783435,0.0561904149822366,0.000164564642287236,0.866531888660751,0.000172508506143492
"ATGCCGGTTGATGGGA-1",0.0270692475430263,0.0713861111510724,0.0207055171922567,0.0681900844623146,0.000286762401263899,0.812075514848802,0.000286762401263902
"ATGCGACAATTGGTCC-1",0.166696422469217,0.165515716223661,0.00968869654664432,0.0615795340030355,0.00058239616854305,0.582698547515149,0.0132386870737502
"ATGCGACAGTCCCATT-1",0.031066638357748,0.0443494359325907,0.0064377624115457,0.147007883593988,0.0100366889132004,0.760939999378325,0.000161591412602854
"ATGCGAGTCCCACCAC-1",0.0321649801968038,0.0488701816217429,0.0182529268143112,0.0229151940053014,0.0176505594331617,0.773194063438532,0.0869520944901472
"ATGCTCAGTGTTGCAT-1",0.0891490014821892,0.0313909951665923,0.000107176713730364,0.000107176713730364,0.000107176713730365,0.879031296496297,0.000107176713730365
"ATGCTCTGGCGCGGTA-1",0.0688154525402357,0.0716785321866066,0.0187847011321864,0.0304869980377498,0.000159718773814845,0.809914878555592,0.000159718773814847
"ATGCTTAGGAGTTGAT-1",0.103369151695857,0.0297789126216168,0.00546574910761473,0.0001073830737725,0.000942170986735539,0.860218566776059,0.000118065738344035
"ATGGAAATTTAAGGAG-1",0.0204701804679043,0.469141045590584,0.0485113445464205,0.280475235737355,0.0252189419416885,0.155944059230955,0.000239192485092341
"ATGGAGCAGGCCGTGA-1",0.0384385799700744,0.095604094168385,0.0115045182915419,0.193968443510516,0.00034580179423375,0.659888201951554,0.000250360313695225
"ATGGATCCGGCGTCCG-1",0.000162918998387159,0.067972296257744,0.0377074431595589,0.000162918998387159,0.000162918998387159,0.889698451334717,0.00413305225281816
"ATGGATTGACCAAACG-1",0.0358560910116651,0.0611870001313216,0.0161213393911525,0.0536239030747665,0.000107662785925284,0.784502560238353,0.0486014433668163
"ATGGCAGCATTACGAT-1",0.0326428520926085,0.11994698107379,0.0125104235958235,0.834674464717888,7.50928399632142e-05,7.50928399632167e-05,7.50928399632156e-05
"ATGGCTGGAAATGGCC-1",0.101044990691372,0.0846682109383756,0.0141003632459037,0.0225320562798587,0.00262292440783099,0.757985059446254,0.0170463949904047
"ATGGGAACGGAAGCGG-1",0.0560659922268733,0.0867881130244945,0.000160620025789253,0.000160620025789253,0.00165646684991755,0.781937026775475,0.0732311610716613
"ATGGGACCTGCTGAAC-1",0.0853193204895692,0.0643558798650882,0.0548514689356818,0.788752455809023,0.00647697906284138,0.000121947918897908,0.000121947918897907
"ATGGGCCTCGGCCTCT-1",0.057720372662329,0.121999925592924,0.0212028572435823,0.0179549458535546,0.000251165203084748,0.715589764067096,0.0652809693774294
"ATGGGTGTATACCTCC-1",9.52782410044207e-05,0.0712766744369802,7.62698237629012e-05,0.861920026334866,0.0664792115158602,7.62698237629071e-05,7.6269823762901e-05
"ATGGTATTTACTGATT-1",0.0148743827432324,0.136197231030187,0.046489414832555,0.781013496025715,0.0054380508328983,0.000129984633388612,0.0158574399020241
"ATGGTCGCGTGGTTTC-1",0.0875146660372201,0.0412329863034077,0.0108574588863663,0.0417929266617419,0.000161324431158805,0.818279313248946,0.000161324431158802
"ATGGTGCTCAAAGCCA-1",0.304271671560206,0.193339566788862,0.0219228546493193,0.0171300838718639,0.000540924199103594,0.386411542921035,0.0763833560096104
"ATGTAAGGCTGCTCTT-1",0.0451951601430853,0.040773337543827,0.00962527310846746,0.000252398821727914,0.0115643293003146,0.892395554500064,0.000193946582513652
"ATGTACATGCGGTGAG-1",0.12057557917574,0.163739464415589,0.01935787964958,0.0255846525155713,0.000261453972627522,0.659790107227489,0.0106908630434033
"ATGTACGATGACGTCG-1",0.0519179376267513,0.0397101068330925,0.0154194460674216,0.0360851339963806,0.000159543699584378,0.856548288077185,0.000159543699584379
"ATGTAGCGCGCGTAGG-1",0.0526449617927464,0.198089678007991,0.0174245637206625,0.0363656615166506,0.000256127004726436,0.668037048764063,0.0271819591931607
"ATGTGAAAGCCTAATG-1",0.0390690654213371,0.0524221571500976,0.0289744734217471,0.487477761001486,0.0262354464226102,0.294201550829049,0.0716195457536729
"ATGTGCATCCGACGCA-1",0.0487372762241622,0.0173342951639909,0.000411291429347699,0.0275880151581621,0.000109902260531057,0.883179467066932,0.0226397526968746
"ATGTGGACATCTTGAT-1",0.0295301068716304,0.0556884169253235,0.0223118942385025,0.141251382974622,0.000165440353284041,0.750887318283354,0.00016544035328404
"ATGTGTAGTTTAGTCA-1",0.073883655831272,0.0178830928053581,0.0205192926412193,0.000156146869176862,0.0696612041693325,0.780308892172071,0.0375877155115707
"ATGTTACGAGCAATAC-1",0.109629059645608,0.070430660030095,0.0101739368765781,0.0128857444875222,0.000160146761511716,0.728430495559974,0.0682899566387105
"ATGTTCGTCGACCCAC-1",0.0172630223660652,0.0213768808185587,0.0122823292223613,0.00447534427208656,0.000113431758608003,0.944375559803712,0.000113431758608006
"ATGTTGTAGTCTGTTT-1",0.354616262390547,0.204294189522314,0.0027884622767473,0.25771366336679,0.00021796275000025,0.146038331965781,0.0343311277278197
"ATTAATACTACGCGGG-1",0.0219272837598356,0.0487698279458137,0.00274396252462989,0.184632546312356,0.0128434369460372,0.728921400576347,0.000161541934980581
"ATTAATGAACCAGTCG-1",0.0239554123808429,0.00942678179721879,0.000109964892986949,0.00899905921983565,0.000109964892986953,0.957288851923142,0.000109964892986948
"ATTAATTCGGTCACTC-1",0.281299073066796,0.0348580546798224,0.000167665065509202,0.0889257665529214,0.000167665065509205,0.594414110503933,0.0001676650655092
"ATTACAACTACCGGCC-1",0.0796469194531946,0.208302738581233,0.0287304639548305,0.0858735354036949,0.000392273524115484,0.580553458808834,0.0165006102740976
"ATTACATGTCAGTCTT-1",0.128814628647252,0.0188905197980423,0.0102859683290573,0.00257535250644328,0.0172469596719452,0.78672922958855,0.0354573414587103
"ATTACCACACTGCCTG-1",0.185254525367938,0.106190534554502,0.000252721378162465,0.000252721378162465,0.00959240392413873,0.691865263552867,0.00659182984422985
"ATTACGCGCTGGCAGG-1",0.0742635595869609,0.106166755428428,0.0179920327876173,0.186325538100904,0.000243515974136573,0.614765082147816,0.000243515974136572
"ATTACTAGCCTCTTGC-1",0.0611766589320807,0.0498545240964673,0.00914819471494389,0.0442321723496583,0.000171787161790263,0.835205000820015,0.00021166192504455
"ATTACTTACTGGGCAT-1",0.0499079038290105,0.0271789489618502,0.000165040917555976,0.0366037667826296,0.000165040917555973,0.885814257673842,0.000165040917555974
"ATTAGATTCCTCAGCA-1",0.0571688094754428,0.0523251585834245,0.00363406363493078,0.00900001435890655,0.0325916438982112,0.845113418910669,0.000166891138415313
"ATTAGATTGATAGCGG-1",0.0752483376425813,0.0492898110403095,0.0214842468667019,0.00874410712155555,0.0366568155124169,0.786164339044648,0.0224123427717866
"ATTAGGCGATGCTTTC-1",0.0215730673158766,0.0710995564702925,0.0152336050119902,0.065565911525327,0.000167174424547751,0.736706024391886,0.0896546608600799
"ATTATACTTTGCTCGT-1",0.0841624786943791,0.0585585123275421,0.0109044788987644,0.0238833244303646,0.000165231804332694,0.705258108701869,0.117067865142748
"ATTATAGCTACTTTAC-1",0.0134070416374136,0.0832962981392761,0.000155071803375381,0.00336789195284285,0.00439479592037544,0.742119364746926,0.15325953579979
"ATTATCTCGACAGATC-1",0.0108748766178487,0.118010450524437,0.000276741774331412,0.0584078506033333,0.000276741774331407,0.779675569787848,0.0324777689178709
"ATTATGAGACCCAATT-1",0.0790103618735629,0.128827626568928,0.0118161357235405,0.659677670033214,0.120343439709754,0.000162383045499849,0.000162383045499837
"ATTATGCCATAGGGAG-1",0.0721603152276004,0.0254988508279323,0.000109288702904234,0.0106615916150512,0.0106387546863978,0.88082191023721,0.00010928870290423
"ATTATTATGTCCGTCA-1",0.0115022861449672,0.0252484595304239,0.0308665988763042,0.612804684271793,0.000105641820229688,0.319366687536052,0.000105641820229684
"ATTCAAAGTACCTGTT-1",0.0676177771482791,0.193455280742439,0.0216395593119198,0.000240652231531239,0.000240652231531242,0.656778847114444,0.0600272312198557
"ATTCAACCATTTAAGG-1",0.12709377395976,0.0398644096505426,0.0127238588329141,0.0358673089057929,0.00842103516220435,0.775782647197387,0.000246966291399192
"ATTCACTGATGTTGGA-1",0.101101599105671,0.0847487467166196,0.0030853282983205,0.0417928753651534,0.000173567303556086,0.768924315907123,0.000173567303556101
"ATTCAGGACCTATTTC-1",0.145939892189613,0.129049956906879,0.0417913832275832,0.126135065928779,0.0130950342861681,0.518539077841117,0.0254495896198599
"ATTCAGGATCGCCTCT-1",0.0840035178191918,0.0222976253307972,0.0192794739362351,0.000166855815677086,0.000166855815677087,0.873918815466745,0.000166855815677086
"ATTCAGTAGCAGGGTC-1",0.00991267009032032,0.149906581364668,0.0333003020237415,0.0213869349269171,0.00418946015956175,0.713278862774707,0.0680251886600844
"ATTCATATACTGTCCA-1",0.0127012570955446,0.0388003766786107,0.000161983919389848,0.263392441108537,0.0382514441510623,0.646530513127466,0.000161983919389846
"ATTCATCGTTGAGGCA-1",0.0360258682095908,0.0170723929729877,0.0130602332511167,0.0370959248420248,0.000171848835249066,0.896401883053782,0.000171848835249066
"ATTCCCACATAAACAA-1",0.065579238782607,0.0943854660526113,0.0132152704302615,0.0262902715873477,0.000173623645311546,0.800155730893686,0.000200398608174824
"ATTCCTAAGACGTGGA-1",0.0962286624780062,0.0574868791887462,0.000157898149817011,0.000157898149817012,0.000157898149817011,0.743129776725569,0.102680987158228
"ATTCCTCCGCCAGTGC-1",0.0461001758009781,0.13495525012108,0.0115957669532661,0.0339240858237793,0.000167449769969723,0.73501246731072,0.0382448042202068
"ATTCCTTCCAGGCGGT-1",0.339928300176197,0.0626362948714636,0.000257621913469986,0.124665559799255,0.000257621913469987,0.471996979412675,0.000257621913469986
"ATTCGACGCCGGGCCT-1",0.0340202751324086,0.138810407554115,0.028956665716677,0.108299806271038,0.000271604417023604,0.689369636491714,0.000271604417023613
"ATTCGTGCTATCTCTT-1",0.0857957727078549,0.0606685684347753,0.00269121556084292,0.0136379393299846,0.020223696423702,0.816820625874211,0.000162181668629092
"ATTCTCGTCTCTTTAG-1",0.0506426319140533,0.0396796873772946,0.0269555306232023,0.0110865620214655,0.000162737984843782,0.834601078675042,0.036871771404099
"ATTCTGAGTATGAACT-1",0.0733388538988616,0.0676710463662721,0.000177935299672022,0.0156717629971344,0.000177935299672022,0.842784530838716,0.000177935299672021
"ATTCTTCGTACTTATG-1",0.01941133860259,0.0316690027408576,0.00270567085474721,0.0242463920704506,0.000164077177634524,0.895728654169166,0.0260748643845545
"ATTGAAGATCTTAGTG-1",0.0770627595504235,0.0980737469210581,0.0139198323156118,0.0913885668174846,0.0303001309685037,0.689072979104665,0.000181984322253501
"ATTGACGTAACTCGGT-1",0.115799066847808,0.000168645497389893,0.0199563030997052,0.0114889256293973,0.000168645497389894,0.85224976793092,0.000168645497389891
"ATTGATAGCAACGAGA-1",0.0808791582872572,0.127016728230001,0.0305754090696484,0.0761820488365699,0.0141662615797379,0.576404097457445,0.0947762965393407
"ATTGATCACCACATTT-1",0.0213517133802338,0.226177294073657,0.0980548173211759,0.539277515856824,0.000185813655816862,0.114767032056475,0.000185813655816878
"ATTGATGAGTCCTAAC-1",0.11779383906225,0.127443454530451,0.0063616810041206,0.0397261329708238,0.000259901711243714,0.708155089009868,0.000259901711243724
"ATTGCCTATTAGACCG-1",0.180822070891255,0.135145968174002,0.000104740562311438,0.683612998685498,0.00010474056231144,0.000104740562311434,0.000104740562311436
"ATTGCCTTTATGTTTG-1",0.0643151172310493,0.0310246339776047,0.00709185969938787,0.0385153437786656,0.000166953968352795,0.858709540310773,0.000176551034167321
"ATTGCGATCAGTAACT-1",0.0415596132169616,0.117327195907661,0.0252428445396429,0.0417051460474058,0.00499068814354067,0.768926874323113,0.000247637821674745
"ATTGCTGCTCCTCCAT-1",0.036573199056666,0.122172507116707,0.00891463934287,0.123972154108371,0.000203161209097297,0.707994065714474,0.000170273451814484
"ATTGGATTACAGCGTA-1",0.0875608449037595,0.120627583678854,0.000785814843576628,0.010394263942969,0.025978748227537,0.727193533713531,0.0274592106897725
"ATTGGGAATATCTTGG-1",0.0232449525563129,0.0353118305422006,0.0157672768070226,0.0112358317454623,0.000169934574509388,0.914069009810277,0.000201163964215606
"ATTGGTTGTGCATTAC-1",0.115304350375413,0.149763368524309,0.000376989128460082,0.0587128723139572,0.00982139968942681,0.640700986393349,0.0253200335750856
"ATTGTACAACTCGGCT-1",0.0453316842691993,0.104139731503534,0.00121781914165883,0.0236313281508591,0.000251647976625048,0.811241425177732,0.014186363780392
"ATTGTCGCAATACCTT-1",0.00739450434647269,0.0792054672878381,0.000446420285846618,0.0881149700420168,0.000265239957654293,0.824308158122517,0.000265239957654291
"ATTGTGACTTCGCTGC-1",0.268563424764662,0.108203135390465,0.0604101019527458,0.0507435589042894,0.0447883129122632,0.422523779339034,0.0447676867365412
"ATTTAACTCGTATTAC-1",0.0455582918880923,0.0598888951146818,0.0406504670947891,0.000166346115810391,0.000166346115810388,0.853256118144807,0.000313535526008963
"ATTTACAGTTTACTGG-1",0.0407634172598763,0.102592888172716,0.00966174363470923,0.0175301974807751,0.000166507197816949,0.829111330652077,0.00017391560202883
"ATTTACTAAGTCCATT-1",0.0351779804085944,0.167497048032508,0.00789076091319578,0.00590817096819189,0.000253538772015594,0.734935655694058,0.0483368452114366
"ATTTCATTATTTCGCG-1",0.059149956750184,0.0440324190927819,0.0165362820773877,0.103553758951938,0.000158652253254777,0.728264985521503,0.0483039453529503
"ATTTCCGGGTTCTGCG-1",0.109124299575908,0.0566444346529249,0.00590315966588593,0.827977811987393,0.000116764705962732,0.000116764705962731,0.000116764705962732
"ATTTGCCTAGTTACGA-1",0.25118942962914,0.242658189162934,0.049714296418769,0.000244053691362524,0.000244053691362527,0.455705923715069,0.000244053691362525
"ATTTGCGCGAGTAGCT-1",0.000150947931227243,0.0533795078392126,0.012399750900353,0.587906221246523,0.0067782752224171,0.33923434892904,0.000150947931227242
"ATTTGTCTTGGGAGCT-1",0.0810855048528021,0.0956825993739216,0.00383029862050307,0.0276932390550538,0.000177791583373619,0.791352774930972,0.000177791583373621
"ATTTGTTCCAGGGCTC-1",0.014536084209177,0.0897738753533987,0.0222300558706234,0.147935709860172,0.0276821424075874,0.697596664562167,0.000245467736874337
"CAAACGAGTATCGCAG-1",0.0789087558607577,0.0939981229343174,0.0276035985374821,0.66221776521366,0.000117264332571519,0.115236878835543,0.0219176142856683
"CAAACGGTCGCACTTT-1",0.019182389534378,0.0635737153878314,0.000110202390746431,0.0485113148719219,0.0128892125766269,0.855622962847749,0.000110202390746432
"CAAACGTGGTCTTGCG-1",0.0236252975581198,0.0242013100833393,0.0102022450436621,0.0194697052418494,0.000164562918913032,0.922172316235203,0.00016456291891303
"CAAACTACGATAGAGA-1",0.0205948920263218,0.0796919251710285,0.00104714626202797,0.000169567369208405,0.000169567369208405,0.898157334432997,0.000169567369208405
"CAAACTATTGAGCTTC-1",0.00583719529776604,0.0503682296590912,0.000114158925557168,0.000114158925557168,0.00011415892555717,0.943337939340914,0.000114158925557168
"CAAACTCGCGACGCCG-1",0.099334482073707,0.0552594245995118,0.0280512204360472,0.000159269885216745,0.047153783641354,0.752481593102973,0.0175602262611902
"CAAAGATTATTGGGCC-1",0.0637713459478345,0.115856726127025,0.0341959836342161,0.753613927229246,0.00815919592535696,0.0242856335763369,0.000117187559984781
"CAAATCTCTCACAAGG-1",0.100440195484459,0.0927440308168783,0.000227825277362483,0.393972075990511,0.0110695443381239,0.399525798122628,0.00202052997003761
"CAAATGCGGAGTGTTC-1",0.154274871277637,0.156767684243258,0.000377660917465208,0.0488869010252273,0.0286854542228501,0.610629767396097,0.000377660917465208
"CAAATGTCCTTCCGTG-1",0.171506634146937,0.0939178138250543,0.050288019101217,0.335384445458377,0.000223816225491719,0.348455455017431,0.000223816225491701
"CAAATTGTCAGCAAGC-1",0.000174150201305206,0.027563779793135,0.0078049813186156,0.00560309116583874,0.000174150201305202,0.958505697118495,0.000174150201305204
"CAACAGAATAACGCTA-1",0.0582609583348386,0.0435062040813003,0.00683592095273864,0.000165572219911844,0.0144516370840228,0.801577017396675,0.0752026899305127
"CAACAGTGCCAAACGG-1",0.255685188306521,0.124076197481246,0.000266480065826152,0.0457591739485947,0.000266480065826153,0.57368000006616,0.000266480065826153
"CAACATGGCCTGATAA-1",0.0436051573592553,0.223515900813259,0.0274583819514508,0.0209320079341763,0.000246246897983729,0.683996058145892,0.000246246897983734
"CAACCTACCGAGCAGT-1",0.186935331548614,0.10202747850835,0.0141226320664818,0.0297995912134234,0.00578590406592439,0.660952492254984,0.000376570342222446
"CAACGACCCGTTTACA-1",0.0465174425577941,0.05990594365005,0.00592207586101648,0.00859822411391083,0.000167804506874824,0.878705421182392,0.000183088127961749
"CAACGGTTCTTGATAC-1",0.0429050669156556,0.111666409934151,0.036689287006404,0.000168268772733589,0.0258739742195424,0.78252872437878,0.000168268772733582
"CAACGTGGTGGAGTCT-1",0.0648897376540308,0.0593239754375939,0.000155133837230377,0.000155133837230377,0.0198745051302345,0.786097358213105,0.0695041558905751
"CAACTATATCGAATGC-1",0.0261561936744884,0.062019116374066,0.000172171595785191,0.0548949782651457,0.0142717690654196,0.84231359942931,0.000172171595785192
"CAACTCCAACGTTTAG-1",0.0100216597458819,0.025649979385629,0.00258165514517895,0.000164664474221856,0.000164664474221856,0.953966750091828,0.00745062668303803
"CAACTCCGTAACTTGC-1",0.019262291495058,0.150905206425124,0.000122876073228991,0.671056713253755,0.0291146858957718,0.129415350783833,0.000122876073228982
"CAACTCCTTGATCCCG-1",0.0603445209167918,0.124667459597178,0.000163933444881734,0.028537904918857,0.00309909220697641,0.759948018649724,0.0232390702655907
"CAACTGCTCATCCGAT-1",0.104863314962203,0.118264098038472,0.00023237854541427,0.176630753389068,0.000232378545414269,0.599544697974014,0.000232378545414284
"CAACTTGTAGTGGGCA-1",0.00973184497147126,0.0996455335977273,0.000165713922596731,0.0100882387628944,0.000165713922596732,0.880030104361666,0.000172850461047659
"CAAGAGGGCGGAGTAC-1",0.0540858572693538,0.0261422136515806,0.00254294893810978,0.0263856519792814,0.000167774494612194,0.89050346070142,0.000172092965641858
"CAAGATATTATAACGT-1",0.00889628820567672,0.0428089360353496,0.0176301631266329,0.0559935393708791,0.0156418189437895,0.858855398451467,0.000173855866205546
"CAAGCAACGTCGGAGT-1",0.00686558464545152,0.0361434201388283,0.0505815331234057,0.0444928314646722,0.0846342445618732,0.777037199871518,0.000245186194251106
"CAAGCACCAAATGCCT-1",0.0063475680178933,0.0163358314485506,0.01202768471521,0.0238024649793802,0.000169535930810544,0.938788982495739,0.00252793241241596
"CAAGCGGCACATAATT-1",0.142435893108835,0.103414502466655,0.0115738816836598,0.038588539867947,0.0380647376542366,0.651675927190742,0.0142465180279241
"CAAGGATCGCATGTTC-1",0.0629487070045254,0.137665957747531,0.0312658307299003,0.185538772750503,0.000225432462676776,0.570049107985322,0.0123061913195415
"CAAGGTCCTATAGGCT-1",0.0419025645983437,0.0428217590113733,0.0302432663880311,0.0125635869479306,0.000165796617142767,0.847793892509219,0.0245091339279594
"CAAGTGAACTTTGGTT-1",0.0778016089119064,0.0747786024283188,0.0001567494733744,0.0001567494733744,0.0372500378691387,0.723537228027597,0.0863190238162906
"CAAGTGTGGTTGCAAA-1",0.0623203200172076,0.0818795068201796,0.00360595861171664,0.0482189318332076,0.0280831925706759,0.734856980483835,0.0410351096631777
"CAATAAACCTTGGCCC-1",0.17597884397255,0.0844644106824388,0.00873637619303692,0.0909099567072532,0.000263043202534338,0.639384326039652,0.000263043202534338
"CAATACGCTCTGAGGC-1",0.0421730409619444,0.027262487912839,0.000182672370630431,0.0756936478356107,0.000182672370630437,0.854322806177714,0.000182672370630431
"CAATATGTAGATTTAC-1",0.151068218334692,0.25272519856099,0.0362297133973897,0.0379031227394446,0.000344150711198884,0.521385445545085,0.000344150711198884
"CAATATTCTTGACCTA-1",0.0327514285820689,0.0870881752738647,0.0244553597348067,0.846045540245441,7.44224117984743e-05,0.000116537458296626,0.00946853629372325
"CAATCCATTATCCGTT-1",0.202053830132148,0.0545373187490546,0.0107828247406241,0.0571462508273733,0.000259110848717938,0.674961553853365,0.00025911084871794
"CAATCCCTATACCAGC-1",0.0597767951111851,0.111486394424074,0.0105040160075435,0.00298169882285797,0.000167407003722172,0.796743017250307,0.01834067138031
"CAATCCTGCCGTGGAG-1",0.00880135116204691,0.0929361429152856,0.0359914306433751,0.000161783803198919,0.000161783803198921,0.697998066488705,0.16394944118419
"CAATGCGAGAAGTATC-1",0.0261841181106788,0.0359303468186026,0.0202178098566977,0.00501958791208042,0.000170505456620089,0.9123071263887,0.000170505456620087
"CAATGGAATCTACATA-1",0.000264589612463055,0.148736286292059,0.0325486314379311,0.0272113905622812,0.0217961070967213,0.769178405386082,0.000264589612463055
"CAATGGATCTCTACCA-1",0.15352269305964,0.0745595317224739,0.000238908612506267,0.0562896958218075,0.00023890861250627,0.682839525889252,0.0323107362818141
"CAATGGTCGGCCTGGG-1",0.216961322043009,0.109276222361793,0.000232629482372794,0.00311390413281094,0.000232629482372804,0.520544506960086,0.149638785537555
"CAATGTGCCAACCCTT-1",0.00823369885456762,0.0900844925251562,0.0173508721930145,0.0303952084541977,0.0257671253082481,0.692869441618962,0.135299161045854
"CAATTAAGGGTGATGA-1",0.0658326450525258,0.0593541707355734,0.000113734068271655,0.000792831766997829,0.000113734068271652,0.873679150240088,0.000113734068271658
"CAATTTCGTATAAGGG-1",0.00966957288782047,0.0719033685928905,0.00548285776138305,0.258909014562594,0.0313349190579608,0.622446436274159,0.000253830863192542
"CAATTTGACCGGGAAG-1",0.0517600767359894,0.310748944750353,0.0324879977581688,0.0167260716129775,0.000242393758098659,0.587792121626314,0.000242393758098658
"CACAAGAAAGATATTA-1",0.271938707885793,0.235512236233627,0.0145105138300594,0.0735443005332389,0.0403872981224588,0.363580632722732,0.000526310672090063
"CACAAGCTAAGAAAGG-1",0.0389816749785965,0.0955590170812502,7.84971033628334e-05,0.865145319526702,7.8497103362831e-05,7.84971033628339e-05,7.84971033628325e-05
"CACAATGAGCTGCTAT-1",0.130482497929539,0.0935668112248404,0.0294069031479089,0.466679378604084,0.000161730394842632,0.279540948303942,0.000161730394842632
"CACACACGCTAACGAG-1",0.100450957543906,0.053085541912373,0.00621009418789044,0.022961625336803,0.000248070655201326,0.754140867484932,0.062902842878894
"CACACAGCTTGCGCTC-1",0.0737067679213703,0.0643351616292849,0.000155540042627845,0.000155540042627846,0.0450311868678637,0.650350948438371,0.166264855057854
"CACACAGGGATAGATT-1",0.0290744417704415,0.0872667101743599,0.054433643440284,0.054327447934689,0.000248237993211568,0.76070087549832,0.0139486431886943
"CACACGCGCTGTCTTA-1",0.0754081451857414,0.0522085297019303,0.0466595048491645,0.035206999300951,0.0142556802614972,0.74443527321517,0.0318258674855454
"CACACGTTTCAATGGG-1",0.117374850544045,0.0918419459672896,0.000177153991976404,0.000177153991976403,0.00861165281682214,0.781640088695914,0.000177153991976402
"CACACTTGTATTGCGA-1",0.0363866439416207,0.152678898102702,0.0289521962063658,0.03478958975301,0.000253345975874816,0.746685980044552,0.000253345975874819
"CACAGAGACGAGGACG-1",0.000111959368037164,0.0878661099709425,0.00803558956946059,0.903650462987448,0.000111959368037164,0.000111959368037173,0.000111959368037182
"CACAGCACCCACGGCA-1",0.0463339296506607,0.068603669006065,0.0218503384265475,0.0812114119467987,0.000164824841808756,0.78167100128631,0.000164824841808754
"CACAGCTAGGGAGTGA-1",0.0985643485867305,0.0166353044543967,0.0142210076335946,0.051960006234338,0.000250614928874105,0.806762092681696,0.0116066254803702
"CACAGGGCCATATAGT-1",0.0677291956810467,0.0424594999913618,0.00856216704625292,0.0200266457059596,0.000105437636641422,0.861011616302096,0.000105437636641423
"CACAGGGCCGTTGTCA-1",0.0169295063986691,0.11640549688727,0.00942188422236094,0.138482849871681,0.00953918345842734,0.708953396642569,0.000267682519022238
"CACAGTCCCGCTTCGC-1",0.128265988075333,0.14137048232944,0.000171934365766951,0.0262921455332233,0.000171934365766951,0.703553308696154,0.000174206634315326
"CACAGTTCGCTTCCCA-1",0.0542189086318289,0.106221657431519,0.000169843781835184,0.0387413776004681,0.00238657076487184,0.773816262695114,0.0244453790943623
"CACATAAGGCGACCGT-1",0.0661186133312361,0.125730183620371,0.0268285711814003,0.000257447709207901,0.0266102998710668,0.75419743657751,0.000257447709207905
"CACATATTAGCAGGAT-1",0.133581552573712,0.0790268664513146,0.0195862912289136,0.0289014756077192,0.000165655961916231,0.738572502214508,0.000165655961916244
"CACATCGTGCACGCGC-1",0.0353872625078908,0.0860493258278416,0.018521275942976,0.838086887438755,7.82713174544514e-05,0.00322765844435833,0.0186493185207235
"CACATCTCACCGACGA-1",0.0399095675843644,0.121810260655855,0.000256409264744663,0.0664922350059042,0.000256409264744664,0.722241380796498,0.0490337374278888
"CACATGATTCAGCAAC-1",0.0709050352300745,0.152886033670933,0.0587978966624984,0.201216474930737,0.000228215250172341,0.515738129005412,0.00022821525017235
"CACATTCTTTCGATGG-1",0.00639636427356967,0.0584206211119882,0.000169065557228864,0.0393647271658312,0.016272995537061,0.864540942437045,0.0148352839172764
"CACATTTCTTGTCAGA-1",0.0731916009298923,0.113808068734959,0.00836129280114207,0.00160619404014142,0.000247875438675594,0.721676584749463,0.0811083833057264
"CACCAGTCAGCATGCA-1",7.39843044793913e-05,0.0598615695883801,0.0156281515597859,0.786173013640382,7.39843044793906e-05,0.138115312298014,7.39843044793941e-05
"CACCATCGGAGGAGAC-1",0.0791552850308924,0.0632156218168118,0.00884214729028495,0.000165371473450566,0.000165371473450566,0.848290831441659,0.000165371473450568
"CACCCAAATCTTATGT-1",0.0507194924013084,0.0948105495169867,0.00756199183038054,0.038598424108979,0.0116463120026921,0.658022102848534,0.13864112729112
"CACCCACACGTCACCC-1",0.000114395378358251,0.0175108155874397,0.000114395378358252,0.0368987430956698,0.000114395378358254,0.945132859803458,0.000114395378358254
"CACCCACGAGGCAATT-1",0.050678876875698,0.0254598581721522,0.000107449397991735,0.0268550660964907,0.00535508588731593,0.871842639793458,0.0197010237768935
"CACCCGGTTTGTGACT-1",0.0177944566835235,0.009195668110688,4.97604017949566e-05,0.923334176573192,0.0161072365949534,0.033468941234053,4.97604017949565e-05
"CACCCTAACAAGATCT-1",0.0138610881937059,0.0615773962801757,0.0062817435254557,0.0380397953613986,0.041884089142887,0.823029614959254,0.0153262725371233
"CACCCTTGGTGAGACC-1",7.7521606421967e-05,0.0575066911856396,0.00939449979840321,0.91768729017719,0.0151745060844002,8.19695415231957e-05,7.75216064219658e-05
"CACCCTTTCCTCGCTC-1",0.175300840728771,0.22966471260685,0.000477227890160953,0.0603489256631719,0.11968438668041,0.304954083441023,0.109569822989614
"CACCGATACACCGAGC-1",0.051585563975257,0.0181598904280134,0.00188598427790163,0.000162763132963279,0.000162763132963279,0.901722605096068,0.0263204299568335
"CACCGCCAGAAGGTTT-1",0.063372761823352,0.0312563559459198,0.000168709727521116,0.0667693182449189,0.000168709727521118,0.838095434803246,0.000168709727521121
"CACCGCCGACCAGCGA-1",0.0358652034744486,0.0958295185513784,0.000170372841014855,0.0085626499948959,0.000170372841014857,0.78868770303333,0.070714179263917
"CACCGCGTCCACTCTA-1",0.10065797890861,0.110609529607132,0.0012261018432876,0.0350801184118986,0.000272811672663458,0.711345608125256,0.0408078514311533
"CACCGGAGATATCTCC-1",0.0315317841787431,0.0233380945418915,0.00469210016782911,0.000172265888689538,0.000172265888689533,0.939921223445468,0.000172265888689536
"CACCGGTAGAGACATT-1",7.69194564797659e-05,0.0207267796509914,0.00606144942211593,0.865304567431894,7.69194564797722e-05,0.107676445125559,7.69194564797629e-05
"CACCGTATCCCATCCG-1",0.0476790666001535,0.0757016742303387,0.000161967985711774,0.0155643778406116,0.000161967985711774,0.847711649202092,0.0130192961553809
"CACCGTTAGGGATCAC-1",8.21272102767501e-05,0.054830802248212,7.77910860960644e-05,0.944775906197127,7.77910860960624e-05,7.7791086096064e-05,7.77910860960657e-05
"CACCGTTGCGCGATAT-1",0.0717862416378449,0.187549715334274,0.033129538936407,0.629260289976697,0.000114532989451917,0.0780451481358736,0.000114532989451913
"CACCTAATAGAGTCGT-1",0.0750566371475329,0.0715801746215714,0.00213468176439124,0.0274613008464253,0.0214261044002674,0.775364989605081,0.0269761116147311
"CACCTAATCAGTTTAC-1",0.0270602296250308,0.0245048722512526,0.00017362715540797,0.0504303574832467,0.00017362715540797,0.869941196298473,0.0277160900311814
"CACCTCGATGGTGGAC-1",0.0409386400158532,0.042611266600516,0.0147315096177628,0.0763378416699405,0.000163778659028252,0.687005741647763,0.138211221789136
"CACCTTGCGAAACTCG-1",0.0338112677262177,0.0481090208792854,0.0103354618579945,0.180276222020338,0.000250593370982149,0.7269668407742,0.000250593370982146
"CACCTTGGCGCCTTTG-1",0.000164514376684556,0.0407509924862785,0.0188165770996126,0.0099374557745993,0.000164514376684554,0.930001431509456,0.000164514376684552
"CACGAAAGTTAGTCCC-1",0.0486251071385442,0.0683253961200175,0.000153948939315637,0.0636328464488544,0.000153948939315637,0.711267138259777,0.107841614154176
"CACGACCACAGACTTT-1",0.273244537258944,0.1369987224935,0.000351634675588791,0.0454533167215587,0.000351634675588793,0.354210068530964,0.189390085643856
"CACGACGTAATAGTAA-1",0.121821136485457,0.253212218602924,0.0490499803482326,0.0159977926157679,0.000355176136168691,0.531398297272369,0.0281653985390806
"CACGACTAAAGTTCTG-1",0.115691434059621,0.180548856668996,0.0280546179137138,0.0690257676516843,0.00038831575027532,0.605902692205435,0.000388315750275322
"CACGATTGGTCGTTAA-1",0.000249845257819997,0.385782913324558,0.013189050142089,0.0278110407427556,0.0421008124555747,0.53061141332784,0.000254924749362389
"CACGCACAGCGCAGCT-1",0.058974278754452,0.0574114112722056,0.0214669427859594,0.134507921905982,0.00016510682156665,0.705156342754057,0.022317995705777
"CACGCAGCGAGGCTTT-1",0.0505157607199168,0.117160775364047,0.0371516245085518,0.115419868109847,0.000264686138382953,0.679222599020871,0.000264686138382953
"CACGCGGAACTGTTGC-1",0.0121408244854157,0.0395339531835225,0.000161842994195334,0.0286655568082623,0.000579312656728984,0.91875666687768,0.000161842994195333
"CACGGCGCGCCAAAGG-1",0.0847952107384374,0.0765223245872144,0.000168347177369426,0.0068354243042833,0.000168347177369426,0.831341998837957,0.000168347177369426
"CACGGGATTGAGGGTT-1",0.000186801885294118,0.0403003931627758,0.000186801885294118,0.000774972342420682,0.000186801885294118,0.958177426953627,0.000186801885294118
"CACGTCGGCAACCTCT-1",0.0180216287668795,0.055487941762418,0.0047160983919909,0.56713625508086,0.000169633259032229,0.354298809479787,0.000169633259032229
"CACGTCTATGATGTGG-1",0.039891274222671,0.0443220113854583,0.0228757431073089,0.00299237958842959,0.00017036293264855,0.879872797460148,0.00987543130333528
"CACGTTCGTGCTCTAG-1",0.0837749834149898,0.0708358239632329,0.027116582450132,0.0419251774739451,0.000715728238123665,0.775458194577619,0.000173509881957187
"CACGTTTCGTACACAC-1",0.076501278272856,0.0702512666975051,0.0147081583713015,0.0827404051204097,0.00912469502475035,0.746416732212243,0.000257464300934338
"CACTAAAGTTGCCTAT-1",0.0651972929720465,0.203093692040652,0.0661079053761098,0.0748086501477602,0.000356797810676261,0.564792073295811,0.0256435883569436
"CACTACGGGAGCTGCC-1",0.0772968521033164,0.0716614354661651,0.0408243742125544,0.0155047007568343,0.00651078619673064,0.769809771804244,0.0183920794601546
"CACTACTCAGTTCTGT-1",0.0750248765763242,0.120139132766648,0.000262784918439105,0.00883117367141958,0.000262784918439106,0.78683234127351,0.00864690587522048
"CACTCAAGAGCTATGG-1",0.179792819363618,0.0941518843821526,0.00390922852835183,0.264697799645397,0.000225134885881399,0.456997998308718,0.000225134885881397
"CACTCAGCTCTTGAGG-1",0.0529885088963131,0.107102218609884,0.000173019452204674,0.000173019452204675,0.000173019452204673,0.763586029515632,0.0758041846215567
"CACTCCTATGTAAGAT-1",0.0386848712615771,0.125709781127948,0.0217716818255985,0.813587735161911,7.84479697021169e-05,8.90346835614789e-05,7.84479697021145e-05
"CACTCCTCTCGGTCGG-1",0.000180821513085316,0.090768559921296,0.00603120006973127,0.147828128050298,0.000180821513085317,0.754829647419418,0.000180821513085319
"CACTCGAGCTGAACAA-1",0.0537776442938435,0.06562737473822,0.0179439482470959,0.0193109325622204,0.000160198999834318,0.843008180187286,0.00017172097149983
"CACTCGGTTAGGAGGA-1",0.0943663290276175,0.185209296888434,0.000260337451216813,0.0529764448526879,0.000260337451216812,0.66666691687761,0.000260337451216812
"CACTCTTCTGCTAGCC-1",0.0606913042217695,0.0812708641748553,0.00328464600842221,0.000160294172557802,0.0165833752107294,0.837849222039108,0.000160294172557799
"CACTGACGATTGTGGA-1",0.0545160141529754,0.107305335166022,0.0110173115422871,0.195514293972182,0.000158216877838537,0.631330611410856,0.000158216877838536
"CACTGTCCAAGTGAGA-1",0.000116188808891298,0.05123057216397,0.000116188808891298,0.0390212282796848,0.000116188808891299,0.90927231604224,0.000127317087430845
"CACTTAATCAGACGGA-1",0.0380390228957373,0.0691415236397737,0.051690747803444,0.139120400783191,0.037162368243638,0.638365574579288,0.0264803620549282
"CACTTCGCCACAGGCT-1",0.054912361094629,0.0583514602879527,0.0120094212946902,0.0224527199129938,0.000166000315973724,0.851942036777787,0.000166000315973723
"CAGAACTTAGCCCTCT-1",0.0742803095141123,0.0707735875261892,0.0270508677704078,0.0778591818166545,0.000237559793890172,0.675121279325848,0.0746772142528978
"CAGAATAACACACGGA-1",0.0322391350990047,0.0548820336329791,0.00487045739876955,0.0363024547361593,0.000172036732575664,0.84588548965005,0.0256483927504621
"CAGACACCGATCGCTG-1",0.064744743216705,0.0197279644697788,0.0202459525375889,0.471199510602574,0.0154037816886505,0.40844515074434,0.000232896740362524
"CAGACCTGTAAGTGTT-1",0.0831379819055182,0.130450444984596,0.00025521027697483,0.128987002208864,0.000255210276974828,0.632775631199664,0.0241385191474091
"CAGACGAACCTGATAC-1",0.0260557391813092,0.0971429621046129,0.0190058466231873,0.690725118734949,0.0642894128581756,0.0511273185329216,0.0516536019648447
"CAGAGACGGTCACCCA-1",0.126910643498951,0.153517406148796,0.000246032031549878,0.187327483179928,0.00024603203154988,0.531506371077675,0.000246032031549879
"CAGAGCATGAGCTTGC-1",0.0550213528106626,0.0625454381103167,0.000160593732612568,0.0229674990105547,0.000160593732612568,0.858983928870628,0.000160593732612569
"CAGAGGCGATGCATGA-1",0.000113056211851995,0.210975571807121,0.0131118741092549,0.671187995695787,0.0140832795910774,0.0904151663730559,0.000113056211851998
"CAGAGTGATTTAACGT-1",0.0203613690094778,0.0331360487260545,0.00302177814568112,0.047527042720316,0.0140934967003208,0.800185078688619,0.0816751860095304
"CAGATACTAACATAGT-1",0.0635126560071562,0.0514548992138826,0.0158317999412881,0.0569736155702667,0.000159697902403822,0.811907633462599,0.00015969790240382
"CAGATATGAAGATGAC-1",0.0724736315538786,0.13691618191411,0.000171922358019616,0.533205443975965,0.000171922358019622,0.251383548909262,0.00567734893074617
"CAGATCATTTAAAGTC-1",0.0435532586679319,0.103454202646821,0.000177104583623146,0.0473724953689634,0.000177104583623147,0.805088729565414,0.000177104583623147
"CAGATCCTGGTTTGAA-1",7.58203129037449e-05,0.0888999261560252,7.58203129037471e-05,0.910720972279456,7.58203129037484e-05,7.58203129037447e-05,7.5820312903746e-05
"CAGCAGCCCGTTCCTT-1",0.0894043550813398,0.0359987065322698,0.0162550585976909,0.121095370184945,0.0141587827290149,0.637845099260119,0.0852426276146211
"CAGCAGTCCAGACTAT-1",0.096489056994238,0.0996382091078136,0.00025525914966805,0.024517058177064,0.0182908488623906,0.760554308559158,0.000255259149668042
"CAGCAGTCTGTGCTGC-1",0.0209492284167134,0.0656002790734555,0.0153880558732775,0.0345854129143716,0.000162558898206713,0.863151905925769,0.000162558898206709
"CAGCCCTCACAGGCAG-1",0.0579451547927778,0.0428145519760518,0.000165093675354729,0.045673616094875,0.000165093675354728,0.831736047006774,0.0215004427788118
"CAGCCGGGCCCTCTAT-1",0.0482527610362447,0.0699286604181516,0.00192520181011886,0.0159458810931955,0.000171230910144951,0.863599696215996,0.00017656851614801
"CAGCCTCCTGCAGAGG-1",0.114409678536728,0.121262268133337,0.00633806138552528,0.0997785525898716,0.00025877977634628,0.657693879801845,0.000258779776346273
"CAGCCTCTCCTCAAGA-1",0.0639620030629924,0.0409574844469028,0.000166253147541728,0.00653841962262925,0.000280582647885586,0.870516993621796,0.0175782634502519
"CAGCGATTCCCTTCAA-1",0.0738523029147566,0.0328148502607652,0.000157977048540053,0.494048509194103,0.0206189202067135,0.378349463326581,0.00015797704854006
"CAGCTCACTGAGACAT-1",0.0989598532344291,0.109906026969107,0.0259580338786764,0.166589885287364,0.000249700889772262,0.598086798850879,0.000249700889772269
"CAGCTCGACAAGTTAA-1",0.0833076051922353,0.0187407151742611,0.000170307728100372,0.0577458918489669,0.0198173946409104,0.8098065806481,0.0104115047674255
"CAGCTCGTGCTTGTGT-1",0.0354814240648991,0.0477320856198451,0.0035485052324451,0.000170233820210263,0.000170233820210265,0.8895244709597,0.02337304648269
"CAGCTGGCGTAACCGT-1",0.140535607869771,0.0736842923115508,0.000168625378840936,0.666456461700884,0.0166905141970581,0.0833738404690131,0.0190906580728821
"CAGCTTAGTAGGTAGC-1",0.042336070919267,0.0522883655246461,0.0143225802437766,0.0122650989081975,0.00310617153464175,0.875508552253726,0.000173160615744447
"CAGGAAGACTTTATAT-1",0.0646275871210479,0.085840442171998,0.00285888124221169,0.0217347835700002,0.0157930852342755,0.808976649923348,0.000168570737118574
"CAGGATCCGCCCGACC-1",0.125653293550816,0.28885340635235,0.00646212963899021,0.000229443063038415,0.0342388838802258,0.474912074342763,0.0696507691718164
"CAGGCAGTCTTACCAG-1",0.0965524942639806,0.0683406309700191,0.00695198092219111,0.07438723306706,0.000170622296327443,0.7375705181071,0.0160265203733216
"CAGGCCGTTTGGGTGT-1",0.0254516333183647,0.162722854445906,0.000251877600549385,0.399647028310653,0.0194867794746946,0.392187949249283,0.000251877600549386
"CAGGCGCACGGTGGTC-1",7.96436214837288e-05,0.068984432376555,0.0162837138832034,0.822776047294445,7.96436214837308e-05,0.0917168755813452,7.9643621483735e-05
"CAGGCGCCATGCTAGG-1",0.0825753591445424,0.0142878756025307,0.00151712803204662,0.0694145631098877,0.00016734353537571,0.814122337643446,0.0179153929321711
"CAGTAACTATTTATTG-1",0.0615387984973775,0.0212255981726907,0.000175208102756389,0.0144446279318175,0.000175208102756386,0.902265351089845,0.000175208102756389
"CAGTAATCCCTCCCAG-1",0.0556281689534525,0.125941589373095,0.0251991516627698,0.0326068469359987,0.000167226141454812,0.701471259670155,0.0589857572630739
"CAGTACATTCTCTAAA-1",0.0326246778314223,0.0637427645283522,0.0179706741654623,0.000161767147406553,0.0480062626892626,0.837332086490688,0.000161767147406557
"CAGTACCAGTTTACGT-1",0.202585156492991,0.0335823252998568,0.0368873664785014,0.570238635901458,0.000176642681025781,0.109727845838564,0.0468020273076029
"CAGTAGCCCACGCGGT-1",0.0731032639121527,0.0468908685040638,0.000376071015178738,0.069540609635854,0.00739295266113097,0.681159291228669,0.12153694304295
"CAGTAGCGAGGTAGTA-1",0.105421309191885,0.172284704174118,0.0723911568231449,0.0760628651821854,0.000241771575428715,0.57335642147781,0.000241771575428717
"CAGTCGAGGATGCAAT-1",0.00759951086855666,0.131165488443728,0.0101849161322242,0.018370847345831,0.00145848192626103,0.818846989000151,0.0123737662832481
"CAGTCTCTCGGCTAAT-1",0.126297442048069,0.395686509984737,0.0326384722660296,0.000515153231285042,0.0791995592671233,0.266647623819891,0.0990152393828644
"CAGTCTGTATACTGGG-1",0.0917248492081049,0.168410954394647,0.000238475001295746,0.170214743549391,0.000238475001295743,0.52325266634518,0.0459198365000852
"CAGTGAATAAATGACT-1",0.0307305830342577,0.0690787201783761,0.0164432861863676,0.073109042096633,0.0111992327451198,0.799269360692817,0.000169775066428593
"CAGTGGTTGCACATGA-1",0.0465857450919991,0.084390745060538,0.000172236990841792,0.000172236990841793,0.0112911851786105,0.857215613696327,0.000172236990841793
"CAGTGTCCGCAGAATG-1",0.0210469594149014,0.0154037675690367,0.0056181581198948,0.0103401624752255,0.00010873991980174,0.947373472581338,0.00010873991980174
"CAGTGTCGGCTGGCCC-1",0.0080553433120545,0.0211445405808792,0.0171894922675925,0.0206187694275958,0.00225636142974177,0.93057287391959,0.000162619062545912
"CAGTGTTAATCTCTCA-1",0.000119363747956465,0.157401052788075,0.0619273205637711,0.715420881733064,0.00477271591799597,0.0602393015011808,0.000119363747956471
"CAGTTCAAATTGACAC-1",0.127874840591619,0.0741251273850692,0.000238339398961574,0.0524829551263392,0.000238339398961574,0.703291742210746,0.0417486558883037
"CAGTTCCGCGGGTCGA-1",0.0169994706683998,0.235794201276955,0.0190723661231549,0.141662252323433,0.000368333376170995,0.516111625733236,0.0699917504986501
"CATAACGGACAGTCGT-1",0.0512686346459582,0.0556218591530546,0.000173068050258117,0.0417253701833288,0.000173068050258117,0.850864931866884,0.000173068050258116
"CATAAGAAGCTTGGCT-1",0.107293097052018,0.0512142159544171,0.00216924878472251,0.0997034060980378,0.000164277774537578,0.73929147656173,0.000164277774537576
"CATAAGCTCTCCGTCT-1",0.0620705417237525,0.0371351902857474,0.000106589843665418,0.0473553775835622,0.000106589843665417,0.786640034539742,0.0665856761798651
"CATAATGAGCGGGCGA-1",0.273538317037348,0.162097028003759,0.00026379309232733,0.00026379309232733,0.000263793092327318,0.563309482589584,0.000263793092327341
"CATACAAAGCCGAACC-1",0.0605751181479684,0.133154323755755,0.000170146812713914,0.00528181035285966,0.0284826152423826,0.772165838875607,0.000170146812713911
"CATACACGGTTCCCAC-1",0.100291508923731,0.0846323491367008,0.0289111203101518,0.135177189096721,0.000159018994299144,0.650669794544097,0.000159018994299139
"CATACCCGTACCCAGT-1",0.0261313952658594,0.174666730742577,0.000160720388364712,0.0563124071892996,0.0117122492335575,0.730855776791977,0.000160720388364711
"CATACGAACTAGCTGG-1",0.000117695750433083,0.106228769435356,0.0348271052593318,0.807194914681899,0.0513961233721134,0.000117695750433083,0.000117695750433075
"CATACGGCGTCTGGGC-1",0.0890110142731704,0.0584060043836286,0.0139994508864544,0.0811791797084868,0.000167045423273177,0.757070259901713,0.000167045423273177
"CATACGGGTGCATGAT-1",0.0416641932003146,0.187913446973187,0.000259667155183543,0.0681522508856406,0.000259667155183544,0.701491107475308,0.000259667155183532
"CATACTATGTAATTGT-1",0.0980295523124154,0.0353822010912686,0.0376440414029089,0.207363294630079,0.000252810112733117,0.621075290337861,0.000252810112733116
"CATACTTAGGCAATAC-1",0.0789060428218649,0.153373227488705,0.000245834025150368,0.0183537196867324,0.0248347932370886,0.675437680156882,0.0488487025835768
"CATAGCCGCCCGGGAT-1",0.108752351387427,0.244192920562338,0.0281275495231257,0.140299431274954,0.000389187941196606,0.477849371369762,0.000389187941196613
"CATAGCGTTGCCCACC-1",8.50477162367764e-05,8.41703646111119e-05,0.0611932261792493,0.806177210839226,0.056986487476311,0.0753968120864729,7.70453378927422e-05
"CATAGTACATTGAGAG-1",0.0555225778445491,0.043443152573425,0.000168886259873186,0.0850014596121622,0.000168886259873187,0.756677553004164,0.0590174844459529
"CATAGTAGCATAGTAG-1",0.0219288576279506,0.0168597898901569,0.000107638814290108,0.00588277929156018,0.000107638814290107,0.955005656747462,0.000107638814290109
"CATAGTCAAATACATA-1",0.0681203507337359,0.0751439752239965,0.0408981499515554,0.0205108254335294,0.000170019981401233,0.79498665869438,0.000170019981401235
"CATAGTCCACAAGAAC-1",0.012191997590876,0.124264831964861,0.0274042917034839,0.691893376110579,0.000119555983712822,0.144006390662774,0.000119555983712822
"CATATACTACTGATAA-1",0.22767869489377,0.0933972047292597,0.00230602565493449,0.00641563565677781,0.0195775741651967,0.650243859430052,0.000381005470009267
"CATATAGGTACAGTCA-1",0.203288723961258,0.103718316472198,0.0303511018375352,0.411175641090609,0.000241339912862837,0.250983536812674,0.000241339912862838
"CATATGTCAGGCTACG-1",0.0112428746330929,0.136814286723083,0.015650645564112,0.574531350876323,0.000154304904575225,0.18607625218444,0.0755302851143743
"CATATTATTTGCCCTA-1",0.0658721177289726,0.114709347626701,0.0040232382290378,0.0155358539718613,0.00305891562470199,0.796541906344614,0.000258620474110944
"CATCATCTACCCGGAC-1",0.174932205009619,0.0716474482247214,0.000240557746721345,0.0110117674893959,0.0291932645794424,0.659677540834138,0.0532972161159618
"CATCATTACCCTGAGG-1",0.0797923492216515,0.0902284627903411,0.0159684446336907,0.0796435619816924,0.00774043150624304,0.687267671777042,0.0393590780893391
"CATCCAATATAGTTTG-1",0.000121947019927207,0.0566022943659744,0.000121947019927206,0.94278797053439,0.000121947019927207,0.000121947019927208,0.000121947019927208
"CATCCGCAGGCCCGAA-1",0.0876506788671663,0.138521190757638,0.061407980167779,0.0110020226729319,0.000241649610463473,0.695361929034028,0.00581454888999336
"CATCCTCTCAAAGATC-1",0.0349223198365786,0.0778821831963726,0.00640561877952281,0.0263553600037796,0.000166112192451355,0.854102293798844,0.000166112192451357
"CATCGAATGGATCTCT-1",0.0566843805741614,0.177892136521735,0.00455639383358525,0.0358860199605557,0.0439076185394049,0.680816533256094,0.000256917314463984
"CATCGCCCGCGGCCAA-1",0.0639744939043922,0.10757697909636,0.0457084557620164,0.0203339349714515,0.000253509206566993,0.761899117852646,0.000253509206566992
"CATCGGACGGGTTAAT-1",0.0205748344884153,0.0370470378739562,0.000154784355403796,0.205975030513063,0.000154784355403796,0.735938744058354,0.000154784355403796
"CATCTATCCCGTGTCT-1",0.0828606979711036,0.0633621068752361,0.000248422407848732,0.0274146426305338,0.0349754428013662,0.761134018384798,0.030004668929114
"CATCTTACACCACCTC-1",0.0763397302252726,0.0454372811588065,0.00731992279162713,0.0492165943974491,0.00497690595150327,0.709713009824121,0.10699655565122
"CATGAACCGACATTTG-1",0.11240023754053,0.0750570047204599,0.028473247722885,0.00172565167557236,0.0226476078636046,0.694825962675879,0.0648702878010688
"CATGAACCTCTTATCA-1",0.0727056481872496,0.117863221279812,0.0383247345085072,0.0258946913581279,0.000260249001322073,0.735145297556593,0.00980615810838827
"CATGACTTCGCTGAAT-1",0.0762458194387593,0.102342819249105,0.00199431817100645,0.0277976148104175,0.00191994402386315,0.750752450301221,0.0389470340056279
"CATGAGATGCACTCTC-1",0.0296999563124472,0.0907771808866985,0.00337467941052878,0.0543809650804244,0.000166403257170284,0.821434411795561,0.000166403257170286
"CATGATCGCTTTGAGA-1",0.0521134460405609,0.0871895941173311,0.0216939895442313,0.0486468904874877,0.000171839326130594,0.790012401158128,0.000171839326130594
"CATGATGCACAATTCT-1",0.111927222496082,0.0930114977636022,0.00791182737135421,0.0470273968003306,0.0243393315965959,0.703326494291369,0.0124562296806657
"CATGATGGAAGTTAGC-1",0.228795883118846,0.159755264263917,0.00804129402714093,0.0254439331338717,0.0206175596914152,0.556995160753167,0.00035090501164294
"CATGCACGTGTTACTG-1",0.0665450189545499,0.0846857906053763,0.0218748853370099,0.0335993444051734,0.0187886730749976,0.639043720640119,0.135462566982774
"CATGCATGGAGACCCT-1",0.0164813533238356,0.277342298437823,0.00127167434512661,0.0626095183084765,0.000255154219374285,0.641784847145989,0.000255154219374287
"CATGCCAACTCGCAAA-1",0.15017004878785,0.0287858723374551,0.00689892554245686,0.0548780518737589,0.000154228390392793,0.758948832379371,0.000164040688715039
"CATGCGACCAGTTTAA-1",0.0162728669575831,0.0730848532838111,0.00147803008415379,0.0099594165437665,0.000167035929618207,0.898870761271449,0.000167035929618204
"CATGCGTTAGACAGAA-1",0.0656588259282315,0.0592430132262231,0.00017194535802558,0.0885957157316055,0.000171945358025575,0.716168924847892,0.0699896295499973
"CATGCTGGCTCCAATT-1",0.0433469825220689,0.0375659948229874,0.000263674135446852,0.0340380159995535,0.000263674135446851,0.761318526489077,0.12320313189542
"CATGGAAATGGGACCA-1",0.244859942902098,0.419563874535837,0.0319761677247811,0.039374669623265,0.000763034898684382,0.26308437760354,0.000377932711795068
"CATGGATTGTCTTCCG-1",0.0404093641783082,0.109110444594392,0.000167340106196537,0.000167340106196538,0.016997895276378,0.832980275632333,0.000167340106196538
"CATGGCAGGAAGATCG-1",0.0330190107456573,0.0939834384497882,0.0151958028515333,0.0578672451493531,0.0037414813701419,0.796025867254297,0.000167154179228775
"CATGGGTATGCCTTAT-1",0.0455411236338009,0.0566859674442692,0.000834414153672877,0.0160875767772783,0.0380355488799783,0.842603810582417,0.000211558528583899
"CATGGGTCGGGTGTGG-1",0.000113682589002512,0.00930117673354395,0.00060312261666047,0.081656397724301,0.000113682589002513,0.868532593256027,0.039679344491462
"CATGGTAAGTAGCGTT-1",0.0630357687645139,0.0188130063423046,0.0262726331312194,0.00011119933414832,0.000111199334148321,0.891544993759517,0.00011119933414832
"CATGGTATTAGTTTGT-1",0.0506958804373466,0.386685542516275,0.000168963163707957,0.561942724391546,0.000168963163707957,0.000168963163707963,0.000168963163707955
"CATGGTCTAGATACCG-1",0.000157223238656666,0.02757543476775,0.0111283162970153,0.0686547248628258,0.0174459799613008,0.87486333936964,0.000174981502811091
"CATGTAAGAGACATTT-1",0.00972131828108781,0.0365861193849238,0.0154410821689285,0.042723165282201,0.00647522333332564,0.888887611897255,0.000165479652278582
"CATGTAGGAGCGCCAA-1",0.529492614444098,0.14665365233408,0.00025485955843616,0.014158194467925,0.162216238822448,0.146969580814576,0.00025485955843616
"CATGTCTCATTTATGG-1",0.0734423714689452,0.05402150311478,0.00113676269940245,0.00532098820896231,0.000161275606189582,0.842500061487252,0.0234170374144679
"CATTACGTCGGCCCGT-1",0.137881236704691,0.133201661391705,0.0650206242149208,0.110189030224944,0.000370205627119246,0.5529670362095,0.000370205627119241
"CATTATAACAGGGTCC-1",0.205534160177218,0.148957840903084,0.0391864283673868,0.0252134028402334,0.0439905825861568,0.515152489386222,0.0219650957397002
"CATTATCCCATTAACG-1",0.0342828515002858,0.135238649717995,8.09199455546128e-05,0.750305958845345,0.0791046304600859,0.000906069585179527,8.09199455546133e-05
"CATTATGCTTGTTGTG-1",0.0129089095149906,0.104196138967765,0.000163291527741998,0.0692266253175125,0.000163291527742001,0.8131706396561,0.000171103488147403
"CATTCACTGACAGCTA-1",0.0552508931723073,0.0481422723597063,0.00820231466239055,0.0278727179142019,0.00476396646889884,0.767303967946312,0.0884638674761836
"CATTCAGGTCAGTGCG-1",0.0793402148645589,0.0507534011985794,0.0287567561688448,0.107226280041665,0.000254187078449767,0.733414973569452,0.000254187078449764
"CATTGCAAAGCATAAT-1",0.0928850894218652,0.0655036269048263,0.0141198340543924,0.000165646970174596,0.012587879633724,0.808954261137461,0.00578366187755673
"CATTGCGAAATGGGCG-1",0.000157620023229398,0.126641479403968,0.0120326372503193,0.0649361994563834,0.000157620023229398,0.780813986400575,0.0152604574422958
"CATTGTGTGCTAGATC-1",0.0461940678399609,0.226032928856625,0.0277463025455555,0.000382176915505715,0.105502190716857,0.59376015620999,0.000382176915505714
"CATTTAGCGGACCATG-1",0.00392389035428884,0.113507549251523,0.000543417531855152,0.0584182425347557,0.000166342140672529,0.823274216046232,0.00016634214067253
"CATTTATCGTTCAAGA-1",0.0162997388884899,0.0243419660636508,0.00485429688357676,0.010184350467861,0.0534025668293735,0.884536912321651,0.00638016854539726
"CATTTCTAGCAGACTA-1",0.0923023240894825,0.154385911137455,0.000268522975309592,0.0836454309000571,0.011555357023511,0.657573930898875,0.000268522975309591
"CATTTGAGTGGTACGT-1",0.022308403451008,0.0658063766333932,8.06424804443249e-05,0.812929894204589,8.06424804443248e-05,0.0987133982696765,8.06424804443179e-05
"CCAAACAGAACCCTCG-1",0.031279838873999,0.0238228948983429,0.00452627331134153,0.026055167919211,0.00399487002152282,0.90300537878654,0.00731557618904275
"CCAAAGCAGTTGGTTG-1",0.0101320752040383,0.283704423427602,0.0782906657796249,0.0482390710620608,0.0530337318409077,0.485308962189408,0.0412910704963583
"CCAAATAACAAGATTC-1",0.0442548451378562,0.042606146177457,0.00943696283136498,0.000106768842372076,0.0333187687981559,0.847175157303641,0.0231013509091532
"CCAACCTTATGTAACT-1",0.0636014481927432,0.0965736450977523,0.0249706781148428,0.814624204077667,7.64775947457327e-05,7.70693275035576e-05,7.64775947457323e-05
"CCAACGATGCACTGAT-1",0.119317785952487,0.0969450890421931,0.0414165516528597,0.0353754360368395,0.00024631835747887,0.702810880300362,0.00388793865777977
"CCAACGCTTGCCAGGG-1",0.0438421645570654,0.0298777780736591,0.00413737276087667,0.0120957678780051,0.000162982112682543,0.909720952505029,0.000162982112682545
"CCAAGAAAGTGGGCGA-1",0.224673619275212,0.14330394525763,0.0185174373690751,0.547733146779911,0.000266004421887906,0.0652398424743959,0.000266004421887906
"CCAAGACTTCTGCGAA-1",0.0918093009452543,0.0363120794077989,0.00512076030322396,0.00891546829398878,0.000165266710217627,0.857490976713644,0.000186147625872295
"CCAAGCGTAACTCGTA-1",0.035448091489487,0.103520405764677,0.00919808808534751,0.0737830130660649,0.0281411350746767,0.749749235834177,0.000160030685570415
"CCAAGGAACAGAGAGG-1",0.0853830432372622,0.0954047881276136,0.0191710892293854,0.00537485716157198,0.000265035497926366,0.794136151248314,0.000265035497926367
"CCAATAGTGCCGTCGA-1",0.0427876102279988,0.0530525873087746,0.000111091769922529,0.0678849402379811,0.000111091769922529,0.835939444411373,0.000113234274027507
"CCAATCGGTAGATCGA-1",0.0589651032467422,0.105147953813291,0.0116363400511054,0.0466328891947861,0.000403311692296868,0.747135543099965,0.0300788589018136
"CCAATGTCACAGCAAG-1",0.165331508593376,0.0804379744253092,0.0571267387298472,0.12197471732992,0.000242472610171884,0.574644115701204,0.000242472610171888
"CCAATTACGGGTCGAG-1",0.0786627177926689,0.0289360726476108,0.00715885709911462,0.0198533691503693,0.000170436740598258,0.840109553127164,0.0251089934424742
"CCAATTGAATGTTAAT-1",0.0147563530663401,0.114909773586452,0.000167126742499293,0.124481368239742,0.000167126742499293,0.745351124879968,0.000167126742499294
"CCACAATGTACGTCTT-1",0.0930973805731758,0.0914414468786493,0.0093946766803236,0.102329559715678,0.000263995069510741,0.703208946013152,0.000263995069510742
"CCACACTGAGATATTA-1",0.0520977283830976,0.048528607445616,0.0299357130351135,0.229332699550876,0.0420508340857944,0.592380917155699,0.00567350034380364
"CCACAGCTGAAATCAT-1",0.191613649394639,0.020474556272068,0.00275312562483401,0.0706168882442889,0.0292112889839002,0.685094885792437,0.000235605687832501
"CCACAGTACCCATCCT-1",0.0762981255733929,0.165360118727695,0.0346687164010172,0.104958956612138,0.000401542215930761,0.617910998253895,0.000401542215930767
"CCACATACTGCACCCA-1",0.376224995184653,0.195870838244898,0.0173373871202527,0.0181825864413998,0.00095852864868995,0.273183723997272,0.118241940362835
"CCACCAACTTTACTGT-1",0.000111587147183411,0.0297078488193287,0.00860744795221004,0.77850374405714,0.0100966060135998,0.172861178863355,0.00011158714718341
"CCACCCAAGGAAAGTG-1",0.0638725563332604,0.060166325763917,0.031932533648879,0.0329715599113587,0.00557024147135861,0.805326047985755,0.000160734885471399
"CCACGAATTTAACCTC-1",0.0508145359953767,0.0932364083965888,0.00492230488025586,0.0155227221001556,0.00016028965401176,0.8351834493196,0.000160289654011761
"CCACGAGAAGAGAATC-1",0.0808899833769009,0.0935507636947607,0.022185992127454,0.114763691574472,0.0173693959821542,0.652045881341625,0.0191942919026327
"CCACGGAGCCATAAGA-1",0.184800657942614,0.079964018701944,0.00973590338555994,0.663063005072545,0.000173451311658386,0.0620895122740202,0.000173451311658381
"CCACGGTGCCCGGTAG-1",0.0556038821542828,0.122293592466154,0.0103738660128565,0.0229973578942313,0.000258143825622975,0.78821501382123,0.000258143825622975
"CCACTAAACTGAATCG-1",0.0604625334475891,0.205153305082841,0.0402042317350637,0.0674069761007132,0.0255211778786595,0.545829801412067,0.0554219743430656
"CCACTGGTGGCTGGTT-1",0.0514593054311434,0.0356319060966341,0.00589434953600317,0.0579719095889304,0.000107572211815658,0.848812268041072,0.000122689094401677
"CCACTGTTTGGATTAA-1",0.0245952149521304,0.0910259300293988,0.0020099599298057,0.0130218118766074,0.0227704222884547,0.719766021566162,0.126810639357441
"CCAGAAAGCAACTCAT-1",7.64159496539175e-05,0.0341760145791718,0.0341750364596328,0.931322647137698,7.64159496539135e-05,9.70539745359686e-05,7.64159496539161e-05
"CCAGAGACAAAGCCGG-1",0.090849052014764,0.122877359111159,0.0168164983640557,0.000172499419615372,0.000172499419615373,0.768939592251175,0.000172499419615375
"CCAGATAGTTGAGTGA-1",0.140212526151677,0.114374120372766,0.00242162324936033,0.046745850148716,0.000245236654098006,0.695755406769285,0.000245236654098003
"CCAGCCTGGACCAATA-1",0.0247779727354011,0.118008110310124,0.00539786741325703,0.424219449663268,0.000244682183073996,0.427107235511802,0.000244682183073995
"CCAGCTACGCCTCATA-1",0.0975289554286146,0.213793998837758,0.000353883310072447,0.0862166501724197,0.00035388331007245,0.512154615003353,0.08959801393771
"CCAGCTCGAACGCATT-1",0.113736530966234,0.103201893034955,0.0058967106442687,0.0154864005890022,0.00738586963721862,0.72765272682369,0.0266398683046325
"CCAGCTGATGGTACTT-1",0.0315057557748003,0.065452067121569,0.000111990469539778,0.0202285127161328,0.000111990469539778,0.882477692978879,0.000111990469539776
"CCAGCTTCCGCCCGCA-1",0.133312867119213,0.0909514186785081,0.0329106161861081,0.0362798542027697,0.0134782283550981,0.692809802863012,0.000257212595290728
"CCAGGGACGTGGCCTC-1",0.0844375857700583,0.0304235379032616,0.00705814466761225,0.000106765064469953,0.012887147028953,0.864922659678788,0.00016415988685683
"CCAGTAGTCTGATCCA-1",0.0311826870415465,0.0815800684443613,0.00736236155916958,0.0361422730649147,0.000163826823119715,0.817150077489276,0.0264187055776127
"CCAGTCAAATCTCTTA-1",0.10533487430525,0.0349908907795278,0.00442406377066211,0.0376479092541862,0.000106911511334532,0.807854627265171,0.00964072311386893
"CCAGTCTAGACGGCGC-1",0.0790287780461732,0.105614587287294,0.0171201486315524,0.0636840900097415,0.0180503454540235,0.710406990111063,0.00609506046015187
"CCAGTCTTGTCATAGA-1",0.0606963927619689,0.144093847726468,0.023620444619916,0.143145869399093,0.000233963545498241,0.562908256240786,0.0653012257062693
"CCATAAACAACCCGAC-1",0.0173794021359444,0.0646513081412576,0.00623739905727029,0.0528907916733923,0.00026202523733845,0.786687491944653,0.0718915818101435
"CCATACCTTTACTTGT-1",0.0469128874539987,0.101538468568108,0.00016792574091213,0.0109948433502138,0.000167925740912129,0.840050023404943,0.00016792574091213
"CCATAGGTTGGCGTGG-1",0.129022407772078,0.0643391883896232,0.0110710921776728,0.0652338559550444,0.0208392865758532,0.669755798441401,0.039738370688328
"CCATAGTCAGTAACCC-1",0.0227901491865422,0.0423123260471153,0.00567031635201832,0.000103909729750129,0.0368579550927481,0.892151258566064,0.000114085025761328
"CCATATGGAAACTATA-1",0.0944439819507558,0.0542021499248494,0.00883415913593028,0.0499660907310343,0.0143137747301081,0.777982623426048,0.000257220101274711
"CCATATTGGATCATGA-1",0.0802203761979265,0.228372609384061,0.0491279647840098,0.000242935540852127,0.0323088680748924,0.609484310477406,0.000242935540852128
"CCATCCATACCAAGTC-1",0.0441646425404888,0.0624793196882714,0.0259266904849972,0.0196727606380219,0.0382172538669947,0.80927329853764,0.000266034243585784
"CCATCGCAGTTAAACT-1",0.153812562348273,0.0641871931464927,0.000158850571106838,0.158600104093233,0.000349058226178026,0.62273338104361,0.000158850571106842
"CCATCTCACCAGTGAA-1",0.0145249872941731,0.0802603836984286,0.0143319484564867,0.000174919148237443,0.00852719033346297,0.882005651920974,0.000174919148237444
"CCATCTTGTTCACAAT-1",0.305077441774318,0.162276979281152,0.0197513064627537,0.140493853279053,0.000354483859363113,0.371691451483997,0.000354483859363113
"CCATGCCCTAGATTTC-1",0.0884295018943152,0.0443384879516816,0.00731646718305702,0.0152559268149123,0.00755966104241828,0.836943462995496,0.000156492118119946
"CCATGCCTGTTTAGTA-1",0.0533404925170625,0.0384110521282458,0.00332172963548709,0.041548481936506,0.000110693162813702,0.863133168425578,0.000134382194307308
"CCATGCTCTGCAGGAA-1",0.0502080903137111,0.062978032350742,0.0582749628844481,0.0291872305423073,0.000234362770064289,0.698207493913207,0.10090982722552
"CCATGGCCCTTGTACC-1",0.0713781118233308,0.0927786114774581,0.0458526164388678,0.111146852839565,0.0150343056782957,0.663546679976247,0.000262821766236602
"CCATGTTCATCTATAT-1",0.0459168954663739,0.131591954477212,0.000851932056863897,0.783435622313934,0.000112593417627844,0.0379784088503598,0.000112593417627843
"CCATTAGCGATAATCC-1",0.0672892160797815,0.0554506142806399,0.0238424365654732,0.063507237355485,0.00017475112496443,0.789519518845004,0.000216225748652395
"CCATTCCCTGCCCACA-1",0.0600666268150802,0.126722676593895,0.0333785639739639,0.0700472024838682,0.000163802299882531,0.709457325533427,0.000163802299882534
"CCATTTCTACCTATTA-1",0.0398798873204477,0.0409543555941713,0.00265692266847697,0.0358335906135234,0.0171023474078192,0.8634106982272,0.000162198168361463
"CCCAAACATGCTGCTC-1",0.0482555197817063,0.0750980230667982,0.00722123663227137,0.0567577886407286,0.0312665712214191,0.781238153651049,0.000162707006027847
"CCCAACATACGTCGCG-1",0.0337182337388728,0.116646625901293,0.0140556576457024,0.594249499034549,0.000173628284815262,0.240982727109952,0.000173628284815262
"CCCAACCACACTAACA-1",0.0749428556471646,0.0461846512395827,0.023526848808401,0.0441975463490136,0.000168851028991488,0.810810395897855,0.000168851028991496
"CCCAAGAATGCACGGT-1",0.070047303119817,0.110234367085494,0.0112002958296446,0.0174956868827475,0.000243254329776331,0.66957994065994,0.12119915209258
"CCCAAGACAGAGTATG-1",0.393703522112987,0.0920971551004573,0.0178861827790222,0.0519887775597914,0.000239645001604567,0.400515101710686,0.0435696157354516
"CCCAATGAGATTTGCA-1",0.128469781827,0.0981230029164703,0.0130407601113867,0.760021030199876,0.000115141648422393,0.000115141648422389,0.000115141648422391
"CCCAATTTCACAACTT-1",0.101803900375206,0.174545282831617,0.000241445429951085,0.12876529521201,0.0237374433726835,0.570665187348581,0.00024144542995109
"CCCAGAGGAGGGCGTA-1",0.0658699715246605,0.125209433239207,0.0175040853294471,0.011641761529653,0.0390096385968287,0.740492020132864,0.000273089647339497
"CCCAGGTCTGAAGGCT-1",0.0703703729730881,0.0482835754562972,0.032372233247944,0.000164142053129606,0.00119177800745448,0.847453756208957,0.000164142053129605
"CCCAGTAAACTTGGGA-1",0.0171404280999331,0.170659499904566,0.0521125387706573,0.546146298931183,0.000114354042967425,0.213712526207726,0.000114354042967423
"CCCAGTTAAGGCGCCG-1",0.0957857606763484,0.0366396702493721,0.00311668283915123,0.0399836946590741,0.000157779204189837,0.773460521807334,0.0508558905645305
"CCCATATAGGTCGATT-1",0.0566605387809974,0.121267062505948,0.0111481558428298,0.0264864291100214,0.0002495871479835,0.779619980434573,0.0045682461776466
"CCCGAAGTTTCGCGAA-1",0.0150575971605137,0.0514598419295268,0.0276355171410865,0.261572547964153,0.00778645797163203,0.636260718343308,0.000227319489779829
"CCCGACCATAGTCCGC-1",0.000112332550106948,0.0863039349998497,0.00093679621844132,0.0457934828287249,0.000112332550106948,0.866628788302663,0.000112332550106948
"CCCGAGTTTCTCCGTA-1",0.099506398499124,0.0535968400254885,0.00016062366345249,0.000160623663452489,0.000160623663452488,0.820718426034282,0.0256964644507482
"CCCGCAGCGCGAACTA-1",0.0171552265537398,0.0664434938622923,0.037966444189083,0.0894547401493581,0.000160939355117469,0.788658216535292,0.000160939355117469
"CCCGCAGGGCCCAAAG-1",0.0157199270050817,0.031139968121309,0.000168522975648631,0.0957045876199616,0.000168522975648633,0.856929948326702,0.000168522975648633
"CCCGCCATGCTCCCGT-1",0.0112755872010554,0.095133678921997,0.0062493250182205,0.0190753394174611,0.022031352688659,0.845971509006445,0.00026320774616171
"CCCGCGCAATGCACCC-1",0.0291671198732003,0.0906849466379561,0.0211515820862975,0.0163920943170464,0.0757536080242044,0.764978096921058,0.00187255214023743
"CCCGCTAGAGGGTTAA-1",0.0813126103499413,0.0409238794625585,0.00016000796199714,0.00447049088089795,0.0304686863772963,0.842502729998207,0.000161594969102236
"CCCGGCACGTGTCAGG-1",0.0308252115752325,0.122699527671235,0.0317303640264034,0.0529696662491918,0.0248435596612606,0.66557101704974,0.0713606537669366
"CCCGGGTCGTTCAGGG-1",0.0671514201408791,0.115006326078714,0.00484861964174702,0.188910512632818,0.0358964424660373,0.58794795271793,0.000238726321873449
"CCCGGTGGAAGAACCT-1",0.135517221906052,0.136172339865513,0.0521004729028127,0.0238695023380652,0.00718845724220433,0.630091461101187,0.0150605446441659
"CCCGGTGTATCGGAAT-1",0.0336077483477967,0.125413568910161,0.00962156711748804,0.830965489553137,0.000125795129572659,0.000140035812271747,0.000125795129572674
"CCCGTAAGTCTAGGCC-1",0.0644689558855068,0.141829509941354,0.0267914976245947,0.0528158776073183,0.00413075969885963,0.709806988480272,0.000156410762094373
"CCCGTAGCTGGGAAGA-1",0.0423628140966276,0.0459257769896206,0.000120743018169632,0.892931345311698,0.0184178345475451,0.000120743018169631,0.000120743018169631
"CCCGTCAGCGTCTGAC-1",0.0151335704889241,0.045371611955653,0.013686562225239,0.042651634763574,0.00046108988093779,0.84474203545997,0.037953495225702
"CCCGTTTCGCAGATGT-1",0.10445336518141,0.148183220860811,0.0375429257205054,0.01804192982194,0.000259628368144393,0.672816625445488,0.0187023046017007
"CCCTAGTGTCAGGTGT-1",0.143153571525256,0.188519043359559,0.00970938133413819,0.0188903901613323,0.000306187876826159,0.287070619356392,0.352350806386496
"CCCTATGTAGAGCAGA-1",7.81079662361612e-05,0.00729412866278401,0.0582665606039202,0.934126878868351,7.810796623616e-05,7.8107966236164e-05,7.81079662361586e-05
"CCCTCATTCTGGAATT-1",0.0897752449979923,0.0414143812620741,0.000163437559183475,0.0115010055693797,0.000163437559183475,0.856819055493003,0.000163437559183467
"CCCTCCTCGCTCGTAT-1",0.0993447032694017,0.0872387795866792,0.00254310851351369,0.000254157079788624,0.0208343717541876,0.789530722716641,0.000254157079788625
"CCCTCGGGAGCCTTGT-1",0.218993438684073,0.168472223665407,0.0401884442401813,0.0615340190109553,0.000363572276135921,0.475181173743044,0.0352671283802038
"CCCTGAAATGAGTTGA-1",0.066745455486403,0.0901491359852115,0.0230940920507006,0.121424654667288,0.0388760116649338,0.659461741955484,0.000248908189979741
"CCCTGACTAACAAATT-1",0.0223205114614218,0.0650480956682939,0.000167236461952917,0.0755172652501485,0.000167236461952919,0.836612418234277,0.000167236461952937
"CCCTGCCCAATCCGCT-1",0.0168419305253349,0.0551886990786201,0.00798653086869423,0.0827830872357067,0.000166597489653779,0.80804197921004,0.0289911755919503
"CCCTGCGCTACGCATA-1",0.0918313431960813,0.0847780817560862,0.00698600714354327,0.024684373580986,0.000155639124136797,0.750415183861529,0.0411493713376377
"CCCTGGTATGGGCGGC-1",0.0452656673756964,0.0946521246157244,0.000171680262114396,0.0399207310443142,0.0190627766275827,0.800753836624312,0.00017318345025558
"CCCTTCTCGTACGCGA-1",0.0654727464968985,0.135886465118031,0.0206455766218059,0.0814263751026161,0.000268793697178618,0.696031249266291,0.000268793697178624
"CCCTTTAATGGAGTTC-1",0.110409956815224,0.0470730305978838,0.00200574701626968,0.0199255716508838,0.00326461593485094,0.742267648442154,0.0750534295427335
"CCCTTTGACAGGTCTT-1",0.22068950268201,0.0896292781702923,0.000239043135794778,0.466007148745142,0.0194012194696454,0.203794764661321,0.000239043135794775
"CCGAAAGTGGTGAGCA-1",0.0998346967700685,0.134443716521439,0.0568207928821607,0.000259044295775539,0.000259044295775534,0.708123660939005,0.000259044295775538
"CCGAACCTTCCCGGCC-1",0.0553454091764003,0.0486783527027953,0.0056892839433048,0.0510598795552434,0.000158004797150041,0.838911065027956,0.00015800479715004
"CCGAAGTATATTGTTC-1",0.160087330023028,0.111895298333664,0.0566984238795621,0.0598029056520383,0.000355577106335241,0.590806642354203,0.02035382265117
"CCGACAAACACATGAG-1",0.107218581426982,0.242117686451198,0.0385508906409056,0.0130302726722724,0.000391496953221325,0.5982995749022,0.000391496953221324
"CCGACAAAGGGAGTGC-1",0.068808105983742,0.0651525116316254,0.00323991995172918,0.0692725503729275,0.000160328080358627,0.793206255899259,0.000160328080358625
"CCGACAATAGGCCGCC-1",0.114393370765521,0.0658365788003073,0.0289079427215476,0.00201861648083458,0.0740109027453155,0.707274824892904,0.00755776359357062
"CCGACGGGCATGAGGT-1",8.24823379725398e-05,0.0733559086049045,0.05119829057737,0.875115871465835,8.24823379725401e-05,8.24823379725377e-05,8.24823379725417e-05
"CCGACGTAAACACAAC-1",0.0848738401682909,0.0519188671743203,0.0103766084147922,0.0463264887175832,0.000264690402366292,0.805974814720281,0.000264690402366292
"CCGACTCGCATAGTCT-1",0.0265231475945694,0.112895019048887,0.000173033667105256,0.000173033667105256,0.00642172472516643,0.780890470138255,0.0729235711589116
"CCGAGAAGTCGCATAA-1",0.293693719253052,0.0879914896182726,0.000355170415996009,0.0307962030662317,0.00035517041599601,0.48802812562768,0.0987801216027726
"CCGAGCTGTGCTTGTC-1",0.229174547705752,0.202087536300963,0.0274093972396524,0.0150673539270297,0.000512686851165375,0.450506732272343,0.0752417457030951
"CCGAGGGATGTTAGGC-1",0.00727450679886232,0.0318057955130053,0.000153381943879026,0.0429116441783628,0.000153381943879025,0.730433802038194,0.187267487583818
"CCGATCTCAACCTTAT-1",0.0118341664337741,0.0304827168881355,0.0106832754974373,0.00612539324505065,0.000165560473533533,0.940543326988535,0.000165560473533534
"CCGATTCGAGGGACCC-1",0.0775701163527829,0.0831040991083609,0.0394187009547722,0.0552300459864193,0.0123167665306444,0.657627460126698,0.0747328109403221
"CCGATTGGTCAATGAA-1",0.275397553695181,0.14324705203371,0.00443648896727894,0.000267876026286242,0.000267876026286242,0.576115277224971,0.000267876026286241
"CCGCACAAAGACCAAC-1",0.183574580928267,0.102168546036878,0.00192535242656641,0.111438006166877,0.000239917055175794,0.600413680331059,0.000239917055175791
"CCGCACGTGACCTCGG-1",0.0432049393841137,0.068895784103294,0.0251344239322409,0.0487346901250801,0.00992644535711859,0.80384302002332,0.00026069707483275
"CCGCATGTGGTACGAT-1",0.0534300333823637,0.119113586749958,0.000850971889018867,0.0787826603237815,0.0297032476258772,0.717955030584378,0.000164469444623106
"CCGCCACCACAATCCA-1",0.0392071037604149,0.0391161345808888,0.0101436903183277,0.0182176618743359,0.000165403365589594,0.892984602734853,0.000165403365589593
"CCGCCGGAACTTCTCG-1",0.0956857302355232,0.241585772747351,0.000274204418146433,0.526504624398952,0.000274204418146429,0.135401259363735,0.000274204418146431
"CCGCCGGTCAACACAC-1",0.0030418251713057,0.102090815502585,0.000168231883103108,0.0264029735900312,0.000168231883103107,0.867959690086769,0.000168231883103109
"CCGCCGTTGAGGATAA-1",0.185207230003687,0.102687949626387,0.000249992315669369,0.00415398957405737,0.000249992315669369,0.707200853848861,0.000249992315669372
"CCGCCTGCGAATTGGT-1",0.0156596745415078,0.06674229037835,0.0513198877212152,0.132648331587657,0.00027751721540301,0.730886625034245,0.00246567352162118
"CCGCGATTTGGTAGGT-1",0.0964144922728227,0.0940235959418368,0.0276400267572425,0.235239402844785,0.000355944359505379,0.545970593464302,0.000355944359505378
"CCGCGGAATGCGTCAC-1",0.36058785192322,0.0915799045796774,0.0362215624173712,0.432521236767639,0.078776107403033,0.000156668454529719,0.00015666845452972
"CCGCGGGTACGAAGAA-1",0.0241474300164485,0.0767239970922786,0.000177346376714174,0.0706979769124044,0.000177346376714175,0.827898556848726,0.000177346376714173
"CCGCGTAGGTAAGGGC-1",0.136509759990832,0.109622648512861,0.0157842636210346,0.0608113763023131,0.000277002615012641,0.676717946342934,0.000277002615012657
"CCGCTATCAGCACCAG-1",0.0579946246440783,0.0682506930359926,0.0356009432099296,0.172792485659328,0.000249839261599834,0.664861574927472,0.000249839261599836
"CCGCTCTTCCGAACTA-1",0.0513147168368941,0.0799891719059764,0.0218990364443698,0.000449739328167981,0.000172795427673733,0.846001744629244,0.000172795427673733
"CCGCTGGTGCCATTCA-1",0.127023965440996,0.0500577207418395,0.0396615258159662,0.0361374649113233,0.000370715102445755,0.635305091832399,0.11144351615503
"CCGCTTACCTCACTCT-1",0.182964687060568,0.126252819260376,0.00346952546419917,0.686803966517529,0.000169667232442505,0.000169667232442507,0.000169667232442505
"CCGCTTCGCGGTTAAC-1",0.102174866745358,0.370861037983762,0.0386459740382214,0.000249892645458112,0.000249892645458115,0.487568443296284,0.000249892645458115
"CCGCTTGCTGACATGG-1",0.0119517236940068,0.0180618113597875,0.0184453201381403,0.0284815213322595,0.0286454570580658,0.889323593060408,0.00509057335733188
"CCGGAATGGTTTCAGT-1",0.0860423264732964,0.0943954514538117,0.000174481227896111,0.011547453323566,0.000174481227896111,0.807491325065638,0.000174481227896108
"CCGGAGCGTACTTTCT-1",0.106885799261285,0.1091830211202,0.0311946005296213,0.31933363309449,0.0554459964594314,0.377587679551997,0.000369269982975753
"CCGGCACGACCGTTTC-1",0.0104761963756676,0.0523810878010595,0.0125357661489341,0.0232718978608744,0.000165670454680376,0.83518554614581,0.0659838352129735
"CCGGCGCATATTGGAT-1",0.100683924446902,0.149997494155596,0.0330647106850592,0.0310516291894766,0.000243736495391463,0.684454303589272,0.000504201438302306
"CCGGCGTGAGACTCTG-1",0.0138555459611169,0.0991770935376579,0.023158910486172,0.298750506562211,0.00461351921607812,0.560209270080151,0.000235154156613145
"CCGGGACCCGCAGAGA-1",0.0288692829577376,0.00817174053462517,0.0290703607597058,0.0251082565124228,0.00024327167980411,0.813411208733472,0.0951258788222329
"CCGGGCGGTCTCGTCA-1",0.0140449582167752,0.0906029418784178,0.00539745251439467,0.0176087983906023,0.00564302960824763,0.866537961678176,0.000164857713385995
"CCGGGCTAAGAATTTC-1",0.0444883420953326,0.249585436470644,0.00017278734530867,0.624696847978377,0.0319961518044637,0.022051500633257,0.0270089336726175
"CCGGGCTGCTCCATAC-1",0.132729759041502,0.0430434190665995,0.00707651420886541,0.0456983005246583,0.000157220252938577,0.771137566652497,0.000157220252938576
"CCGGGTTCGAGGTTAC-1",0.0571002046286031,0.140968952684395,0.0259457113694053,0.14230836372,0.00024044418444635,0.633195879228704,0.00024044418444635
"CCGGTAATGGCTAGTC-1",0.0310314451239495,0.0809079180396312,0.0436877899921379,0.000171489581945197,0.014588510802627,0.829441356877764,0.000171489581945196
"CCGGTTTGTAATTGTG-1",0.0145783922507265,0.11025264324526,0.00725546598514374,0.474163830815323,0.0594966271856313,0.226802797362346,0.107450243155569
"CCGTAAGTTGGTCCCA-1",0.120472143052703,0.0163342056514767,0.000109181012662573,0.0555836311325395,0.000109181012662565,0.807282477125293,0.000109181012662566
"CCGTACCCAAGCGCCA-1",0.175837621801199,0.0673582155327261,0.000224501255391452,0.00674582112480849,0.0430553202930054,0.55053191820037,0.1562466017925
"CCGTAGGAAATCCCTG-1",0.0550938234855034,0.063746568982539,0.015717437411737,0.041317349794823,0.00528344807760005,0.818668666252434,0.000172705995363626
"CCGTAGGGTTGTTTAC-1",0.0653171543449075,0.0394688086206106,0.00892926359223205,0.0352646152158258,0.0320718718773269,0.815448481702063,0.00349980464703428
"CCGTATCTCGTCGTAG-1",7.87820947471045e-05,0.0410047715345291,7.87820947471008e-05,0.924448467623299,0.0342316324631835,7.87820947471078e-05,7.87820947471065e-05
"CCGTATTAGCGCAGTT-1",0.175968073213773,0.0907959075316771,0.0119328171856432,0.0200031662879238,0.000363738684019766,0.615837133849033,0.0850991632479305
"CCGTCAACCTCTGGCG-1",0.000111790176594383,0.121281754427061,0.000111790176594384,0.72805610679035,0.000111790176594384,0.150214978076211,0.000111790176594384
"CCGTGCCCATGACGGC-1",0.0334868966739044,0.0523812964300764,0.00248513986929208,0.00288198958285915,0.000173268179438424,0.908418141084991,0.000173268179438424
"CCGTGGAACGATCCAA-1",0.130447161245293,0.0644708557322766,0.0599704734345665,0.0386263991540901,0.000198648620152896,0.706114241311177,0.000172220502444808
"CCGTGTTAAATTCCAT-1",0.0336692484077659,0.174134202484969,0.0073528129102609,0.645062404198704,0.00344099397140329,0.0649395485328833,0.071400789494014
"CCGTTACGTTAGAACA-1",0.0659432311886863,0.0768527508267239,0.00397727861918018,0.027623013234491,0.0481916755852502,0.77211913528046,0.00529291526520875
"CCGTTCCGAATCTCGG-1",0.124545178799131,0.074052235280777,0.0182405810326473,0.0844832903644876,0.000244586118367028,0.698189542286223,0.000244586118367029
"CCTAAACAGGGTCCGT-1",0.256219720583353,0.151305003184026,0.000377530850231707,0.050653676576256,0.000377530850231706,0.54068900710567,0.000377530850231721
"CCTAAAGGCTGACGCT-1",0.020532581124888,0.122181504592088,0.00756737966721495,0.0639650206764376,0.0388511606006108,0.74174312987501,0.0051592234637513
"CCTAAATTAACGGTTC-1",0.0744442461413894,0.12354534601294,0.015222368349332,0.10979357535506,0.00024696252864621,0.671576980096238,0.00517052151639458
"CCTAAATTGTATCCTA-1",0.0985516037975821,0.0385101142249634,0.0244028861769851,0.00639548141654705,0.00010519091698709,0.810423128181648,0.0216115952852877
"CCTAACCCAAACAAGT-1",0.112262563714104,0.10380426016242,0.0392002170438745,0.0246917663721354,0.000257936262234849,0.719525320182996,0.000257936262234848
"CCTAACTAAGGCTCTA-1",0.0487652114423819,0.00703628018125001,0.00024859100253676,0.10080454282013,0.000248591002536761,0.744520321411561,0.0983764621396033
"CCTAAGTGTCTAACCG-1",0.101858350681101,0.130724655738374,0.0403034680008563,0.0168210714697525,0.00023707742489505,0.709818299260126,0.000237077424895055
"CCTACAAGTCCGGAAT-1",0.114482817290684,0.178200629574006,0.0275030678058421,0.092268000743908,0.000560818880544163,0.508692619319881,0.0782920463851348
"CCTACATTCACAGACG-1",0.0442006550473997,0.068609602306636,0.0248564691463053,0.862095826627255,7.87071131501128e-05,8.00326461039554e-05,7.87071131501128e-05
"CCTACGCGACCTTACA-1",0.0319454874659058,0.0759736441340183,0.00429875579764977,0.0175490047114263,0.000237063867254329,0.615765393960622,0.254230650063124
"CCTACGGCTCAGTCGA-1",0.101367586605946,0.0928258444151588,0.000157694075499787,0.0439384620587135,0.000157694075499786,0.69682257496274,0.064730143806442
"CCTACTGCTTACACTT-1",0.000256529074141315,0.0992697372427913,0.00892631787082337,0.036589028210755,0.0257507745605523,0.807067713613151,0.0221398994277853
"CCTAGGCGTAGCGATC-1",0.0486169777951425,0.151326375530565,0.000254734181567551,0.125051068363573,0.000254734181567551,0.666620637444466,0.00787547250311882
"CCTAGGTAAAGGTAGC-1",0.0134815795981806,0.19679769419236,0.0168994322681096,0.508709338081059,0.0342966969750541,0.229647579856097,0.000167679029139455
"CCTAGTTAGTCGCATG-1",0.0580535271765538,0.20746346107539,0.000243232713851613,0.0605876659935986,0.000243232713851614,0.673165647612902,0.00024323271385163
"CCTATAATGAGTGCCC-1",0.059122291855338,0.132657853339213,0.0222553009352532,0.061333939633239,0.00024308711174111,0.707877130771726,0.0165103963534897
"CCTATACCGTCCTGTC-1",0.0669970811660607,0.0865029565214991,0.00654719722735933,0.536896231981435,0.107712030526872,0.195199191682207,0.000145310894567253
"CCTATATCGTGTCACG-1",7.65267376403734e-05,0.0502188282740057,7.65267376403765e-05,0.943112494389007,0.00636257038642607,7.65267376403726e-05,7.65267376403792e-05
"CCTATATTTGTCCTGG-1",0.254785176279025,0.0967539846240681,0.00024667508674279,0.261001743994444,0.000246675086742799,0.386719069842235,0.000246675086742791
"CCTATCTATATCGGAA-1",0.000173401697073907,0.07741584141028,0.0052359624876639,0.0493857889631553,0.000173401697073899,0.761754255508117,0.105861348236636
"CCTATGAAGTGGTGCC-1",0.0476453934826423,0.101496732821689,0.000254984077895568,0.0169263195545416,0.0135533522451269,0.819868233740209,0.000254984077895569
"CCTATGGCTCCTAGTG-1",0.116813642312822,0.102336628080074,0.0355873687533105,0.179088036257941,0.000223594429273445,0.565727135737306,0.000223594429273448
"CCTATGGGTTACCGTC-1",0.084661657759086,0.0762601316607468,0.000165414504660177,0.0119055276097363,0.000165414504660179,0.82667643945645,0.000165414504660177
"CCTATGGTCAAAGCTG-1",0.0712069302811691,0.0766770874954547,0.0278543554231228,0.11137018959526,0.022006397173911,0.690681998900074,0.000203041131009229
"CCTATGTCCACTCCAC-1",0.0355358462934634,0.0657175480328331,0.000752176295028094,0.0439107243576306,0.000164735639838449,0.85135746288292,0.00256150649828612
"CCTCACCAATCTTGAC-1",0.00540884348202858,0.0841320455605209,0.0529293595533219,0.00101416679094071,0.000166727737185009,0.856182129138818,0.000166727737185006
"CCTCACCTGAGGGAGC-1",0.0594581278940556,0.115830349916823,0.0281713938880825,0.0320786622287686,0.000255732504559304,0.763950001063151,0.000255732504559309
"CCTCACCTTAGCATCG-1",0.0790926640175347,0.0582626711136481,0.00936195703411831,0.0367146952778852,0.0198637510120212,0.755168712201753,0.0415355493430395
"CCTCATGCAGCTACGA-1",0.216481230716231,0.123756116818178,0.000350423013565664,0.000350423013565664,0.0441839046169455,0.515455705242399,0.0994221965791151
"CCTCCCGACAATCCCT-1",0.0738684958952476,0.160617790463633,0.000257863562423018,0.0307307775708189,0.000257863562423014,0.734009345383031,0.000257863562423013
"CCTCCGACAATTCAAG-1",0.0523926405176558,0.156088850967635,0.0410478501466676,0.157795260252949,0.000383273086392183,0.591908851942308,0.000383273086392194
"CCTCCTAGCTAGAGTC-1",7.83096086608243e-05,0.0795378758981214,7.83096086608223e-05,0.920070576058575,7.83096086608228e-05,7.83096086608319e-05,7.8309608660824e-05
"CCTCCTGTTGTGTCGT-1",0.136402571713298,0.101212060852191,0.000245710247994438,0.03066386514713,0.00537897345502641,0.725851108336366,0.000245710247994438
"CCTCGAAGTGGACGGG-1",0.0726785662527226,0.0413997106848938,0.00821360049219878,0.129778507802946,0.00604142387190563,0.713027860009784,0.0288603308855483
"CCTCGACCCACTGCCT-1",0.250200716941678,0.0456447553492833,0.00176755090855173,0.021056521910475,0.000267539069891995,0.669097770108159,0.0119651457119612
"CCTCGCCAGCAAATTA-1",0.0878261655420209,0.087005577475142,0.000255548135086677,0.0476097804997243,0.000255548135086678,0.771867217288021,0.00518016292491794
"CCTCGCGCGATATAGG-1",0.0240589011368524,0.0672028791306861,0.0122402531826171,0.0289303218615222,0.0121287326206773,0.780383833773324,0.0750550782943213
"CCTCGCGCTGTGCGAT-1",0.335734938549692,0.0398524285703016,0.0598778119988122,0.208023878817359,0.0113746600809895,0.344785456618862,0.000350825363984352
"CCTCGGACCGGGATAG-1",0.0302834942421734,0.0745234776530095,0.00892137223426649,0.131383084467458,0.00024118082214721,0.717708387938574,0.0369390026423715
"CCTCGGATGCTACCTG-1",0.00869141861284891,0.0266364291441061,0.0381315753214371,0.0120148965409117,0.000271814899582763,0.913982050581531,0.000271814899582719
"CCTCGGTTTCCTTGCC-1",0.0622352317295725,0.255628113556972,0.00016404467209494,0.518665816726903,0.0156599560508634,0.1474827925915,0.000164044672094939
"CCTCTAATCTGCCAAG-1",0.0535434797621734,0.0537351222266199,0.0104371792002295,0.228268678537373,0.00233820870628111,0.640342057427739,0.0113352741395845
"CCTCTACAAGGATTGG-1",0.0366195844251352,0.0497550269891525,0.0531314133785793,0.860260716509076,7.77528993524348e-05,7.77528993524341e-05,7.77528993524328e-05
"CCTCTATCGATTAGCA-1",8.01391931017024e-05,0.098467788456948,0.0160170526579011,0.859847913490475,8.01391931017051e-05,0.0254268278153706,8.01391931016961e-05
"CCTCTCTCCCATCTAG-1",0.0138908783005504,0.0632458257117025,0.0364921231364006,0.0671941196574832,0.000159093565545182,0.818836336525563,0.000181623102755194
"CCTCTGGCCTAGACGG-1",0.0169507153855575,0.0731428399648603,0.000172420436031488,0.0529447343093076,0.0301922704070259,0.800184557029855,0.0264124624673627
"CCTCTGTACTATTCTA-1",0.28350740193052,0.107582133888882,0.0355049995391451,0.0848543462930782,0.000363362484655157,0.487824393379064,0.00036336248465515
"CCTGAACGATATATTC-1",0.110352363965381,0.0858617217049955,0.000168972543684268,0.045425886485781,0.000168972543684269,0.75785311021279,0.000168972543684282
"CCTGAATATTTACATA-1",0.000166608515264858,0.0353109013361334,0.014061688028903,0.080307730628239,0.00016660851526486,0.867899890431331,0.00208657254486364
"CCTGACGCAACCTTTA-1",0.0498192678849028,0.0691853553949906,0.00494464289597075,0.0201475761653381,0.00163879757990455,0.854092038759703,0.000172321319189782
"CCTGCGTTCTACGCTT-1",0.0443058571906322,0.0168184152302937,0.0316498134052856,0.0962290250891117,0.00016616141078332,0.81066456626311,0.000166161410783299
"CCTGCTATTTGAGAAG-1",0.00809203792955592,0.0368101962133256,0.0429766177644002,0.0157424556955967,0.000159066679128522,0.877751761790782,0.0184678639272115
"CCTGGAAACGTTCTGC-1",0.148229434102346,0.0972956584389565,0.0190244638257334,0.000372737030748408,0.0121068062893737,0.641352209928569,0.081618690384273
"CCTGGCTAGACCCGCC-1",0.0760705349093048,0.0923052562533361,0.000237739109064841,0.084049643970485,0.000237739109064841,0.734924133146072,0.0121749535026722
"CCTGGTCGAATGTGGG-1",0.0637889059368896,0.0986463299280876,0.0027926897937954,0.0955359047080714,0.000170060362250731,0.734613146618924,0.00445296265198083
"CCTGTAAGACATGATA-1",0.0256365071981644,0.0582102937332935,0.0399197944411747,0.310863349223451,0.0076243288327979,0.557499818847598,0.000245907723520881
"CCTGTACTCACGCCCA-1",0.0452000102310648,0.114267827641876,0.000177811649154027,0.070637181203615,0.000177811649154036,0.769361545975982,0.000177811649154028
"CCTGTCACCCGGGCTC-1",0.0152679828835745,0.0716610331424563,0.0103513729440703,0.0176570311718128,0.00444539802217086,0.880456659090126,0.000160522745789046
"CCTGTCCCTCACGTTA-1",0.0636999206870412,0.0910267799336042,0.0138715023946198,0.0073372649526172,0.000171540376876103,0.823721451278365,0.000171540376876102
"CCTGTCGCCCGTAAAT-1",0.0243542022280618,0.066303081042954,0.0265642943545333,0.114895141443152,0.0134521979167457,0.754183133607125,0.000247949407428327
"CCTGTGCATAGGAGAC-1",0.0686526379419627,0.26685840758428,0.0396389278532276,0.0111336448131487,0.0333736757707461,0.579970889385635,0.000371816651000136
"CCTGTGCGGATTGTAA-1",0.320015721561394,0.141120447954742,0.00912742810173655,0.0193300496202384,0.000393805315913182,0.509618742130062,0.000393805315913179
"CCTGTTTGAAGACACG-1",0.110952489053144,0.0421574995445129,0.0126453866185738,0.0528111487726623,0.000168158927046127,0.781097158157014,0.000168158927046126
"CCTTCAGTTAAAGTGA-1",0.00465941891321252,0.0205513757331659,0.000107915662954872,0.583823067943797,0.000107915662954873,0.39064239042096,0.000107915662954871
"CCTTCGTATAGAATCC-1",0.0632677302019437,0.225653710640968,0.000252164866240042,0.352787409223596,0.000252164866240037,0.357534655334772,0.000252164866240042
"CCTTCTCAGCGTTCCT-1",0.0392598633416745,0.246483686924915,0.00024800120536176,0.102517899638635,0.000248001205361757,0.601091050015766,0.0101514976682851
"CCTTCTTGATCCAGTG-1",0.0115310163418967,0.083126752513119,0.00483383710802984,0.0195567581326406,0.0173851051617286,0.770852414883227,0.0927141158593581
"CCTTGACCACTTTATT-1",0.0819170068882152,0.0207051577030886,0.0192297534618177,0.0227704196098111,0.0113712758941779,0.832735517504528,0.0112708689383621
"CCTTTAAGGGAGCACT-1",0.0125045823581176,0.0723540273945619,0.0176748220651611,0.798275624163737,0.000126520227586849,0.098937903563249,0.000126520227586852
"CCTTTCAATGAAGAAA-1",0.0453442582920837,0.061893526162013,0.019692331562414,0.044762412657263,0.000170870584612254,0.827965730157002,0.000170870584612256
"CCTTTGAATTATGGCT-1",0.00483610958430432,0.132694422293802,0.0464490353899634,0.8157879876622,7.74816899100557e-05,7.7481689910019e-05,7.74816899100372e-05
"CGAAACATAGATGGCA-1",0.0330727369502603,0.0398110928443932,0.0268414023335841,0.03004205873634,0.000246474628750919,0.856498158240332,0.0134880762663397
"CGAAACGCAATTCATG-1",0.10833629733974,0.144579032647961,0.000336074595706091,0.133360291963953,0.0269832467823636,0.471332538523179,0.115072518147098
"CGAACAGTATGGGCGT-1",0.0359790537169263,0.0319193975652128,0.0180705133984528,0.020905620328051,0.000173162923112774,0.892779089145131,0.000173162923112774
"CGAACCCGCATGCGTC-1",0.0805576136180944,0.0530142537792891,0.000159518265501447,0.335129248738944,0.000159518265501447,0.530820329067168,0.000159518265501453
"CGAACGCCCAGTGCCG-1",0.0283181116460832,0.107834552105304,0.000176089097906661,0.0938031431500865,0.000176089097906664,0.769515925804806,0.000176089097906663
"CGAACGGCCGGACAAC-1",0.0500363524024344,0.0274313594156968,0.0510548172580047,0.418977999997665,0.0163840480620236,0.435957775809115,0.000157647055060657
"CGAAGACTGCCCGGGA-1",0.160431713532777,0.19549668278268,0.0329091639542873,0.000242275309284067,0.00271618623858359,0.607961702873104,0.000242275309284068
"CGAAGCTATAAATTCA-1",0.0985585932936969,0.124537804969234,0.0235356267733203,0.0626093725534664,0.000254527606445401,0.690249547197391,0.0002545276064454
"CGAAGGGTTTCAGATT-1",0.0427198475533629,0.0643985327834648,0.011713767447184,0.880929811377275,7.93469462378879e-05,7.93469462378797e-05,7.93469462378847e-05
"CGAAGTTGCTCTGTGT-1",0.0213492653442662,0.160457344703175,0.0312769323439824,0.0751900197728311,0.00195620558503884,0.709510709734389,0.000259522516317381
"CGAATCTGCTCGACGC-1",0.0368156955923722,0.044813893506903,0.0342136736115601,0.365072066540701,0.000307713312254576,0.518555014374823,0.000221943061385924
"CGAATGAAGTCATTGC-1",0.00013726269169561,0.0921947274065003,0.0538449209194532,0.85348328187615,0.000113269035400377,0.00011326903540037,0.000113269035400376
"CGAATGACGCATAATG-1",0.160860937116736,0.11133046466821,0.0194000034831398,0.168104555246426,0.000234396052736499,0.539835247380015,0.000234396052736501
"CGAATTACATGGTGTT-1",0.0200301749175662,0.0503334437902222,0.00766517117907799,0.000108038449128151,0.0483964214123136,0.873347399891133,0.000119350360558965
"CGACAATTTGATCTAA-1",0.10733418661264,0.0660589476582943,0.00747776521078409,0.00692171735510598,0.0434676018371042,0.768572021744811,0.000167759581260084
"CGACACGCTCCGACAG-1",0.0325858058714937,0.122620864280656,0.000241141718760943,0.146178272861712,0.00585695999611228,0.65803141237581,0.0344855428954546
"CGACAGTTCGCGTTAT-1",0.0363577364108208,0.296793760347088,0.0117646042923425,0.092078402316085,0.000379735638565744,0.562246025356532,0.000379735638565744
"CGACATGCGATCTTCT-1",0.0671883871618573,0.109476683495691,0.00630070773896847,0.00574911065043905,0.000159491964932042,0.74537213123098,0.0657534877571319
"CGACCCTTAACGCCGG-1",0.0411623014213664,0.115745383072741,0.0517152580331151,0.447172678570359,0.00680182277805763,0.337252345907662,0.000150210216699031
"CGACGCATCCGTACCT-1",0.0441806651096664,0.296232050806375,0.0702356039984263,0.391644272838377,0.000239597737742358,0.19722821177167,0.000239597737742357
"CGACTCAGGATGTTAT-1",0.0305801059099711,0.0701047729185661,0.00396316150080517,0.0171659666503935,0.0103495178434559,0.867674946684658,0.000161528492150232
"CGACTTTGTATAGCCT-1",0.0679652518904323,0.0510935565317762,0.008800334393838,0.067922495392508,0.000163692500202929,0.80389097679104,0.000163692500202931
"CGAGACCCTAGAGTGT-1",0.0706484877837427,0.199760468936471,0.0348412994267728,0.230872068594762,0.0187046426196418,0.444668504538399,0.000504528100210937
"CGAGAGATGTGAACCT-1",0.0211252893953956,0.030837168315121,0.00951794546296661,0.0453910258901235,0.00016778063851607,0.892735721518823,0.000225068779054057
"CGAGAGCGCGTAGATA-1",0.107477378543861,0.0316053611671915,0.0315438745633687,0.135052948984044,0.00938679073532169,0.558644065350796,0.126289580655418
"CGAGAGCTTTCACTAC-1",0.0335999969756998,0.0828961863819693,0.0258960502351856,0.0201904896871778,0.0462276711215562,0.707850596126991,0.0833390094714199
"CGAGAGGGTAGCCGCG-1",0.0804223454373361,0.118570535765127,0.000458176217547901,0.00349592842538309,0.000178898904850429,0.796695216344905,0.000178898904850426
"CGAGATGTTGCCTATA-1",0.140867418161997,0.187918719932176,0.0104999901445861,0.0267820168325295,0.000377194433246971,0.62377252349314,0.00978213700232412
"CGAGATTTCGCTCGGG-1",0.0303121883065371,0.04686214742295,0.000161769533207525,0.000674235765103816,0.0273451853008981,0.805475288669035,0.0891691850022683
"CGAGCACTTCAAGTTT-1",0.0880483067383918,0.171258403874434,0.00506976113692174,0.136906254774287,0.000242184030913051,0.59823290541414,0.00024218403091305
"CGAGCGTTGATCAGCC-1",0.0655482384677592,0.0962712272405477,0.0231288854886253,0.000166098021445861,0.000166098021445862,0.703241658571366,0.11147779418881
"CGAGCTGGGCTTTAGG-1",0.0099803988576933,0.0683637196132906,0.000111005037336054,0.000111005037336055,0.000111005037336055,0.921211861379672,0.000111005037336053
"CGAGGCCAGGCATTGG-1",0.0367150273015268,0.0109070489532563,0.0324875100613991,0.00629806600384284,0.0560085231240637,0.857422232271166,0.000161592284745549
"CGAGGCTAAATATGGC-1",0.0953933130947436,0.0746625023991164,0.01289424864704,0.0920122721772325,0.000154812719381687,0.724728038243104,0.00015481271938169
"CGAGGGACTGCGGTCG-1",0.0313771077276849,0.0365125914297509,0.000168356465639816,0.0875658398907519,0.000168356465639816,0.844039391554893,0.000168356465639817
"CGAGGGTATCCAGGTG-1",0.000798116404216774,0.0602507547546668,0.00820202245417247,0.315335497752479,0.000242985599768686,0.614927637434928,0.000242985599768686
"CGAGTACTAAAGAGGA-1",0.0135573418447037,0.0972961941532037,0.0102544353712551,0.588992185656636,0.000823815838379916,0.265837067447187,0.0232389596886342
"CGAGTGAAGGTACCAG-1",0.00537445209419055,0.0900363225219018,0.055784255752281,0.42094175654073,0.000237028552037535,0.427389155986821,0.000237028552037538
"CGAGTGCTATAGTTCG-1",0.203212129849923,0.071039529069333,0.00683404284132777,0.0330920845588495,0.0327089784842384,0.652886169028513,0.00022706616781522
"CGAGTTCTGTCCCACC-1",0.0477474385018308,0.0659247144418108,0.000169549753371377,0.0436531597367476,0.000169549753371372,0.842166038059497,0.000169549753371373
"CGAGTTTATCGGACTG-1",0.0280409129572405,0.0694925026325161,0.0132995527036544,0.0698708398549157,0.000275628130206769,0.81874493559126,0.000275628130206767
"CGATAATACTCAGGTT-1",0.0777731683644009,0.0885903582102901,0.0367825758936784,0.000166659119324523,0.0309629014235277,0.741232746937322,0.0244915900514561
"CGATACCTCGCGGACA-1",0.0604801054852714,0.0978551167991089,0.000164871733719233,0.548144099852748,0.000164871733719233,0.293026062661714,0.000164871733719231
"CGATAGCGATACAGTG-1",0.000119785741372908,0.138976492027193,0.0231462937251689,0.832415740246074,0.00510211677744445,0.000119785741372912,0.000119785741372904
"CGATAGTCGTACTGCA-1",0.0578818344600619,0.064094087959217,0.000169961355005892,0.0377087181993345,0.0116228853583904,0.802524296928536,0.0259982157394544
"CGATATTAGCCGCAGG-1",0.255486346558387,0.153355125945613,0.0275025885834884,0.109178137027835,0.000570331340536876,0.405938047759323,0.0479694227848172
"CGATCCGACCCAGTGC-1",0.0123299060139967,0.0821574046392884,0.0108238159170169,0.178189447226323,0.0417086475604259,0.674626192703238,0.000164585939711788
"CGATCCTCGCAACATA-1",0.000112080244806819,0.0533600334342095,0.0215896068930752,0.852775928863481,0.0719349013015217,0.000117435811342311,0.000110013451563528
"CGATCTGTTGGAGGAC-1",0.00012150280679164,0.133842665209758,0.019999048660109,0.821488193545478,0.0241795303849336,0.00025056405693458,0.00011849533599534
"CGATGGACCCTACGCC-1",0.0730396047161573,0.135943814135413,0.022352527802572,0.000350970563248818,0.000247870591262957,0.745840672190005,0.0222245400013405
"CGATGTTGTTATCTAC-1",0.028583188071283,0.307617209670318,0.000115540822113109,0.63167990512372,0.0317730746683401,0.0001155408221131,0.0001155408221131
"CGATTAAATATCTCCT-1",0.0082787638009499,0.00752286521169099,0.0741129701569372,0.0200620204309409,0.0179163791155715,0.814248134896729,0.0578588663871809
"CGATTCGCCTGGCTGC-1",0.0502368312575458,0.117544643650608,0.00023439336019286,0.0831269505832806,0.00191345833694585,0.667366933611056,0.0795767892003707
"CGCAAACACGAGTTAC-1",0.0924332887954321,0.117086682430061,0.0276471372085516,0.108167157049992,0.000255418806332306,0.644046376247763,0.0103639394618686
"CGCAATTACTTTCGGT-1",0.0580954449084046,0.026833217515989,0.000160006088119636,0.0402258291836627,0.000160006088119636,0.85574386323972,0.0187816329759839
"CGCAATTAGGGTAATA-1",0.0277036427398146,0.081713731018015,0.0345988449189619,0.0950983072871827,0.0112205259293285,0.749391332216138,0.000273615890559209
"CGCAATTCTACAATAA-1",0.0370911017291162,0.154233323599882,0.0601604833257037,0.0599035963705814,0.0388805693377694,0.649476944044115,0.000253981592832222
"CGCACATGTCCACTAC-1",0.0509280506044561,0.187479993204681,0.000249392981484843,0.0402834711442306,0.000249392981484843,0.720560306102178,0.000249392981484843
"CGCACGTCTGTTTATG-1",0.0233271910855505,0.0872992234754263,0.0312320545221138,0.638105268362565,0.000114368053189287,0.219807526447966,0.000114368053189288
"CGCACGTGCGCTATCA-1",0.0593183574572206,0.0709286926796058,0.00180174505740485,0.0710037175838533,0.00218252925363743,0.794588689943126,0.000176268025152553
"CGCAGAAACATTTGCG-1",0.0528841638203955,0.0479592997486696,0.00272205673353587,0.000109795902527388,0.000109795902527383,0.896102242702938,0.000112645189406082
"CGCAGATCTTCACCCG-1",0.0453196701482791,0.0775670455782102,0.00149825046691494,0.000167696848093903,0.000167696848093904,0.823747307401735,0.0515323327086733
"CGCAGGCGATCCAAAC-1",0.047031746022561,0.065421416587256,0.00141481109816563,0.0350466658757335,0.0110370909291197,0.839876791629906,0.000171477857258137
"CGCATCATGGCTTCAG-1",0.0685460794824829,0.0458918275583129,0.0448300429438911,0.0729776570860521,0.000260589474526248,0.767233213980208,0.000260589474526251
"CGCATGGTGCGATGCT-1",0.0416536029344066,0.0615227588568012,0.0334683488639122,0.0986904229829045,0.0368425983349985,0.578526024307288,0.149296243719689
"CGCATTAGCTAATAGG-1",0.069563956487421,0.0653514971325298,0.000259051154499337,0.100863022120324,0.000259051154499341,0.763444370796228,0.000259051154499337
"CGCCAAGAAGCCGAGT-1",0.13335853278539,0.0690929860348365,0.0322278512669192,0.162076038984038,0.00023274142514958,0.602779108078517,0.000232741425149588
"CGCCACAGGTCGCGAT-1",0.0128521092604394,0.0839565884240609,0.0658028559283381,0.576462387488314,0.000160986312691896,0.260604086273464,0.000160986312691895
"CGCCACCCGCATTAAC-1",0.168098576024819,0.0729707731236834,0.000149994944312191,0.0181191361603959,0.038329424447171,0.666596321551464,0.0357357737481549
"CGCCATCCGATTATGA-1",0.00893069023148344,0.0392106529609571,0.00437484921809873,0.0987491299788207,0.000167241182350855,0.848400195245938,0.000167241182350858
"CGCCCAGCACGCCTAG-1",0.264766623789682,0.106307018709925,0.0314104763583052,0.440878791319982,0.000160130119439204,0.142621234267181,0.0138557254354856
"CGCCCAGCGTTTCACG-1",0.0586186453675156,0.130914658992163,0.000265270539109895,0.0316485914131254,0.0110368435660459,0.752519059090412,0.0149969310316285
"CGCCCGCTTCCGTACA-1",0.0508797443804892,0.0790013854293167,0.000177524595840334,0.0877938972172343,0.000177524595840332,0.781792399185439,0.000177524595840333
"CGCCCTAATTGTTCAA-1",0.000120407917940635,0.123780809952954,0.0175264162812919,0.803756468891915,0.0545750811200173,0.00012040791794063,0.00012040791794063
"CGCCCTTACATCCACC-1",0.337855016551478,0.211149307297965,0.0147069145575854,0.00159570978804832,0.000362443554744471,0.43202528754161,0.00230532070856896
"CGCCCTTGAAGGCTGA-1",0.0582295736023036,0.0225267987820729,0.0193822102832149,0.00672162564591097,0.00015681454724529,0.756065869776062,0.13691710736319
"CGCCGCCCATGCCTGT-1",0.0105084269852876,0.0344462003996361,0.0043882065591473,0.0217957686279102,0.00572528198508776,0.89407041222809,0.0290657032148407
"CGCCGCGTTCTGAACG-1",0.132692795025268,0.105037388224073,0.0698121690461366,0.419048556991323,0.00271199299917349,0.270450788978827,0.000246308735198731
"CGCCGTTCAGCATAGT-1",0.122986743413737,0.149265870606532,0.000251596136436133,0.0268337555175231,0.0109439750598492,0.681477250121615,0.00824080914430841
"CGCCTCCCTCCTCTAT-1",0.0577709683354204,0.0629644655770844,0.00016924485482455,0.0910925358098584,0.00016924485482455,0.787664295713163,0.000169244854824551
"CGCCTGGCCTACGTAA-1",0.000160960355023146,0.125835455429057,0.0363843525739062,0.0468183233684714,0.000160960355023147,0.752074100023578,0.038565847894941
"CGCCTTTAGCATGCTC-1",0.0529397948284103,0.0466376980972575,0.000107811423849037,0.000107811423849037,0.000107811423849038,0.871175841342087,0.0289232314606981
"CGCGAAGTGGCATACT-1",0.00970937913695956,0.0444326736002784,0.000640471052530887,0.0272793892364,0.00010805228733564,0.91771710096963,0.000112933716865396
"CGCGACCGCGACAGAT-1",0.0526746787221215,0.0596734851026059,0.0133987410247795,0.0318319534024069,0.00016631863335037,0.731383364464756,0.11087145864998
"CGCGAGAGGGACTTGT-1",0.0472865842353901,0.0689090391702578,0.000512775729461801,0.000175674282765203,0.000175674282765206,0.849214435944296,0.0337258163550637
"CGCGAGTCTGCCGGGT-1",0.0001272298619626,0.0794419088726274,0.0474796687087686,0.872569502970753,0.000127229861962601,0.000127229861962602,0.000127229861962601
"CGCGCAAATGTCCAGA-1",0.000109232816818289,0.0233561178080779,0.00720246246161902,0.895293133702031,0.0738205875778168,0.000109232816818292,0.000109232816818287
"CGCGCAAGGAACTACA-1",0.107332475831233,0.17540396369351,0.000233622875405993,0.0222196279566478,0.000233622875405989,0.594843569952574,0.0997331168152228
"CGCGCATGTTTGATTG-1",0.031629834191551,0.105277551015887,0.0194197087640383,0.72699496548638,0.000126820204356751,0.11642430013343,0.000126820204356752
"CGCGCCCGACTTAATA-1",0.15333237982946,0.0939386767553487,0.000254015614652942,0.0549951963122619,0.0139823053901411,0.683243410483482,0.000254015614652941
"CGCGGCTCAACTTGAA-1",0.0214362608749586,0.0521407225910433,0.0189119112755828,0.110061290868126,0.000166241482894403,0.797117331424501,0.000166241482894401
"CGCGGGAATTAGGCAG-1",0.0349200998482136,0.0387845628024514,0.000161403934944825,0.0839478358631443,0.000161403934944823,0.784727483072262,0.057297210544039
"CGCGGTCACAAACCAA-1",0.0122869541945047,0.0716369721718297,0.00186831303476497,0.0242758868914876,0.000165229783863411,0.876905717013721,0.0128609269098281
"CGCGTCATATTAAACC-1",0.0635801021180127,0.116550846585083,0.00740428061565393,0.0325022323528534,0.0822892994755044,0.697442759022208,0.000230479830684831
"CGCGTGCTATCAACGA-1",0.0787813102497893,0.17767934538578,0.00334593380357731,0.0872972401564787,0.000254953036147287,0.65238626433208,0.000254953036147295
"CGCGTTCATGAAATAC-1",0.0441066739909867,0.0873560105802866,0.0304114084379542,0.0175805046981544,0.000243618560550328,0.743937259755623,0.0763645239764452
"CGCTACGGGACATTTA-1",0.122251269633633,0.192452479075332,0.00948584463786804,0.193165407012372,0.000359930109810334,0.481925139421174,0.000359930109810338
"CGCTAGAGACCGCTGC-1",0.0107936782697716,0.027544531775749,0.000114553000564601,0.032183767278723,0.000114553000564601,0.929125321172189,0.000123595502438342
"CGCTATACCGCCCACT-1",0.103276756112124,0.0766102141815035,0.0315851175054571,0.0472556238408806,0.000246927802788864,0.684663569931422,0.0563617906258248
"CGCTATTCAATGTATG-1",0.104725327132354,0.143462038850501,0.0217228109074259,0.0236536260475983,0.000236927601802615,0.60572763595515,0.100471633505168
"CGCTATTCTTAGGCTC-1",0.109275583793229,0.0964817844721323,0.000244832151137414,0.186731811067918,0.00024483215113737,0.606776324213308,0.000244832151137394
"CGCTCGACATAATGAT-1",0.0297333695824534,0.0609632076077638,0.00824809371079234,0.0753315318914372,0.000250227608193785,0.770975917125298,0.0544976524740617
"CGCTCTCCGTAGATTA-1",0.0600071086517804,0.0334196697292637,0.0102638275132502,0.0565938738448488,0.00461645249099717,0.834937050943966,0.000162016825893217
"CGCTGAGGACGTCCAA-1",0.272205648463203,0.227305167890107,0.0498493071980298,0.0379611460451648,0.000524124432321988,0.407916715734288,0.00423789023688634
"CGCTGGTGACTACCCT-1",0.0219235522539981,0.0417608892682495,0.0274502906082813,0.000159457759561721,0.000159457759561723,0.841563115961615,0.066983236388733
"CGCTGTGACGCCGCAC-1",0.0540195501435431,0.113281853864324,0.00608497274526503,0.0676420671516971,0.00121803996735406,0.718592785881149,0.0391607302466669
"CGCTGTGTGGATGTTG-1",0.0523418859133091,0.0821034880171524,0.06265314359639,0.715208577556241,0.00011864274777799,0.0874556194213515,0.00011864274777799
"CGCTTAGTATTGATAC-1",0.0552350949379652,0.0907460130603011,0.0109432702561811,0.333188861882967,0.000240015227466054,0.509406729407654,0.000240015227466056
"CGCTTATTCCCGGTCG-1",0.0267602865163975,0.147197430044853,0.0732918235009699,0.254490196513647,0.000232436848592277,0.497795389726948,0.000232436848592287
"CGCTTCCACTGAAATC-1",0.0374806260491645,0.0524349132219149,0.0455674341359265,0.0162253799720062,0.000168518622552936,0.847954609375882,0.000168518622552935
"CGCTTCGGTCTAAGAC-1",0.0946560574735129,0.0920127539434678,0.000170775592003473,0.0945024222444382,0.000509751505808521,0.717977463648766,0.000170775592003473
"CGCTTTCATACCGGTG-1",0.012303266542165,0.0282985496119989,0.000111373000635403,0.0292819955583787,0.000980841096578551,0.880791485604454,0.0482324885857895
"CGCTTTCTTGCATTCG-1",0.0270191671650389,0.0507803193776764,0.0151829359766152,0.00287312752612426,0.000168600454194965,0.903807249046155,0.000168600454194965
"CGGAAAGAATCAAACG-1",0.0653508927213206,0.051950531802326,0.0149503297221046,0.468702524417585,0.00476959276867324,0.394041398828503,0.000234729739487502
"CGGAAATTTCACATCC-1",0.0565119154225436,0.0781717992611147,0.0513824104693865,0.0213504380608806,0.000168862203261944,0.792245712379551,0.000168862203261945
"CGGAACGTAAACATAG-1",0.0913305399778645,0.0942832564759315,0.0787784363503175,0.721916939041301,0.0044133650682088,0.00458364904912488,0.00469381403725153
"CGGAGCAATTTAATCG-1",0.0506331583781766,0.138046839809807,0.0523797411922265,0.230523708171735,0.00035286025659036,0.488288353312477,0.0397753388789876
"CGGAGCATGGCGATCC-1",0.0516916692605514,0.0449319515850083,0.00398134941038478,0.084178070530743,0.010940526237816,0.799536625169002,0.004739807806494
"CGGAGCTTATAACACC-1",0.0740607862774709,0.017783601616508,0.00730277967109996,0.0059643356233009,0.000166964066045387,0.894554568679529,0.000166964066045389
"CGGAGTTTGAGAGACA-1",0.109525012753889,0.109235153087942,0.000174222227605133,0.0286779383700985,0.000174222227605135,0.752039229105255,0.00017422222760513
"CGGATAAGCGGACATG-1",0.136983271132939,0.0685395417747253,0.0302620535952549,0.000171125759426624,0.000171125759426625,0.7637017562188,0.000171125759426619
"CGGATCCTCAAGGACT-1",0.0452428836803284,0.0485639267622361,0.0132036697569585,0.0368395282305418,0.00339998699358952,0.852576998976134,0.000173005600211173
"CGGCAAACATCGTGCG-1",0.0509808354601921,0.104329012738115,0.0063771992797833,0.135915974876184,0.000153842012359547,0.702062387578064,0.00018074805530202
"CGGCAATAAGATCGCC-1",0.0647830432455903,0.0458010184979989,0.00270753909444013,0.000875475129622285,0.036820885818735,0.76393384216946,0.085078196044153
"CGGCACCGTTAGCGCC-1",0.0243720472865821,0.0429466308878207,0.00597825675074091,0.000161932247089972,0.000161932247089972,0.926217268333587,0.000161932247089972
"CGGCACTCAAGAAAGT-1",0.098020636776089,0.112145026020338,0.0450968482379365,0.040405542637932,0.00981514046994209,0.694257142247763,0.000259663609999154
"CGGCAGGGTCGGGTTG-1",0.000168185295550763,0.0295326183390378,0.000168185295550763,0.027879495909301,0.000168185295550763,0.941915144569458,0.000168185295550763
"CGGCCACGCACAAAGT-1",0.0505244475668846,0.298254648947597,0.029119615647738,0.116528509933857,0.03949867303523,0.465688621050607,0.00038548381808613
"CGGCCAGAGCGACCAT-1",0.0919612244872869,0.0672551864654631,0.0334992335359013,0.525684483029566,0.000168840596763904,0.281262191288255,0.000168840596763911
"CGGCCCAACCTGTAGT-1",0.0552931438027291,0.0452734030760052,0.00731733958701731,0.000111992148592599,0.000111992148592597,0.891780137088471,0.000111992148592592
"CGGCCCAGGTATATCC-1",0.0839045239298871,0.117327429753613,0.0504698588695329,0.0533590065083401,0.0198199732688368,0.674737914593098,0.000381293076691597
"CGGCGCCATCAATCCC-1",0.129262987111766,0.0657955332781325,0.0186152254377207,0.0453085546278718,0.00350495488225401,0.720217509980576,0.0172952346816788
"CGGCTCTAAAGCTGCA-1",0.0874056853208221,0.0696996436110965,0.0257701955315932,0.0130790356166899,0.00503740887311295,0.79125923512005,0.00774879592663572
"CGGCTCTTCGTCGAAC-1",0.0205525135321781,0.0200276403105485,0.00011302337288961,0.000113023372889609,0.00011302337288961,0.956253909971971,0.00282686606663373
"CGGCTGCAAGATTAAG-1",0.00026248638852191,0.103657789030195,0.0178056219074293,0.00244341729181322,0.000238216574713376,0.68474467095445,0.190847797852877
"CGGCTTTGTATGATAA-1",0.08722721211567,0.0353707803945062,0.000163744062208846,0.0144038323386994,0.000163744062208851,0.843409979987548,0.019260707039159
"CGGGAATATAGTATAC-1",0.0545768885956695,0.0951064667413588,0.006780703991924,0.0134417824615243,0.000162021658459849,0.828413080290092,0.00151905626097166
"CGGGAATTTATGTAAA-1",0.0716481530648042,0.0725892247319138,0.0177370308520623,0.245898248918058,0.00879502438921236,0.554766533092889,0.0285657849510601
"CGGGAGCTTCAGTGTA-1",0.117088952442462,0.0371095630082805,0.0285095657733103,0.0242326814390453,0.00022953709791352,0.792666215845589,0.000163484393399609
"CGGGAGTATACCGCCG-1",0.0967556184917202,0.211790868777279,0.1414994262191,0.0207433588836481,0.000380527081010785,0.528449673466231,0.000380527081010785
"CGGGATCAATGTAAGA-1",0.0850789552701958,0.0299713848977935,0.048359613539956,0.12214948249561,0.000172635820746704,0.714095292154951,0.000172635820746705
"CGGGCAGCTAAACCGC-1",0.000107562514380741,0.0267885580544967,0.0150901158297802,0.0795016705895217,0.000107562514380741,0.878295963138144,0.000108567359295821
"CGGGCCATAGCCGCAC-1",0.080651059415383,0.109724659902839,0.0266079179401057,0.000164799979037869,0.0126026983439802,0.759665209659376,0.0105836547592775
"CGGGCCTTCTTTGTAA-1",0.0277884552544798,0.132444331460133,0.0002402486585784,0.246434618266254,0.000240248658578401,0.534741168890241,0.0581109288117352
"CGGGTGTACCCATTTA-1",0.107932142913597,0.0592165963249832,0.00457234456572149,0.0346123483250377,0.000166045141806323,0.793334477587047,0.000166045141806322
"CGGGTTCGGCACGTAT-1",0.196821612910989,0.211024746596137,0.016577844907766,0.107665101666939,0.0207320288423041,0.446604633424472,0.000574031651391931
"CGGGTTGTAGCTTTGG-1",0.181379142836657,0.176879053662534,0.0224337774150626,0.0597724672910598,0.0253752393531315,0.53379647950223,0.000363839939325348
"CGGGTTTGTTAGGGCT-1",0.116134879007597,0.108482064550228,0.0218240710476176,0.0160328389494053,0.0186059331464494,0.65343962731686,0.0654805859818429
"CGGTACTAGAATCAAA-1",0.0222171330451257,0.0957028725604084,0.000167528255742508,0.0473679725591946,0.0456187324733342,0.728716126762489,0.0602096343437061
"CGGTAGAGGTGCAGGT-1",0.0286384589869838,0.0351682035090834,0.00793699361210442,0.0833223717386942,0.00525135587833699,0.696647532406038,0.143035083868759
"CGGTATAGGTATTAGC-1",0.0617480674380034,0.0555264354133199,0.0114940332501958,0.000240783880832492,0.000240783880832492,0.755869528297766,0.11488036783905
"CGGTCAAGTGGGAACC-1",0.0541127250028973,0.0567567105125403,0.00662333047878193,0.0644448688531806,0.00313605666919222,0.745399589357084,0.0695267191263242
"CGGTCCGTCGCAAGCC-1",0.193757780772459,0.181458748332082,0.0442922569843772,0.202535631287275,0.000339631731447598,0.377276319160911,0.000339631731447603
"CGGTCTATCAACCCGT-1",0.00906628842647467,0.052422444413014,0.00023728347683904,0.0309063523481934,0.000936881967814178,0.730904420625089,0.175526328742576
"CGGTGAAGACTAAAGT-1",0.0669715658747101,0.107340478828154,0.0390882669516688,0.0519813332163853,0.00016628409040496,0.734285786948272,0.00016628409040496
"CGGTGCAGATAGAACG-1",0.0382638210054404,0.110951761906875,0.00303197683791311,0.276776637472101,0.0459670072968201,0.524781100632485,0.000227694848365314
"CGGTGCGCGTTGGTCC-1",0.0270896408945879,0.00295406844245971,0.0634619177057345,0.884704146311199,0.0215497191180322,0.000120253763993183,0.000120253763993195
"CGGTGGGCTCCAGCCT-1",0.0517883874176003,0.109362968378397,0.000173214993454588,0.000173214993454588,0.0137613606003452,0.824567638623294,0.000173214993454588
"CGGTGTACTTGATCCC-1",0.164917844469992,0.047417367968917,0.00816882015648886,0.0348558516213114,0.0002519168296006,0.74413628212409,0.000251916829600604
"CGGTTATCCAACAGTG-1",0.101280581974097,0.081717274879576,0.000178115291584824,0.025360600055708,0.000178115291584823,0.791107197215864,0.000178115291584824
"CGGTTCAAGTAGGTGT-1",0.0232756605329492,0.0444977752200475,0.00382324893318418,0.0112445972041993,0.000166239705826673,0.88682577785884,0.0301667005449528
"CGGTTCCGGCTTCTTG-1",0.157471509593202,0.171580124337622,0.105568626462127,0.0227667374369692,0.00052816770272982,0.519627398508845,0.022457435958505
"CGGTTGACCTGGCATA-1",0.0444360796654224,0.0913150084495558,0.00891027026017142,0.0469512861737133,0.000163651184887814,0.808053924789217,0.000169779477031768
"CGGTTGAGTATCCTTC-1",7.64212814690938e-05,0.058481545379859,0.0269338648593829,0.86561311882594,0.0487422070904107,7.64212814690988e-05,7.64212814690927e-05
"CGGTTGGGTTCAAGTT-1",0.0587729898464966,0.039327468930294,0.00458094443357374,0.0260525922403843,0.000169335959213996,0.832164629631831,0.0389320389582068
"CGGTTTATGAAGGAAC-1",0.0532924707664051,0.139072000544184,0.0511028791000206,0.00816768153896719,0.0293905650489825,0.718723260337564,0.000251142663876594
"CGTAAACGCTTGAGTG-1",0.148133383986382,0.261397163349727,0.000524714415901981,0.0908932089302767,0.000524714415901981,0.357833633975221,0.140693180926589
"CGTAACTTCGACACTT-1",0.0391029155765209,0.0530305658450826,0.0175810962481444,0.579390753779697,0.00016405619016359,0.292162669402396,0.0185679429579958
"CGTACCTGATAGGCCT-1",0.0409209013942095,0.10771692713448,0.0122897035740366,0.166018832862686,0.000347573557278025,0.557593311663667,0.115112749813642
"CGTAGAGAGTAATTAT-1",0.0260074997172423,0.0358392411182027,0.000112143143622475,0.016808394933407,0.000112143143622472,0.890800032418718,0.0303205455251853
"CGTAGCGAATTGTCAG-1",0.0405779044935773,0.0555333399749273,0.0138615739352235,0.0778227894447613,0.012880577362916,0.792045284336684,0.00727853045191048
"CGTAGCGCCGACGTTG-1",0.0373917701414679,0.0539753832779269,0.00578096574250764,0.00367113569572756,0.0383412494328285,0.832222690407664,0.0286168053018775
"CGTATTAAGAGATCTA-1",0.0718316756050944,0.0384356929095738,0.0256320935968988,0.00208029398482335,0.020563535439967,0.808008650462146,0.0334480580014968
"CGTCAAGGCTATAAAT-1",0.128782608403107,0.204646097987832,0.0289733416156373,0.0950552019866085,0.000359751557417672,0.54182324689198,0.000359751557417666
"CGTCACGTCCATTGGT-1",0.000179382619083922,0.0774518436876173,0.00926007710007303,0.618851756806385,0.000179382619083922,0.293898174548672,0.000179382619083937
"CGTCAGTGCGCACAAG-1",0.0258263250709267,0.0429724881531333,0.0171565320092417,0.000931524378482058,0.000110433107229258,0.91286200066696,0.000140696614027264
"CGTCAGTTTATCGTCT-1",0.306375464800208,0.145508073118408,0.00023713176231668,0.0404416204456594,0.0101034308487597,0.488891281556897,0.00844299746775095
"CGTCATACCATATCCA-1",0.178778239266344,0.1001883521589,0.0196691002707592,0.0861664995605815,0.000237838714985751,0.614722131313444,0.000237838714985737
"CGTCGCATGTGAGCCA-1",0.0450943553193287,0.0834269398055309,0.00983696816675637,0.0532086145110252,0.00017631415274234,0.808080493891874,0.000176314152742338
"CGTCGCGGCGGGATTT-1",0.0233262882695473,0.337434523686428,0.0390141827974701,0.00944545198769397,0.000385408683253017,0.590008735892355,0.000385408683253019
"CGTCGCTTGGTTATAC-1",8.76567033521681e-05,0.0364108241503238,7.66726229502746e-05,0.963194828654523,7.66726229502725e-05,7.6672622950281e-05,7.66726229502748e-05
"CGTCGGATAGTGTTGA-1",0.0853239189437032,0.0893898312268056,0.0164065814678598,0.059181752277358,0.00025820513093861,0.749181505822396,0.000258205130938608
"CGTCGGGTCTAAGCGC-1",7.18101119169652e-05,0.02213508426263,0.025704698863925,0.940069446953371,7.18101119169666e-05,0.00011193965184574,0.0118352100443946
"CGTCGTCCTTCGCGAA-1",0.0242846883731155,0.129994771370555,0.0180052874203531,0.0660249945314118,0.000171695752531571,0.761346866799502,0.000171695752531571
"CGTCTGGAAGGGCCCG-1",0.0102935681592946,0.117913775358029,0.0129172090516463,0.110613037567929,0.0273063356423064,0.720651262518314,0.000304811702481562
"CGTGAAGTTAATTCAC-1",0.0269185446730104,0.190142544694353,0.0126480368965557,0.335038915413323,0.0257616207111979,0.409154252540323,0.000336085071237641
"CGTGACATTGGGTCGT-1",0.117556228010308,0.0687104468171236,0.0099055410722499,0.104780990991968,0.00707681591131467,0.622392765398332,0.0695772117987038
"CGTGACCAGTCCTCTG-1",0.0924465539297286,0.120029981677898,0.0211674849146406,0.181893335173879,0.000359231069240254,0.583744182165374,0.000359231069240278
"CGTGCAGACTGGGACA-1",0.0277731041641809,0.0285146418459801,0.038913761765958,0.061257420319033,0.000109999303885196,0.843321073297078,0.00010999930388521
"CGTGCATTGTCGACGC-1",0.00578223611867612,0.0715442366875958,0.0118395416269583,0.0656773022855618,0.000109562608426933,0.813575617660859,0.0314715030119218
"CGTGCCCGACATTTGT-1",0.148494793602486,0.20412023194739,0.00337995605090523,0.176509419645724,0.000785439495759346,0.380985931942858,0.085724227314877
"CGTGCCCTCCCGAAGA-1",0.0937904210588249,0.0483155029173713,0.000165467216547628,0.0244635131772162,0.000165467216547641,0.832934161196945,0.000165467216547632
"CGTGCTTCTACCTAAA-1",7.72258005476156e-05,0.129635101883764,7.72258005476068e-05,0.852578213788846,0.0174580993455641,9.69075801829055e-05,7.72258005476219e-05
"CGTGGCCGAATATCTA-1",0.0432215018744174,0.0346727316496719,0.00339129048146427,0.0045570771835687,0.00016550509781465,0.889089693473151,0.024902200239912
"CGTGGTACCCAAAGGC-1",0.0509446428037393,0.0532307569607442,0.0157278490663372,0.837263176809613,8.27649369089459e-05,0.0426680444857484,8.27649369089396e-05
"CGTGTCCCATTCGCGA-1",0.0177189223757516,0.00144571226796473,0.0591940512762703,0.156468584284107,0.000161756802629371,0.764848445246698,0.000162527746579349
"CGTGTCTCGTTACGAC-1",8.08039994239394e-05,0.0352780126290467,8.08039994239328e-05,0.964317967373834,8.08039994239361e-05,8.0803999423925e-05,8.0803999423934e-05
"CGTGTGTTAAACCCTG-1",0.0390986122782754,0.0798237119073908,0.000114071216303095,0.000114071216303095,0.000114071216303095,0.867761689617629,0.0129737725477951
"CGTTAAACTAGTTAGG-1",0.0163686161634486,0.0500065960700692,0.0108800133034622,0.0146964144838009,0.00324008713286375,0.794511308568617,0.110296964277739
"CGTTAATGTCCCGACG-1",0.0422083874225904,0.0511380557499601,0.000160026958993369,0.0307324300890828,0.00016002695899337,0.870949808915283,0.00465126390509739
"CGTTAGCTCACAACTG-1",0.0674065975995255,0.148830382631558,0.0288121499441504,0.0319563257183517,0.00025915947884525,0.722476225148724,0.000259159478845249
"CGTTCAGACCCGCGAA-1",0.12688075741005,0.0571270562478844,0.020597092634829,0.151677299446238,0.00023688179791536,0.643244030665167,0.000236881797915357
"CGTTCATGGTGCGCGT-1",0.0368984862447878,0.0343501170271064,0.00761245031273964,0.482454136581692,0.0430015059040289,0.395583936467078,9.93674625670929e-05
"CGTTCTTCGCACACCT-1",0.102944369485376,0.0959934172698137,0.00599496835442357,0.0246628972622147,0.000254977736056061,0.707712910073163,0.0624364598189529
"CGTTGAATACCGCGCT-1",0.0510975440903816,0.114165060054952,0.00936459651840548,0.0810382073960599,0.000172931385714104,0.743988729168772,0.000172931385714105
"CGTTGAGCGACCGTCG-1",0.0875869345375608,0.0526506265588855,0.000162162650235766,0.0397631726733009,0.000162162650235767,0.796575452365936,0.0230994885638453
"CGTTGAGTAATTGCGT-1",0.0575940408177589,0.0609161698644699,0.00305265004632829,0.0190995884928751,0.000168993672207719,0.75534161986889,0.10382693723747
"CGTTGCCCGCGTGGGA-1",0.0765602959333345,0.296587288744351,0.0215320309168943,0.423714182229638,0.000233516639975449,0.181139168895831,0.000233516639975439
"CGTTGTAAACGTCAGG-1",0.109658236170347,0.150252597397532,0.0372124081621932,0.0158856526111351,0.0110653436529529,0.675663894842293,0.000261867163546666
"CGTTGTAAGATTGATT-1",0.0622659883810807,0.0857873016128847,0.000167254362906847,0.0110339613688999,0.0107889311112271,0.823933852282346,0.00602271088065447
"CGTTGTCGGCAATTGA-1",0.0138205859670475,0.045693862874047,0.00516132608392204,0.0548793114038709,0.000163945933425773,0.770660487992937,0.10962047974475
"CGTTGTTTCAATTCCC-1",0.000152408977562343,0.0253890084380482,0.029947824976252,0.109155049038424,0.000152408977562343,0.77777021619154,0.0574330834006111
"CGTTTAAGCGGAGCAC-1",0.0741405320342737,0.0280706952616796,0.0360400848778564,0.0538404163770409,0.000265323956674668,0.8073776235358,0.00026532395667467
"CGTTTCACTTCGGGCG-1",0.0550588397765598,0.0480338595915321,0.00896362127377604,0.0168520676232741,0.000174855115736435,0.870741901503385,0.000174855115736427
"CGTTTCGCTCATTACA-1",0.17075158385421,0.0822693883331933,0.000237761704033883,0.0706963542384522,0.000237761704033878,0.669176044849538,0.0066311053165393
"CGTTTGTGTAGAGGGT-1",0.0594669926136916,0.0319596043996331,0.0147215114878291,0.870120716738872,8.20326497330439e-05,0.000119550247111443,0.0235295918631298
"CTAAACGGGTGTAATC-1",0.285084617416496,0.217087724851194,0.000568725490498883,0.0519833578725539,0.00056872549049888,0.426210050687086,0.0184967981916715
"CTAAAGAATGCCTACT-1",0.0462019696455192,0.0535001148932147,0.0133433147307432,0.0118738450772603,0.000103365225133459,0.874871811831578,0.000105578596551634
"CTAAAGGGAAATAGGA-1",0.0027104905632549,0.0528540064798898,0.019531308000209,0.104556775115856,0.0235322109750867,0.796637109442897,0.000178099422807339
"CTAAAGTCCGAAGCTA-1",0.155983948145996,0.122636267548751,0.0510233525504045,0.0314861405568397,0.000602243130047212,0.638012060232988,0.000255987834972967
"CTAAATCCGGTGTACA-1",7.72753689038876e-05,0.0721661346297353,0.0125498303871389,0.853050170651577,7.72753689038876e-05,0.045992778305331,0.0160865352884096
"CTAAATCCTATTCCGG-1",0.0229347511906415,0.0246930631911943,0.000333724308512528,0.0106871944765175,0.00016203942203851,0.941027187989057,0.000162039422038509
"CTAACCGCGCGCCCGT-1",0.0322546823071237,0.102132718662666,0.000109268141625331,0.0672355840562987,0.00010926814162533,0.798046394705446,0.000112083985215422
"CTAACGAAACTTGCTG-1",0.00536841115847022,0.0828407179756886,0.000182578377143553,0.0961394081162641,0.000182578377143553,0.815103727618146,0.000182578377143547
"CTAACTGATAATCGCC-1",0.0631364431079863,0.0575234624035172,0.0210971453962196,0.0339632405508197,0.012355204668929,0.811662509292465,0.000261994580063176
"CTAACTGGTCCGGTTC-1",0.0290673736007641,0.0568782274872272,0.00427256595559811,0.909385084235726,0.000119090659660817,0.000158567401362636,0.000119090659660816
"CTAAGGGAATGATTGG-1",0.0313853256109896,0.0669451339045634,0.000108711438340926,0.0266596402714779,0.000108711438340926,0.874665550939755,0.000126926396532113
"CTAAGTACAGGGCTAC-1",0.16766561227525,0.184006378791572,0.0141280844825587,0.0548771946637952,0.000550057733921414,0.518075502609166,0.0606971694437372
"CTAATTCGCACGCGCT-1",0.0750737514109238,0.162911233050474,0.00695540839222582,0.11666408477177,0.0291735595163556,0.580635171652652,0.0285867912055976
"CTAATTCTCAGATATT-1",0.0684299547007762,0.0527201291206745,0.000165633381585812,0.0159163092607569,0.0207684241129176,0.832799832453438,0.0091997169698514
"CTAATTTCAACAACAC-1",0.0214233336142647,0.162818292471011,0.000164317971895948,0.0568458265626884,0.000164317971895951,0.708374174172304,0.0502097372359403
"CTACAAGAAATAACCC-1",7.4720334903642e-05,0.0183589383844411,0.00260683642111998,0.978735343854824,7.47203349036411e-05,7.47203349036419e-05,7.4720334903643e-05
"CTACACTAGCTTGTTC-1",0.13631612920391,0.245885509193436,0.000259877869869814,0.000259877869869812,0.000259877869869811,0.562055547315928,0.0549631806771155
"CTACACTCGCAGATGG-1",0.106780258122782,0.107010036407074,0.0112777785520259,0.0199307277773367,0.0200943791055874,0.734660205997616,0.000246614037578681
"CTACATATCGCGGGAC-1",0.0474005453159942,0.176282008132251,0.00705056639228914,0.768873723644571,0.000129924498638745,0.000133307517616814,0.000129924498638742
"CTACCCTAAGGTCATA-1",0.000173275711283638,0.100278349048125,0.0121950402770972,0.0503539640375994,0.00274975719586199,0.816431438133035,0.0178181755969984
"CTACGAACTAGGTCGA-1",0.032314456520412,0.0931292122604742,0.000169817781398555,0.0113897002598102,0.0268847283245631,0.78832138002982,0.0477907048235221
"CTACGACTAGCTATAA-1",0.00489325148229524,0.0806172638142665,0.000159596172852134,0.067050208149689,0.0128313559673974,0.834242259707464,0.000206064706036185
"CTACGATCCTATCCTA-1",7.83268512912912e-05,0.111008086616065,0.00211490448939952,0.88656370148937,7.83268512912917e-05,7.8326851291301e-05,7.83268512912911e-05
"CTACGCACGGAGTACC-1",0.00015879878967125,0.110364058495551,0.0300439397100617,0.0711660632336419,0.0152404500340655,0.772867890947338,0.000158798789671258
"CTACGCCATTTCCGAT-1",0.0395846901934298,0.0612785604249628,0.000172018582901944,0.0413741453234809,0.0346315300106795,0.822787036881643,0.000172018582901943
"CTACGTGTTGCCACCA-1",0.138881860605073,0.0889243262359518,0.0492560284249037,0.000254565057238843,0.0183211920001056,0.704107462619488,0.000254565057238808
"CTACTATCATAGGTTT-1",0.0108894589408966,0.0986321956751618,0.00498387210057881,0.729849366379674,0.0717809616760026,0.0837543705453346,0.000109774682351432
"CTACTATCTTTCAGAG-1",0.0545047106186395,0.0862698601314565,0.00550874174888066,0.0192801281988399,0.046323546369339,0.78786710265584,0.000245910277004444
"CTACTCAAGGTATAGT-1",0.100029907296463,0.0944147012218837,0.0306686696063061,0.681753494261032,0.0775781611997568,0.0154398335785887,0.00011523283596927
"CTACTCTAGGCCCGGC-1",0.00072286727388227,0.0616685486165246,0.0187849623136711,0.0298422852590236,0.000168171761517971,0.839121348814825,0.0496918159605558
"CTACTGCCACCTGACC-1",0.0388382547972815,0.00868590704832573,0.000507740649780351,0.0307828199973982,0.000110757309224583,0.920941557293832,0.000132962904157613
"CTAGACATATATGTAG-1",0.105786407699306,0.216659752295033,0.031160802989837,0.0366109995421145,0.0613032911318583,0.527785784759718,0.0206929615821325
"CTAGACTGCATTTCGT-1",0.0790528852254919,0.0621054276907064,0.0202485572823551,0.0288439226051548,0.000175099225237295,0.809399008745817,0.000175099225237293
"CTAGATAAACTCCTCG-1",0.162579159163936,0.308499358315706,0.0298270345741949,0.00532970270375044,0.000543149457854371,0.451586033551218,0.0416355622333404
"CTAGATGTGAGTGTAA-1",0.0757157632141125,0.0374103833578906,0.00502595254342036,0.0137715834342023,0.00017357764407378,0.867729162162227,0.000173577644073779
"CTAGATTTACGACGGC-1",0.0282000652488794,0.0229436552023491,0.00360009190484385,0.0289609038869502,0.00234155115682297,0.897333676685898,0.0166200559142571
"CTAGCAACTAATTTAC-1",0.0693047195847631,0.0915388703276991,0.044491510977164,0.0930962499322068,0.0138308764695937,0.687459907346456,0.00027786536211692
"CTAGCATAGTATAATG-1",0.0859746881012369,0.0863740699891186,0.000243177992186341,0.186185412756073,0.0401044500728591,0.59954720717724,0.00157099391128653
"CTAGCCGATGTTATGA-1",0.0265716902087352,0.106637269437967,0.0295646988551162,0.023527979127999,0.000262320650335537,0.760779442750081,0.0526565989697654
"CTAGGCGCCCTATCAG-1",0.000170794421525538,0.0444342662135978,0.000170794421525538,0.0239698131472682,0.000170794421525539,0.930656722540788,0.000426814833769585
"CTAGGGATAGGGACAA-1",0.0594388088664784,0.140394043915163,0.00755000858649637,0.552431134573903,0.0314960463957152,0.208518671730974,0.000171285931270059
"CTAGGTCTGAAGGAAT-1",0.0624303191457117,0.0811644007251259,0.02413249873537,0.0505612701259373,0.00752340243691576,0.750150792634251,0.0240373161966888
"CTAGGTTCGGACGTGA-1",0.162776093712981,0.112023702704709,0.0243517512551708,0.0941344081604644,0.000341322552709995,0.544315868033538,0.0620568535804264
"CTAGTAGAAAGGGATT-1",0.066425044048648,0.0418256715823562,0.00733368103951314,0.0228980399496653,0.00989887532237629,0.783828121970629,0.0677905660868122
"CTAGTATTCGGAATTA-1",0.0217589337860393,0.0468328071557162,0.00703987837843323,0.158825366280013,0.000247220841060383,0.69077135005023,0.0745244435085078
"CTAGTCACGTCTTAAG-1",0.0701794088599493,0.0973951265001798,0.000158290971134716,0.139044464499089,0.000158290971134713,0.692906127227378,0.000158290971134726
"CTAGTGAAGGACAGGA-1",0.00254545194434637,0.0665302815969525,0.000115415038882748,0.0177688107714948,0.000115415038882748,0.885162730412893,0.0277618951965475
"CTAGTTACAACCCGGT-1",0.0379469582247043,0.0366804050667774,0.0102298147619263,0.0389635566530665,0.000102798140029502,0.875973669013467,0.000102798140029503
"CTAGTTGGGCCCGGTA-1",0.027148273541681,0.0583347458306896,0.000169332923350449,0.0854633462125551,0.000169332923350447,0.788207881673966,0.0405070868944074
"CTATAAGAGCCAATCG-1",0.0318266834965961,0.0567133894965712,0.00955247672246033,0.0118556228604112,0.000169437201305369,0.88971295302135,0.000169437201305368
"CTATAGGCGTTGATGT-1",0.171668697253534,0.0363488826781143,0.0445553354015601,0.745254408583938,0.0019430582980588,0.000114808892397411,0.000114808892397399
"CTATCGACGAAATACA-1",0.0395496195798214,0.0604072832033326,0.0229452663906374,0.0775037105710913,0.000171410683438161,0.799251298888241,0.000171410683438164
"CTATCGGGTCTCAACA-1",0.0514969440325906,0.0895517837174587,0.0261451024904346,0.056928564602462,0.0172683890923166,0.758452058538246,0.000157157526491737
"CTATGCCCGAATGCAA-1",0.0951755460532953,0.158096954329807,0.000258858144537681,0.17737437665184,0.000258858144537678,0.568576548531445,0.000258858144537682
"CTATGGGAAGCGGAAT-1",0.0421567076668357,0.0451770769645175,0.00428580691090655,0.0268729054688802,0.0529930673717044,0.828359183461798,0.000155252155358095
"CTATGTCACTAGCCCA-1",0.118544822297561,0.0237005428126118,0.00404782847017958,0.0690266884212395,0.000158460509158652,0.764732101538449,0.019789555950801
"CTATGTCTATTGAAAC-1",0.0792514464693707,0.0829741334012389,0.000171083608178016,0.0288211002581651,0.00378648531567568,0.776610875084104,0.028384875863268
"CTATGTGAGTCACGGC-1",0.221359718490493,0.09818920177289,0.00957631197912412,0.237267233218372,0.0588264336745308,0.374448399629133,0.000332701235456867
"CTATTCATGTGTCCCA-1",0.000240508457100908,0.263624342561488,0.000240508457100908,0.131212249445774,0.00543591198369367,0.599005970637741,0.000240508457100921
"CTATTGTGTTTGGTCA-1",0.0292780846746987,0.0310660991357653,0.0410533870132874,0.012404000007386,0.000165295034699056,0.8811675270876,0.00486560704656311
"CTATTTGCTTGGAGGA-1",0.0776493068535639,0.118483119669036,0.0192214136413277,0.336116233633086,0.0438127335816493,0.40435851853932,0.000358674082016307
"CTATTTGGTTACGGAT-1",0.0429246955209084,0.0793982518042488,0.00883320484825432,0.092043059270912,0.0141812038004257,0.762359557813602,0.000260026941648828
"CTCAAACCACTGCCCG-1",0.00848017551294528,0.120240769268929,0.00860047057887187,0.858979516718564,0.0033753297415121,0.000208173614644712,0.000115564564533038
"CTCAACTAACCCGGAT-1",0.0441889373295476,0.0901651028944527,0.0147086752266365,0.0483738228727686,0.000253318367382654,0.796042274856296,0.00626786845291612
"CTCAAGACATTAGCGC-1",0.0394668985977443,0.0746749376369554,0.000173186942626746,0.000173186942626746,0.000173186942626745,0.885165415994793,0.000173186942626744
"CTCACATTTACTAAAT-1",0.0721096210116537,0.107534679206236,0.0270651719269888,0.154832355747302,0.000246492931395711,0.637965186245028,0.000246492931395715
"CTCACTGTGATACTTA-1",0.137216784239818,0.14296724217384,0.000244376869034681,0.0689280775356755,0.000244376869034688,0.650154765443563,0.000244376869034681
"CTCACTTGGCTGGTAA-1",0.0654690384198477,0.109717177189752,0.0118198360105134,0.0848391159750635,0.000168288858373977,0.727818254688076,0.000168288858373976
"CTCAGGACTCACCTGT-1",0.0710811068621425,0.00912924585252718,0.0381505358614919,0.000154571350673255,0.0806972779657944,0.703884242505619,0.0969030196017519
"CTCAGTCACGACAAAT-1",0.000170274035585608,0.0967018719133995,0.00305782377127027,0.0303704216044508,0.0135699540314074,0.855959380608301,0.000170274035585608
"CTCATAAATGTGTATA-1",0.0493524246489771,0.0968147161418146,0.0517674328196658,0.0580239475862595,0.000255642342686192,0.74353019411791,0.000255642342686192
"CTCATGGCTCACAATC-1",0.000176195035341004,0.102363744857129,0.0132024274776219,0.0545025333112023,0.000176195035341003,0.829402709248024,0.000176195035341004
"CTCATGGTAATTTGCG-1",0.00019374343888834,0.106162388397274,0.0205385365360193,0.837585984887736,0.000193743438888343,0.0351318598623062,0.000193743438888336
"CTCATTGCTCTAACAA-1",0.0576643104477703,0.0981224512364737,0.00135155327146474,0.0250695297352353,0.000240330231358671,0.705925280948152,0.111626544129546
"CTCATTTGATGGGCGG-1",0.0741093299261973,0.110473432914961,0.000175944046392386,0.0681136432354316,0.000175944046392389,0.746775761784233,0.000175944046392403
"CTCCCAATGAGTCGCG-1",0.0911811532769433,0.0822053880093483,0.014947906291612,0.0512427195922191,0.0611132107661546,0.629642753483161,0.0696668685805613
"CTCCCTCCTTTCGATC-1",8.98391645386419e-05,0.0748733126782487,0.0337010390737333,0.877987786969316,7.59114412575539e-05,0.000210602055575461,0.0130615086173302
"CTCCGCCCACATGAGG-1",0.175016941168943,0.118546594098936,0.0518630376353771,0.507668918573755,0.000248132104010926,0.134364880232473,0.0122914961865057
"CTCCGGCCTAATATGC-1",0.0176394645357494,0.0445197714678056,0.00642161340478351,0.000160916609473807,0.000418345875463261,0.930678971497251,0.000160916609473808
"CTCCGGCTTGTAGACA-1",0.0369712772823863,0.0516914577623695,0.0129651655690575,0.000173867565597289,0.00406694055589184,0.893809817935851,0.000321473328846047
"CTCCTAAGTTATGTCT-1",0.0725986041161527,0.0605691157143888,0.0170799817466468,0.00628499748692552,0.000169109586113951,0.843129081763658,0.000169109586113955
"CTCCTCCAGCTCACAC-1",0.198360793279926,0.104643401621698,0.000243264786898283,0.267448897249512,0.000243264786898279,0.42881711348817,0.000243264786898284
"CTCCTGTTCAAGGCAG-1",0.176478803185062,0.199765716430222,0.0127749713551261,0.105228994010217,0.000353632832241504,0.478906383075696,0.0264914991114349
"CTCCTTTACGCAAGTC-1",0.0355619150550059,0.0519813650898658,0.00402704777041549,0.000166758416236343,0.000166758416236343,0.856256716115998,0.0518394391362419
"CTCGAATGGAACGTAT-1",0.07198038270565,0.0999223991879925,0.0115575943169549,0.0137448861900274,0.00565631533773879,0.745274447501319,0.0518639747603177
"CTCGAGGTCGAACAGT-1",0.00333034769043063,0.0615850672239171,0.0180363366696943,0.0185051644598581,0.000116183713715013,0.898308029125316,0.000118871117068312
"CTCGATATTTGCGAGC-1",0.00815335144784941,0.0563181595772162,0.0431356744702799,0.0130170581505279,0.017222358483715,0.775859081085447,0.0862943167849643
"CTCGCACCTATATAGT-1",0.0280145401647834,0.0671762072144693,0.000172481732028879,0.1576020997762,0.00017248173202888,0.746689707648461,0.000172481732028879
"CTCGCATTGCATAGCC-1",8.32702421613496e-05,0.0528622960352332,8.32702421613438e-05,0.94672135275396,8.32702421613479e-05,8.32702421613426e-05,8.32702421613459e-05
"CTCGCCGAATGTAGGG-1",0.0292074993986462,0.0641954389094662,0.000110323172572114,0.0184157525255155,0.000110323172572113,0.887850339648656,0.000110323172572114
"CTCGGGCATCGTCGGG-1",0.272417256740839,0.096361361178778,0.0412480302411799,0.000368109946678549,0.0320203540940536,0.547658882462413,0.00992600533605881
"CTCGGGTTCTCTGGCC-1",0.0537127782614224,0.14254908322798,0.0162956571180758,0.782588633884882,0.00462824909945291,0.000112799204093482,0.000112799204093486
"CTCGGTACCACTGCTC-1",0.0931164029034668,0.0713541721129527,0.02427377363818,0.0503891534821641,0.000247124029482039,0.730413314691053,0.0302060591427016
"CTCGGTCCGTAGCCTG-1",0.0666974042047165,0.0179245334691041,0.00480992536956136,0.0156366225100832,0.0189316164252498,0.834140977836227,0.041858920185058
"CTCGGTTGTCGGCCCT-1",0.000120919105085766,0.0545474260164654,0.0107118854562969,0.934257012106894,0.00012091910508576,0.000120919105085769,0.000120919105085767
"CTCGTCGAGGGCTCAT-1",0.000176685163312265,0.207045515651892,0.0149836988647558,0.739066693408748,0.038374036584667,0.000176685163312262,0.000176685163312266
"CTCGTTACGGCTACCA-1",0.0581670143354176,0.175355888860478,0.0334629622508054,0.528991379980128,0.000174794754039114,0.203673165065093,0.0001747947540391
"CTCGTTTCTAATGTTT-1",0.0582895153079742,0.0452014536291994,0.0147771031564756,0.00593601203252618,0.000159779021186965,0.875476357831451,0.000159779021186968
"CTCTAATGCATTGATC-1",0.0649120429495877,0.0656995008022072,0.00590144567619225,0.00024842349202173,0.00964855102384285,0.790446932761632,0.0631431032945166
"CTCTACACTGGCGATT-1",0.000238680385481471,0.0412782997606121,0.0471221828738158,0.2023089882947,0.000238680385481483,0.708574312762182,0.000238855537727442
"CTCTAGCCCTCGGAAA-1",0.0243239122859585,0.105395554280765,0.0305925450149693,0.028688541569007,0.000269186224171558,0.810461074400957,0.000269186224171558
"CTCTATTTGGCTGCAG-1",0.0353093656429595,0.0368631109586178,0.00575340139614916,0.0358762960658608,0.000158664876699693,0.885880496183013,0.000158664876699694
"CTCTCACAATCGATGA-1",0.011352637710314,0.0436242437751656,0.0102773218692349,0.0563609603916796,0.000149950271786379,0.761604066463266,0.116630819518553
"CTCTCGATGTGCGCCT-1",0.000163384536407653,0.0574341387529144,0.0237784466725127,0.042210901042609,0.00016338453640765,0.82984988123516,0.0463998632239885
"CTCTCTAACTGCCTAG-1",7.85409530493129e-05,0.0163891362631782,0.0315006131718672,0.917436895721486,0.0244904153100244,0.0100258576273454,7.85409530493056e-05
"CTCTGCGAAGCAAGCA-1",0.0166230907652246,0.129098115919077,0.00017748969339578,0.00017748969339578,0.000177489693395782,0.853562775308273,0.000183548927238448
"CTCTGGACGCCTGGTG-1",0.0528803475405256,0.076087876776025,0.00971140762217964,0.1992370270119,0.000243483913451818,0.661596373222466,0.000243483913451833
"CTCTGTTTGAGGATTC-1",0.0506785144478495,0.0937368380585118,0.0444335625219336,0.13175835065665,0.000264804009428159,0.678863126296199,0.00026480400942816
"CTCTTCTATTGACTGG-1",0.0190937973809136,0.0290646271407377,0.000954209715313724,0.000154932030131129,0.0328385365904941,0.791125076420342,0.126768820722067
"CTCTTCTGGAAGTTAG-1",7.65788632948409e-05,0.017195720550448,0.0653138792725777,0.917195652310272,7.27230011357014e-05,7.27230011356954e-05,7.27230011357029e-05
"CTGAAAGAGATCCGAC-1",0.0415161055750659,0.0282589109476504,0.0204083827149332,0.0130121559010078,0.000162907308139907,0.896476523949857,0.000165013603345884
"CTGAATCCGAGACCTC-1",0.0508318010189142,0.0542317954235203,0.00575558680725657,0.235735141503849,0.0378994621889267,0.615392067418763,0.000154145638770264
"CTGAATTTATTGCCAG-1",0.0315012812393666,0.144761544853106,0.00529908790616883,0.0219728350144909,0.00513861914390992,0.730083875677835,0.0612427561651231
"CTGACATAGAAATAGA-1",0.117602220173471,0.189936239442266,0.000344949858616397,0.130123753495559,0.053123707959435,0.501666737017245,0.00720239205340794
"CTGACTGCGCAGCTCG-1",0.0691675047156878,0.0839343783084519,0.0154447467915409,0.0399972604380907,0.00123726681734589,0.790045622544869,0.000173220384014231
"CTGAGAAAGTTCGGCG-1",0.183779494100692,0.0897926677190134,0.0132511808508826,0.000252125168627979,0.00025212516862798,0.658160825721041,0.0545115812711155
"CTGAGCAAGTAACAAG-1",0.0248853961041044,0.0438907488653699,0.000166210705623766,0.059352915895925,0.000166210705623766,0.831684983931549,0.0398535337918038
"CTGATAGTGTATCTCA-1",0.000264163005879173,0.0862644670619569,0.00893008653521533,0.0613268531658791,0.00026416300587917,0.803597175395097,0.0393530918300936
"CTGCAAATGGGCTCCA-1",0.127596319211391,0.178406395876618,0.000238837173901217,0.0892186057530069,0.0135129106080086,0.574212418470213,0.0168145129068618
"CTGCAAGCACGTTCCG-1",0.100542288282542,0.13497910757017,0.000494473471997248,0.0302108885952249,0.000255897363875412,0.66964550057102,0.0638718441451709
"CTGCACAACTACATAT-1",0.0760476622737464,0.0919105368130464,0.000169731835329133,0.0647460080935518,0.000169731835329132,0.72407617428985,0.0428801548591472
"CTGCACCTGGAACCGC-1",0.0114498640800287,0.0447471000080243,0.000163708061617768,0.0448028795524193,0.0121079011482061,0.886564839088086,0.000163708061617768
"CTGCACTCCAGTACAG-1",0.0236446642485743,0.150028976085086,0.0212763363113617,0.03450140828193,0.000166852928275774,0.770214909216496,0.000166852928275774
"CTGCAGAGAATCAGAG-1",0.154646564361859,0.0472992782141104,0.000251414951417951,0.0714776211944192,0.000251414951417952,0.7067224430088,0.0193512633179756
"CTGCCAAGGTTGGAAG-1",0.140067244869168,0.110935315715691,0.000241036879303,0.0743172049956371,0.000241036879303005,0.66426059635541,0.00993756430548796
"CTGCCATGCATCACAT-1",0.186204426248557,0.0961890009912379,0.0374018738981214,0.251988885019323,0.000350970547075831,0.42751387274861,0.000350970547075831
"CTGCCTAGCCACCAAG-1",0.00739693290937743,0.037122791639328,0.000170615064498016,0.0512896491875111,0.000170615064498017,0.903678781070289,0.000170615064498009
"CTGCCTTTAATACCTT-1",7.67762966343275e-05,0.0694470903123638,0.037426510302549,0.891793990123353,0.00108892734105211,8.99293274137827e-05,7.67762966343241e-05
"CTGCCTTTCTAGTAAA-1",0.03750864468173,0.0811519056633211,0.00390000209694813,0.0308065406304316,0.00017292537249841,0.806781344067818,0.0396786374872531
"CTGCGGGTGAAATGTT-1",0.0561649895918324,0.218081508259905,0.000391590883547257,0.0943771936059358,0.000391590883547257,0.610371480077841,0.0202216466973917
"CTGCGGTAGTCACGTG-1",0.0928218005083132,0.0646781899672511,0.0516232181910124,0.000178475409700857,0.000178475409700858,0.790341365104321,0.000178475409700854
"CTGCGTTACGATATAA-1",0.0147377658742518,0.0995006041756135,0.000172484447247803,0.0421271012095507,0.0016127615828209,0.80198323528975,0.0398660474207654
"CTGCTGAGGCCACGAA-1",0.0191474053596326,0.0460533918161311,7.63631558247326e-05,0.934493750200937,7.63631558247287e-05,7.6363155824745e-05,7.63631558247326e-05
"CTGCTGTCTAACGAGC-1",0.161055004602193,0.224794014114999,0.031935798720712,0.0262970265107352,0.000236729250324935,0.555444697550711,0.000236729250324934
"CTGCTTGGCGATAGCT-1",0.0960553221166139,0.110695372541505,0.000239150050265525,0.0862609382830016,0.000266327210442775,0.67533695210093,0.0311459376972409
"CTGCTTTATGTCCGCG-1",0.132730435386878,0.12229847301601,0.000529949161250996,0.0483213319357505,0.0155167568525153,0.462698044072221,0.217905009575374
"CTGGAAATGGATGCTT-1",0.0142392767885931,0.058026787652499,0.0161181967642017,0.11950852252875,0.000105307501614093,0.791896601262728,0.000105307501614097
"CTGGAAGACACGGTGG-1",0.0548268531971533,0.0749301280623734,0.0197561434607029,0.0925458269862313,0.000172581470226585,0.757595885353086,0.000172581470226585
"CTGGACGCAGTCCGGC-1",0.0188039010085982,0.0946797688312721,0.0771158261993234,0.55250777493085,0.0787092255400925,0.0520060615131984,0.126177441976666
"CTGGATTTACACTTGA-1",0.0791955296259552,0.150021712099955,0.0184508449588069,0.479055518649241,0.0605428142629587,0.212414174591555,0.000319405811528898
"CTGGCATCCGAATGAG-1",0.000109598497742433,0.0586109298262367,0.0286453207331379,0.722239821410964,0.0773854606679814,0.0791541713592555,0.0338546975046821
"CTGGCGACATAAGTCC-1",0.0335342043854601,0.0654305462952208,0.0297486320094032,0.00699704241109322,0.000253978637722916,0.737961590623793,0.126074005637307
"CTGGCGATTTACATGT-1",0.0449219119549301,0.204120438547215,0.00563854717224243,0.0311912602525685,0.0204258983191092,0.663550424235623,0.0301515195183116
"CTGGCGCACAGGTCTG-1",0.0504746506385074,0.183922126237519,0.01365315445848,0.0483010310201813,0.000245808847830726,0.703157419949651,0.000245808847830726
"CTGGCGGGAATAAGTA-1",0.0661487267209734,0.0691400300890469,0.0058663284833528,0.000111671130449749,0.000111671130449747,0.858509901315278,0.000111671130449746
"CTGGCTCCTGCGGGAT-1",0.0722641397382521,0.307688564213896,0.000384617823084152,0.0793850490950726,0.0130938335473056,0.445138473557562,0.0820453220248273
"CTGGCTGATTCATCCT-1",0.0131493715893298,0.0261134847675696,0.0123655735915137,0.0249037409974564,0.0346748853570735,0.881350649554896,0.00744229414216066
"CTGGCTGCTAACGTAA-1",0.0502335875212196,0.18707041969769,0.0297007022669325,0.000150303503470735,0.0200534743778904,0.712636091023158,0.000155421609639091
"CTGGCTGGTTGTCAGT-1",0.121147910687141,0.0175257921475631,0.000156645586094776,0.155743254710445,0.00904237521558872,0.681886375699143,0.0144976459540241
"CTGGGATAAATAATGG-1",0.0409796921805555,0.0752507383892083,0.00200584160022675,0.0649525334871028,0.000249819041279345,0.804655728236762,0.0119056470648657
"CTGGGATACGCTACCC-1",0.0622782983579788,0.0547765169005116,0.0197806276364243,0.0201905756144103,0.000164941746487927,0.784094090680644,0.0587149490635431
"CTGGGATCGCCCAGAT-1",0.281189264626035,0.0713019389484459,0.0615171344683647,0.0206843453943838,0.0177746385064539,0.425140471255534,0.122392206800783
"CTGGGCACTAGTCGGA-1",0.213875858274194,0.0982045743798836,0.0012242050343206,0.000367361836101284,0.000367361836101284,0.476725638190501,0.209235000448899
"CTGGGCCTGCTATATC-1",0.0157147075366561,0.0823192380628968,0.00898869393370581,0.160955313876319,0.000101305954116155,0.709625254322655,0.0222954863136518
"CTGGGCGGCCAAATGT-1",0.0717076180620499,0.163414493978132,0.00907807189816511,0.000256352805687795,0.000256352805687796,0.754180800283046,0.00110631016723072
"CTGGGTAGGCAGTTAA-1",0.100108945746707,0.0566055718119355,0.0133162132501221,0.0724663017543806,0.00026169059161908,0.756979586253617,0.000261690591619077
"CTGGGTTGAGTTAAAG-1",0.00019015425033649,0.258624334380291,0.0205940353774486,0.645730789090077,0.000190154250336488,0.0710431207836107,0.00362741186789962
"CTGGTAAAGTGTGGGC-1",0.17310313076864,0.160473218879234,0.000255336949317398,0.0456244964935399,0.0084263398025402,0.611862140157411,0.000255336949317399
"CTGGTAACACATAGAA-1",0.0553652624023219,0.0879577477727594,0.00275601795596267,0.0626390577240683,0.000178388310119062,0.79092513752465,0.000178388310119062
"CTGGTAACGAGCTCTT-1",0.10335951672326,0.0522294060087999,0.000173036521391812,0.0129790285697452,0.000173036521391816,0.830912939134019,0.000173036521391814
"CTGGTCATTCCAATCC-1",0.0675185229850096,0.00377497049712257,0.0335052053324284,0.00977265358301086,0.000220554683422284,0.496376682905264,0.388831410013742
"CTGGTCCTAACTTGGC-1",0.122735033639812,0.152751225589652,0.00496693278872954,0.0649715213193023,0.000386823150981244,0.621821760921523,0.032366702589999
"CTGGTGAATGGGCCTA-1",7.4418661282841e-05,0.0287167759236553,0.00613961035418883,0.964845939077025,7.44186612828409e-05,7.4418661282842e-05,7.44186612828557e-05
"CTGGTTCAACGCATCA-1",0.105998801687707,0.808336044134398,0.00012921899281414,0.0234252260953484,0.0295921968195851,0.0309193075597576,0.00159920471039031
"CTGGTTTCGAGCAAGA-1",0.052929894472091,0.0438413820949554,0.00579045837438542,0.0440395116169949,0.00436441525109805,0.788958541207563,0.060075796982912
"CTGTACTTCTTAGCAT-1",0.0228538023195416,0.177775631156586,0.0244219210228638,0.351583268084387,0.000242016039725257,0.422881345337172,0.000242016039725243
"CTGTAGCCATCTCACT-1",8.1599987944809e-05,0.0572531009865956,8.15999879448092e-05,0.864864488658963,8.15999879448039e-05,0.0775560104026621,8.15999879448077e-05
"CTGTAGTGAGGATCGA-1",0.0539988068826995,0.196724597454508,0.0270316797794701,0.634295415286486,0.000122785474162207,0.0849632635307961,0.00286345159187849
"CTGTATGGTGTAGAAA-1",0.0245821875136886,0.0563807809298775,0.0161407240756185,0.00586782499645076,0.0288557101725474,0.771864370617886,0.0963084016939306
"CTGTCAAATGGCTCGG-1",0.0550910257245917,0.0312624872461455,0.0315440963005999,0.0309040654278063,0.000168367002513054,0.791576626074663,0.0594533322236803
"CTGTCACGCCAGGCGC-1",0.0913440670235898,0.0926806023620187,0.0193183024530772,0.000180507933304862,0.000180507933304862,0.7961155043614,0.000180507933304862
"CTGTGCAGGGTAGGTC-1",0.0474387203016606,0.0576137879580458,0.00159721934100936,0.0806124249918852,0.000175816964798592,0.812381332210455,0.000180698232144911
"CTGTGGTCGGGAGATA-1",0.0593309338626824,0.11544378530223,0.0178344536488106,0.0392776240989127,0.0038639366676218,0.763991036029722,0.000258230390020797
"CTGTTACCCAATCTAG-1",0.263071699761553,0.0828685224462225,0.00788354788835055,0.382809555868017,0.000345041143310194,0.170815785389388,0.092205847503159
"CTGTTCACTGCCTGTG-1",0.0118264495884541,0.0615901381522537,0.0205507491502509,0.0432176812515822,0.000111426002936301,0.86257598533559,0.000127570518932353
"CTGTTCATCTCACGGG-1",0.133669421690917,0.0371456789977112,0.0310515148378064,0.0445468822730562,0.000176924370918696,0.753232653458671,0.000176924370918704
"CTGTTGTTCAGTCGTA-1",0.000117577336610634,0.0297189579212305,0.000117577336610641,0.969693155395716,0.00011757733661066,0.000117577336610648,0.000117577336610642
"CTTAACTTCGAAGTAC-1",0.0520014983606501,0.0602111524706894,0.011395662857777,0.0765287383569726,0.00026107623055438,0.799340795492802,0.00026107623055439
"CTTACACGGTATTCCA-1",0.0442494845993234,0.047195930887909,0.022075785474911,0.000103045819053929,0.0230294563583108,0.834523944892735,0.0288223519677566
"CTTACACTGGGAAATA-1",0.0192089570226223,0.0118710697578312,0.000156945821564388,0.000156945821564388,0.000156945821564389,0.805479389525222,0.162969746229632
"CTTAGCCTTCCACATG-1",0.0369844212150778,0.0542252181902871,0.0197086978700355,0.0366547008586948,0.00015910039865572,0.73952729177433,0.11274056969292
"CTTAGGTATAGACCAG-1",7.92784173512383e-05,0.111795970417506,0.00831590856630712,0.879571007346782,7.92784173512362e-05,7.92784173512502e-05,7.92784173512394e-05
"CTTAGTAGGCCTACAG-1",0.00445970075675005,0.0434971317301293,0.00413672906920397,0.0132856514735539,0.000174863828031596,0.9342710593143,0.000174863828031594
"CTTAGTGTAGTAGCAT-1",0.0355357316748202,0.0688926184296501,0.0144565383256,0.0605803428523266,0.0160520686768007,0.713765569676937,0.0907171303638653
"CTTAGTTGAGGAATCG-1",0.0364321112957291,0.108795863003784,0.0963886731204134,0.672534025124728,0.000111904773216259,0.0856255179089134,0.000111904773216258
"CTTATGCGCTCAGGGC-1",0.082149037080948,0.0334171789651026,0.000111376598934232,0.029683149097296,0.000111376598934233,0.853828834554393,0.000699047104391988
"CTTATGTTGACTACCA-1",0.0375596899546025,0.168097092874957,0.0123145402455362,0.00022767456472719,0.0473451481699925,0.521006278267221,0.213449575922963
"CTTCAACTCCACTTGG-1",0.0404331162796463,0.0269045963460614,0.00951302576121674,0.0384277138601616,0.0135408126281423,0.871011200810068,0.00016953431470372
"CTTCAGTGGTCGCCTA-1",0.000165347013422075,0.0685627144866161,0.0443365746863481,0.519339822796045,0.000165347013422075,0.367262766859159,0.000167427144988398
"CTTCATAGCTCAAGAA-1",0.000161847118651648,0.0152114325505518,0.0171918235073102,0.000161847118651649,0.0304748862530308,0.936636316333152,0.000161847118651641
"CTTCATTGTCAGTGGA-1",0.0254964782477872,0.104888517759577,0.0354351924874615,0.194241932255548,0.0476854012857401,0.591892912077246,0.000359565886640582
"CTTCCGCTCCGTGAAG-1",0.233756472472332,0.024969155000124,0.00524647171588964,0.691287690520252,0.0205294234701062,0.0240961622518167,0.000114624569479156
"CTTCCTGCATATTTAC-1",0.198805969348467,0.139082207346159,0.032898493899467,0.0419400839659666,0.000328068537580246,0.427298074254492,0.159647102647868
"CTTCGGCCAATTGTTT-1",0.046448916396892,0.0290801198647227,0.00686421572608091,0.0304162540070838,0.000163389485660511,0.820634124446114,0.0663929800734457
"CTTCGTAGATAGGTGA-1",0.129478902553566,0.0843536621485816,0.000224656991057574,0.159728225688734,0.000224656991057574,0.607098890111363,0.0188910055156411
"CTTCGTGCCCGCATCG-1",0.0428382198051627,0.20909592140488,0.0644359529390537,0.00024650288367687,0.000246502883676871,0.682890397199873,0.000246502883676871
"CTTCTATGTTGAAGTA-1",0.228969263660677,0.0859836428017855,0.0252075480367654,0.546440254034338,0.0170185338517819,0.0621569749848818,0.0342237826297708
"CTTCTATTAATGCTAG-1",0.0856278331971686,0.0918884503530589,0.0176467822523643,0.794631752201768,0.00995453350323718,0.000133270074504755,0.000117378417897998
"CTTCTGGGCGTACCTA-1",0.0716646636978982,0.260982391904376,0.0287892363670882,0.561113692168752,0.0576340226000003,0.0196509842824044,0.000165008979481444
"CTTCTTACGTCGTATA-1",0.0500439975008543,0.0638767481707795,0.000252816419754066,0.0997783748331169,0.000252816419754066,0.750716921147487,0.0350783255082539
"CTTGACCCGAAAGATA-1",0.0476728471005874,0.101962835842666,0.000171272087131809,0.028957445756011,0.000171272087131812,0.788519642043293,0.0325446850831787
"CTTGAGTTAGGGTAAT-1",0.0936546127595254,0.0474804794957146,0.0261637515001376,0.02085278298532,0.0118818206642205,0.751062006376085,0.0489045462189968
"CTTGCCCAGGCTCTAC-1",0.173401595432344,0.0846270696211308,0.000230561252043436,0.278262255721988,0.00724426094501306,0.44953389642041,0.00670036060707105
"CTTGGCCAAGCTGGGA-1",0.023700112146718,0.197873801569714,0.0825903360709039,0.159377973252016,0.100656071287806,0.433135743177747,0.00266596249509585
"CTTGTACTTGTTGACT-1",0.0167358074729448,0.0450076276009855,0.011307689249354,0.00361352181037275,0.000105815319419266,0.923041133408038,0.000188405138885241
"CTTGTCAACATTCGAG-1",0.0807609925059379,0.0543366833786116,0.0224013246493356,0.0587077229633418,0.000162456390911835,0.783468363720949,0.000162456390911832
"CTTGTCGTACGTGTCA-1",0.0981190801640984,0.136841273798458,0.0061813605496944,0.000103420477770959,0.0199888003092643,0.7230472317753,0.0157188329254138
"CTTGTGAGGACAGCGG-1",0.152308761765383,0.133642288448252,0.01823668840333,0.000238293319868087,0.000238293319868088,0.66865056859194,0.0266851061513585
"CTTGTGAGTCTTTGAC-1",0.184717462022247,0.0558706421872924,0.000321252770336293,0.00454160048189938,0.155599214813475,0.51442208666357,0.0845277410611799
"CTTGTGCTCACCGATT-1",0.0745976733198482,0.0881011232375932,0.000181584471907313,0.0520000317813035,0.000181584471907315,0.784756418245533,0.000181584471907313
"CTTGTTGCTGAGTCAA-1",0.0452751240406411,0.0419801581620517,0.0202416246081985,0.0640422631526734,0.000261549397405644,0.827937731241624,0.000261549397405644
"CTTGTTTATGTAGCCA-1",0.141201153217373,0.195186893901491,0.00709698657596022,0.0140962434464188,0.000237788878253078,0.604904507207336,0.0372764267731675
"CTTTAACTTTCAAAGG-1",0.000109735174257252,0.0307291704786362,0.0079204671919666,0.0462786715255175,0.00010973517425725,0.914737073439005,0.00011514701636026
"CTTTAATATTGGTCGA-1",0.0500455143594094,0.0917653588578361,0.000170729546890983,0.0899887883403853,0.00775363473107718,0.76010524461751,0.000170729546890986
"CTTTACCGAATAGTAG-1",0.113442041210596,0.055010744892926,0.000838363121924748,0.025876821645361,0.000156563777257572,0.804508251388951,0.000167213962983011
"CTTTAGGAACACTGTT-1",0.00741407826671133,0.0235436938731412,0.00316350454347261,0.0229426680449699,0.00959542412373983,0.93317688247218,0.000163748675785366
"CTTTAGTGCTATTATT-1",0.000105189914993236,0.0610263100857263,0.0146841612471091,0.096832928863803,0.000105189914993235,0.827141030058382,0.00010518991499322
"CTTTCTGTGCGGGCTT-1",0.0395480259716085,0.101387831571703,0.0102453058477106,0.0791535073518156,0.000172004103424117,0.769321321050314,0.000172004103424118
"CTTTGAAACATATTCC-1",0.230211404173231,0.163214622960741,0.027855878145186,0.000363708177042768,0.000363708177042769,0.522558264133692,0.0554324142330653
"CTTTGCATCGCTCTTG-1",0.0990074295714663,0.124746181700253,0.00747548699478074,0.0548409560228717,0.00024445397641057,0.692262752880944,0.0214227388532743
"CTTTGGCGCTTTATAC-1",0.066179682892175,0.109376155767314,0.000244240724941519,0.148060454485784,0.000244240724941514,0.675650984679902,0.000244240724941521
"CTTTGGCTTTAGTAAA-1",0.0413679108086286,0.077125184942209,0.000175046762844323,0.0485233770800464,0.000175046762844317,0.766755589891345,0.0658778437520829
"CTTTGGGATTGTTGCA-1",0.000115244077612093,0.0461705725539971,0.000115244077612092,0.647748155665496,0.000115244077612092,0.305620295470058,0.000115244077612091
"CTTTGTCGAATGCTCC-1",0.0363654374477185,0.113336692798099,0.0393686327631039,0.810697806112667,7.71436261374607e-05,7.71436261374572e-05,7.71436261374597e-05
"GAAACAGATGACCACC-1",0.0641755608986554,0.0382087865565583,0.0354694573875804,0.0376807918675148,0.00518812278669742,0.819020664508776,0.000256615994217305
"GAAACAGCCATGCAGT-1",0.0666825536563597,0.0162575659896803,0.000182270241734728,0.0819939632500486,0.0127393316961672,0.821962044924275,0.00018227024173473
"GAAACATAGGAAACAG-1",0.000113889474974706,0.0416518053480038,0.000113889474974707,0.957778747277123,0.000113889474974706,0.000113889474974711,0.000113889474974706
"GAAACCATGGTGCGCT-1",0.0546233768479946,0.0403458734881719,0.00526725794903546,0.000168429429425715,0.000168429429425716,0.888737077147659,0.0106895557082878
"GAAACCGAATTACCTT-1",0.0756402082235503,0.0988700545445416,0.00506256923147652,0.498777397055459,0.0342654237270046,0.28714982794401,0.000234519273958239
"GAAACCTATACAAATG-1",0.105084170298646,0.0424301979397902,0.00952234049624818,0.632368278462348,0.000171825717365284,0.210251361368237,0.000171825717365279
"GAAACTCGTGCGATGC-1",0.0353338633622455,0.14498634996885,0.0175472379253822,0.065870800833983,0.00026992610867128,0.735721895692197,0.000269926108671288
"GAAACTCTAATGAAGG-1",0.0706240006935887,0.0410656307985406,0.010414361554253,0.0639739993398979,0.000178307271416449,0.813565393070887,0.000178307271416444
"GAAAGAACAGCGTTAT-1",0.0366927306204777,0.0760059725946921,0.00544574600282455,0.000175270495007493,0.0339765285874049,0.847528481204586,0.000175270495007493
"GAAAGCAGTGCACTTT-1",0.0675697722548414,0.014197147399064,0.000165569375377612,0.595368987363853,0.011958716193165,0.310574238038321,0.000165569375377607
"GAAAGCCCTTTGGACC-1",0.0388226458284899,0.102560885794004,0.000172661454603199,0.110125018848678,0.0001726614546032,0.747973465165018,0.000172661454603201
"GAAAGTGACTAACTGC-1",0.049682293921327,0.0701093187581174,0.000167207048704537,0.0467313815934344,0.000167207048704538,0.832137682677072,0.00100490895263978
"GAAATACCTGCTGGCT-1",0.067232211267905,0.0432389231350643,0.016867333979637,0.0030577519635306,0.000171990194580694,0.777370413280045,0.0920613761792369
"GAAATACTAAACGTTT-1",0.0097349048143707,0.0415494395485304,0.00603096829130849,0.0810722569896754,0.00611550599442085,0.85523862907335,0.000258295288344122
"GAAATATCACCATCAG-1",0.206538812029671,0.131860749999154,0.000255070650373781,0.0596972904884935,0.000255070650373782,0.60113793553156,0.000255070650373781
"GAAATATGCTTGAATG-1",0.106337567160954,0.122150461334507,0.000267617353986227,0.0232077619204897,0.0102759462752967,0.73749302860078,0.000267617353986227
"GAAATCGCGCGCAACT-1",0.0276018283048402,0.0363698836109149,0.0163955701976646,0.059516201026568,0.0187635765085689,0.841196067816725,0.000156872534718986
"GAAATGGCGGTGTTAG-1",0.0459572855093611,0.0501832819711764,0.0105110034551903,0.00520692141679494,0.000103968141053279,0.887933571365371,0.00010396814105328
"GAAATGGGATGTAAAC-1",0.252278475825692,0.159295480701121,0.0260431761176122,0.0935522843256322,0.0304149731905673,0.41646713333971,0.021948476499665
"GAAATTAGCACGGATA-1",0.0147026796711172,0.0755840449276648,0.026211685548874,0.0474414169157936,0.000171990718136817,0.835716191500277,0.000171990718136817
"GAAATTCACATCGCTG-1",0.0894086811719938,0.0868024278336638,0.00453158780510774,0.0363937253844482,0.000241618888141012,0.756923796912413,0.0256981620042329
"GAAATTGTCTCTATAA-1",0.0902941997502244,0.0989663105478564,0.0141357509782438,0.641045384381384,0.000180678864171553,0.154154434864957,0.0012232406131631
"GAACAACTGGGATGAA-1",0.0504017618292194,0.142665520328375,0.000262036790230382,0.0534815408663225,0.000262036790230382,0.747031090785243,0.00589601261037937
"GAACACACATCAACCA-1",0.0380750412379466,0.0189116721367207,0.000104546985265435,0.0379161291215221,0.00325565925178272,0.846528669397498,0.0552082818692645
"GAACAGATTACTAAAT-1",0.08796098792702,0.0440084036806198,0.000166894300109085,0.0682690427155438,0.00016689430010908,0.799260882776489,0.000166894300109084
"GAACCATCTGGGAGAC-1",0.377063027368152,0.105688039129805,0.000239965887862266,0.000239965887862256,0.000239965887862256,0.474644954392307,0.0418840814461496
"GAACCCTCTGTGTTCT-1",0.0899001478876379,0.0874814170156982,0.00306108190599538,0.0217193176986334,0.000158148835228834,0.797521737821577,0.000158148835228834
"GAACCTCGACCTACAC-1",0.0702920890079438,0.129471820496217,0.000267132190165727,0.0574407727173676,0.0391998231227221,0.703061230275418,0.000267132190165733
"GAACCTTTAACGATCC-1",0.069100533627307,0.0650715908371492,0.0107229295831519,0.0654449790528827,0.000162770854245355,0.789334425191019,0.000162770854245356
"GAACGACCGAATGATA-1",0.000104291075666261,0.00863281165768964,0.000104291075666262,0.111288042618965,0.000104291075666262,0.879660674475894,0.000105598020452247
"GAACGCGGGTCACACG-1",0.0967788417374914,0.114347635326713,0.0187573121653672,0.000248068316052975,0.000248068316052975,0.744827277762698,0.0247927963756243
"GAACGTCTCATGGTCG-1",0.0040224715586017,0.0338575658360713,0.00180273846642047,0.0112331762701961,0.000163793715752822,0.948756460437205,0.000163793715752822
"GAACGTTAGGAAGACG-1",0.0161611961012641,0.10002465784686,0.0154386337554564,0.026411140847392,0.0145174442121334,0.816508838939819,0.0109380882970751
"GAACTGTGGAGAGACA-1",0.0810364364216365,0.0872832304000799,0.0186266721967506,0.244700187978031,0.000247171624251194,0.567859129755,0.000247171624251193
"GAACTTAGCGCCCGGT-1",0.160382243638868,0.163246471211077,0.0111760925804659,0.00372473170269788,0.018085632147793,0.612743148251923,0.030641680467175
"GAAGAAACGATATTGT-1",0.000122758305445929,0.148961112494498,0.0730608356816187,0.777487018602099,0.000122758305445928,0.000122758305445925,0.000122758305445929
"GAAGAACGGTGCAGGT-1",0.111619790684863,0.0669799101717564,0.0346149919878892,0.000793250713611436,0.0364528201014278,0.707633680998004,0.0419055553424483
"GAAGACTTCAATGCCG-1",0.0134357746829347,0.0502263568561084,0.000160049292803865,0.0111903386482617,0.0564175384615328,0.868409892765555,0.000160049292803861
"GAAGCAAGGCAATGTT-1",0.0369292770583167,0.343164363467184,0.0182627321469397,0.0222709443934897,0.000154456820731314,0.579063769292607,0.000154456820731315
"GAAGCCACTGATTATG-1",0.0538228697753065,0.0662617925447632,0.0219402161377422,0.165034772561597,0.000163945951591453,0.692612457077409,0.000163945951591455
"GAAGCCTGCACATTCC-1",0.0989976212415877,0.108211208762431,0.000165339668900452,0.110515160083894,0.000165339668900447,0.681779990905386,0.00016533966890045
"GAAGCGTGAGGAATTT-1",0.0627638385093377,0.122087683874151,0.00436219883130685,0.144678048363355,0.00024109510993573,0.615586223671249,0.0502809116406649
"GAAGCTCGGACCCGTC-1",0.00013379048008109,0.0561290219236387,0.0110216963485143,0.886721116994101,0.0457731902133234,0.000110592020170706,0.000110592020170707
"GAAGCTTGCTGACCGC-1",0.0660192994687808,0.122290115034085,0.0133399391387185,0.0793547384777219,0.000261042159326113,0.718473823562041,0.000261042159326117
"GAAGGACTAAATTGAA-1",0.118409444884307,0.184727331495007,0.0065356765329946,0.0611583699352416,0.0441242484871514,0.584684607795855,0.000360320869443109
"GAAGGAGTCGAGTGCG-1",0.086804075470587,0.066907790038915,0.0169111828260793,0.0861271742184574,0.0123758477704092,0.725551307855717,0.00532262181983534
"GAAGGGCATAACCATG-1",0.0900792686486504,0.17635739130618,0.0425660089597258,0.0252219825289156,0.000244962104403582,0.665285424347721,0.000244962104403578
"GAAGTCAGTTGCACTA-1",0.127155898418752,0.207261222379698,0.0354684273779217,0.111582911139122,0.00036890002378886,0.517793740636928,0.00036890002378886
"GAAGTCTCCCTAGCGA-1",0.0320091332409293,0.101560537309246,0.000258105412870451,0.0122781305718098,0.0209079624084713,0.782025273280349,0.0509608577763243
"GAAGTGATTTATCGTG-1",0.0927196399935532,0.0704993035893364,0.000233108473261456,0.348862454426129,0.000233108473261457,0.487219276571197,0.000233108473261457
"GAAGTGCTGGATAGCT-1",0.00253134222499563,0.0145372453861226,0.000166197929024182,0.000166197929024183,0.000166197929024182,0.937318403496792,0.0451144151050169
"GAAGTTTCCACTCAAT-1",0.055663953297738,0.100871095703243,0.0432344609701094,0.190725762990467,0.000240486043644338,0.591401327578427,0.0178629134163706
"GAATAGACGCGACCCA-1",0.0487677270101667,0.0641376597504112,0.0161404535223075,0.0281273077795993,0.000180948026529867,0.842464955884456,0.000180948026529868
"GAATAGCATTTAGGGT-1",0.0246020979703934,0.0912941535620968,0.00610851554443048,0.000163913110468705,0.0109533802558175,0.865626123325599,0.00125181623119444
"GAATAGCCCTGCGGTC-1",0.111157723226696,0.126363249784544,0.014415976235903,0.0253367176514935,0.034964465685562,0.687499659191071,0.000262208224729598
"GAATAGTGCTCGATTA-1",0.061306714304797,0.0229976525056664,7.26889138553263e-05,0.91435156621159,0.00112600023638069,7.26889138553331e-05,7.26889138553308e-05
"GAATATTCGGAGTCCC-1",0.0610094141190707,0.0880571940912895,0.000257947366780507,0.101409121069741,0.000257947366780505,0.721689625160231,0.0273187508261065
"GAATCGACATGGTCAC-1",0.0255982421231996,0.0398239571125485,0.0107032868413995,0.0253010977069781,0.000164924549883619,0.898243567116107,0.000164924549883615
"GAATCGCCGGACACGG-1",0.0643663482524387,0.0389102199259004,0.00804205490009058,0.000163569306888314,0.000208927123325722,0.858240667908665,0.0300682125826916
"GAATCTATACTCGGAC-1",0.0364100998830564,0.0750193990209858,0.00523290932893293,0.000171596960968128,0.000171596960968127,0.762848780617727,0.120145617227362
"GAATCTGAACATTCTC-1",0.0412885529007971,0.108948912091888,0.00023042651018042,0.348475070223382,0.00023042651018042,0.459836997957071,0.0409896138065014
"GAATGCCGAAATGACC-1",0.0579209521935402,0.104565092166716,0.0282385312743981,0.01775986020404,0.000165793385560459,0.788151739804945,0.00319803097080085
"GAATGCGAATCGGTTC-1",0.039388558358884,0.134117673789701,0.0062169289458256,0.0929511058830999,0.000157204916192334,0.633005997702655,0.0941625304036423
"GAATGTATGGCAGGTC-1",0.0533545957155831,0.10104645759843,0.00286179730388956,0.00929688124127288,0.000254176514731802,0.787610806310778,0.0455752853153144
"GAATGTGGTCCGGATT-1",0.0817390093881745,0.0800201722326821,0.0139752004221984,0.111456138931986,0.00024182886189699,0.712325821301165,0.000241828861896989
"GAATGTTGGGTAATCT-1",0.113608396270122,0.113941839584982,0.0155190511207845,0.0549815017099106,0.000245310123300007,0.701458591067601,0.000245310123300005
"GAATTATAGTGAAAGG-1",0.0358286095881568,0.0355333930963255,0.0125637997548213,0.0661111498308774,0.000111725003926729,0.849739597721965,0.000111725003926731
"GAATTCACCCGGGTGT-1",0.000159322015363709,0.0198063066062182,0.000159322015363709,0.602263930175228,0.00015932201536371,0.344188834227413,0.0332629629450501
"GAATTTCTCGCTGCAG-1",0.0288055879485543,0.118805676836114,0.00279888282728917,0.0831244973334267,0.000263476143436754,0.765938402767743,0.000263476143436754
"GACAAACATATGCAGG-1",0.0401477299087846,0.150470456368885,0.000293150898357797,0.0350714283629469,0.00025909701647981,0.773499040428066,0.000259097016479804
"GACAACGACCATTGAA-1",0.155842605516893,0.080403927968846,0.000347884804159339,0.212736732918023,0.0420106367978459,0.508310327190073,0.000347884804159337
"GACAACGCAGCTTACG-1",0.0400900884754671,0.0205309541568218,0.0135313645514879,0.0238421150156544,0.000165643645632948,0.901672739472721,0.000167094682214638
"GACAAGAGATGAGATT-1",0.263104262647029,0.190282462697573,0.0324595579622767,0.0603963657929282,0.0644323646457691,0.388786714542337,0.000538271712087068
"GACACAAGGGAAGAAA-1",0.0859026209279529,0.0507672974574558,0.0256632274412745,0.171666916055745,0.000248572291804132,0.665502793533963,0.000248572291804132
"GACACGAGTTAGAGGA-1",0.0333445446196907,0.0978796012755312,0.0125222038222107,0.0637316823344258,0.000166855518990245,0.772630283930159,0.019724828498992
"GACACTGAGTTCAGTG-1",0.000141958638131918,0.124753676018951,0.082423249397109,0.676924305780189,0.0581663467025564,0.0574737493812812,0.000116714081781277
"GACACTGGAACCCGAT-1",0.0658613409008013,0.0436452199013195,0.0169881730288718,0.000161385987920884,0.0163145512063825,0.784832470393501,0.0721968585812027
"GACAGATTTCTGGCTC-1",0.0868432027815721,0.0847313950730971,0.00641001320604267,0.038262025238527,0.000158097278896897,0.783437169142967,0.000158097278896893
"GACAGCCAGACCTGAC-1",0.156182092630131,0.0442030729137316,0.0115435635302524,0.0676737925158295,0.000171824096777498,0.7200538302165,0.00017182409677751
"GACAGGCACACACTAT-1",0.0653100271932746,0.153083594943767,0.000394964877138434,0.222004145069012,0.000866622434442157,0.557945680605228,0.00039496487713843
"GACATCCGTCGAACTG-1",0.0529338450312389,0.08147016441325,0.0374429686179559,0.0779384023608049,0.000241494610586435,0.637029558912889,0.112943566053275
"GACATCGATTTATAAC-1",0.00633889478458542,0.0958909169374128,0.039511753264791,0.792368216187027,0.00613424660765562,0.0412941719982523,0.0184618002202759
"GACCAAACGTTGACTG-1",0.0539815125528251,0.116554182487677,0.0187521081074253,0.000157840444121965,0.000157840444121966,0.80871660125651,0.00167991470731847
"GACCAGAGCCCTGTAG-1",0.0767414036855848,0.0755879168314014,0.00923954835814287,0.176551447397229,0.000239078993794895,0.661401525740052,0.000239078993794895
"GACCAGGTCATTCATA-1",0.083230399037857,0.118834546844166,0.00541445151153387,0.0282035213181174,0.00318418669990798,0.658706698499485,0.102426196088933
"GACCCAATTATGATAC-1",0.0568673571529468,0.107138087993294,0.0341317446012785,0.76397016049494,0.0375969463346367,0.000177304170881218,0.000118399252022062
"GACCCGTCGCCGGCTA-1",0.0491464716952287,0.0753922808560585,0.000183116868304947,0.000183116868304947,0.000183116868304947,0.874728779975493,0.00018311686830495
"GACCGACGTGAAAGCA-1",0.0667615951985254,0.145417421744522,0.0238399262333753,0.0394926171511109,0.000249296026016386,0.706793882916941,0.0174452607295088
"GACCGACTGAAGCGTC-1",0.00523981144627415,0.139387819814485,0.000162325839057724,0.0615530483774179,0.00369982026821313,0.762020260132273,0.0279369141222792
"GACCGATTAAATATGT-1",7.57254892254576e-05,0.0541382595614955,7.57254892254612e-05,0.945483112992377,7.57254892254612e-05,7.57254892254658e-05,7.57254892254616e-05
"GACCGCGTCTGACGTG-1",0.0199334714533891,0.0491896308818131,0.000106618024872448,0.0034485875591078,0.0269501469705535,0.846364098160388,0.0540074469498758
"GACCGTCAGGTCGTGA-1",0.0316626224149013,0.0292043894395732,0.0441194408677765,0.0528812810133849,0.000256728776791849,0.735613525772476,0.106262011715097
"GACCGTGCTGACGGTG-1",0.000239654217423635,0.0842268941791706,0.0170457527276622,0.546213519187366,0.000239654217423635,0.290087669820813,0.0619468556501399
"GACCTTCCACGTCTAC-1",0.120984134188264,0.106079937740702,0.00810158390132624,0.118568846154202,0.000357633651037052,0.566544451040023,0.0793634133244446
"GACGACGATCCGCGTT-1",0.0384626743803702,0.0624292434909785,0.00998192788947412,0.0237780759094168,0.0148016040951191,0.772618608330532,0.077927865904109
"GACGAGGCTAATAAAC-1",0.0415176264688049,0.0600980240674644,0.016825176166309,0.0621637935330154,0.000164601868348008,0.787148604861218,0.0320821730348406
"GACGCATACCCGTCGG-1",7.22896770464699e-05,0.0179766572481128,0.0290652140012108,0.95266897004249,7.22896770464676e-05,7.22896770464877e-05,7.22896770464624e-05
"GACGCCGTAAAGGCTA-1",0.119444654340841,0.102989372940366,0.00915045195291694,0.362263064217835,0.0117260723907512,0.394084511206349,0.000341872950940438
"GACGCCTGTTGCAGGG-1",0.0293287660661605,0.0403867655132582,0.000164996551574726,0.000164996551574728,0.0750792398227186,0.854696787132232,0.000178448362480889
"GACGCTTGCTTCTAAA-1",0.079492469833787,0.160283263573806,0.107722816025487,0.113975189444378,0.000381556087877834,0.537763148946786,0.000381556087877826
"GACGGACCGCGTTCCT-1",0.0829333804700073,0.0454716569015398,0.00479232470878714,0.00259669092299621,0.000158559225155104,0.806206822718065,0.05784056505345
"GACGGGATGTCTTATG-1",0.113457749575083,0.200988586324208,0.000249267452807078,0.00644439686993251,0.000249267452807077,0.678361464872356,0.000249267452807083
"GACGGGTTGGCCCGTA-1",0.287743917188213,0.150100108922846,0.0371115212378334,0.339786073876076,0.000349425742970037,0.184559527289092,0.000349425742970044
"GACGGTCAATAGAAGC-1",0.0902562808123022,0.0958448862587374,0.0426965955879853,0.0183116379582043,0.000249542725965474,0.75239151393084,0.000249542725965484
"GACGTGAGACTCCATG-1",0.27724975480739,0.10312413972061,0.000330357236245888,0.0573314294136697,0.0400672764802863,0.416127933857335,0.105769108484463
"GACTAACACAGCACCT-1",0.0828526143199603,0.204606418525663,0.0201382437008241,0.0149347394164081,0.00127640489112953,0.675941159850559,0.000250419295455824
"GACTAAGATCATGCAC-1",0.0679532446846482,0.0406872953443959,0.000109778874672466,0.0339422442234054,0.00133962873749117,0.855858029260714,0.000109778874672466
"GACTAAGTAGGCTCAC-1",0.0790272043285002,0.0522515588299301,0.00518882985165014,0.0221931262178611,0.000159754404836086,0.756227307430267,0.0849522189369555
"GACTACAAAGCGGTGG-1",8.19108848273166e-05,8.30757458315785e-05,7.23032005901475e-05,0.849254144012694,0.0611341276093979,0.000336747914665755,0.0890376906319938
"GACTACAATTGCTCGT-1",0.0510197972228946,0.0429694897318937,0.000169151826897132,0.0168626335504265,0.000169151826897134,0.888640624014094,0.00016915182689713
"GACTAGGCCGTTAGGT-1",0.0616669443080536,0.0704163651029203,0.00486536599963448,0.00639334932424649,0.0513625898858884,0.805049368763814,0.000246016615442457
"GACTCACCCACGTGAG-1",0.000165068721782974,0.0230616339441266,0.015492246093273,0.0395746333836142,0.000165068721782974,0.921376280413637,0.000165068721782971
"GACTCCCAGAATAAGG-1",0.0600202945758246,0.0229767114694541,0.00116047179993034,0.00023518830480809,0.000164395425089974,0.892167361062802,0.0232755773620908
"GACTCCTTCCAATTGA-1",0.0257118123710881,0.132343355244946,0.0364459541486821,0.779028115524207,0.0230451502980309,0.00330438746210675,0.000121224950939209
"GACTCGCGGGAATGAC-1",0.0609444747716973,0.0815587079745229,0.000253182973198662,0.0531451993902081,0.000253182973198663,0.798914806337579,0.00493044557959545
"GACTCGGTCGGCGGAT-1",0.234722524767847,0.143663242839547,0.00740279801182802,0.0535184533411113,0.0187552427906071,0.446604248210227,0.0953334900388321
"GACTGATTGGTCACAA-1",0.05267852219453,0.138319940486524,0.000251588645711922,0.0106753412681246,0.0312132594844413,0.697661858248879,0.0691994896717886
"GACTGCAAATCGAGCT-1",0.0729560436922344,0.0658488272557052,0.0139811718618744,0.0665582358495393,0.00779359939880535,0.766191397921531,0.00667072402031029
"GACTGCACCAGCCCAG-1",0.0650564465046658,0.144153513582684,0.0216641983914258,0.0948768063131269,0.000273144985336752,0.673702745237424,0.000273144985336754
"GACTGCGGCACGTGTA-1",0.0427784716341885,0.0652703289820082,0.0204294455714903,0.0410973642006333,0.0051662634130768,0.754318360012254,0.070939766186349
"GACTGCTGGTGAGAAA-1",0.0373083956410458,0.0477509252058992,0.0264249616854283,0.805186458384588,0.03126060684974,0.0519862710189134,8.23812143855078e-05
"GACTGGGCGCCGCAAC-1",0.0149487511318671,0.030899345564654,0.000358674950853775,0.0055921952726328,0.000166267941078379,0.947868497197836,0.00016626794107838
"GAGACTGATGGGTAGA-1",0.0840801134995306,0.00494069186485357,0.0175287214323786,0.0696717661394031,0.000164187852975063,0.823448683022563,0.000165836188296529
"GAGACTTCGCGACCGA-1",0.269777866497327,0.183159068453573,0.0217527881987108,0.250010600738337,0.000320544647334101,0.274658586817383,0.000320544647334098
"GAGAGGGCGCGAGGTT-1",0.0344733422029623,0.000159288215306169,0.000159288215306168,0.152790295111351,0.0294231520116379,0.782814848678141,0.000179785565295408
"GAGAGGTGCATTCTGG-1",0.0175259883498115,0.0886905262775242,0.0633254382407339,0.477843273360313,0.0151315217365952,0.331695783078268,0.00578746895675404
"GAGAGTCTCGGGAGAG-1",0.0737480983868163,0.22547337017937,0.000179428531013576,0.524484781671947,0.000179428531013575,0.140011257196869,0.0359236355029701
"GAGATCTGCTTGGCAT-1",0.0468888394123373,0.048825343167294,0.000448034397160124,0.0276879096505677,0.00932526483764712,0.866660735214635,0.000163873320359018
"GAGATCTGTCACTCCG-1",0.000234193074946817,0.0977667388143944,0.000982300079413959,0.109260474364483,0.000234193074946817,0.559352598564324,0.232169502027491
"GAGATCTTCCATGACA-1",0.0307827416046386,0.0483737632749176,0.000162397231415768,0.00339983071826922,0.0358229675940588,0.873671254348224,0.00778704522847619
"GAGATGGGAGTCGACA-1",0.00760680085973778,0.0137810313165186,0.0154193941515533,0.0504113796526996,0.000106648284105242,0.91256809745128,0.00010664828410524
"GAGCACCTGTGTCCAG-1",0.0511426055070942,0.0395453947212858,0.00508131634175534,0.134621853713051,0.000242027816720842,0.720617935035798,0.0487488668642947
"GAGCATCAACAACTTG-1",0.000114400850007919,0.097932855189966,0.000114400850007919,0.865797923481731,0.0358116179282717,0.000114400850007928,0.000114400850007922
"GAGCATCATCCCTGGG-1",0.0280490319834372,0.0531613434960127,0.0169717271918038,0.000154289796557853,0.000154289796557853,0.766023965551992,0.135485352183638
"GAGCCACGGTAGTAGG-1",0.0500273590093941,0.000173166972402959,0.0291745409860164,0.0296189844334821,0.000173166972402956,0.867876564544043,0.0229562170822585
"GAGCCAGCTACCTGTG-1",0.0394143871526388,0.0488048593995651,0.00395693555852976,0.0350072864809045,0.000167141345737804,0.83539712810091,0.0372522619617144
"GAGCCGAGCGTTTATT-1",0.0309012486224447,0.0667058408804241,0.0134290384165547,0.000176688587640215,0.0305113154019523,0.825760869766075,0.0325149983249092
"GAGCGAGGGAGTACCG-1",0.0720989014251207,0.0394268775802201,0.0522627235390552,0.0767382491580619,0.000819486913921784,0.758396799592283,0.000256961791337694
"GAGCGCAAATACTCCG-1",0.168611204881651,0.074670206671832,0.0170866166458213,0.000171737665696507,0.000171737665696508,0.739116758803606,0.000171737665696504
"GAGCGCGCACGAGTAG-1",0.0988688064929607,0.269043002579337,0.00612485376306362,0.0336382431193859,0.00037419512608434,0.577024954221276,0.0149259446978926
"GAGCGCTGTTAGGTAA-1",0.000123069159394333,0.112981106898536,0.0278591726542326,0.858667443809654,0.000123069159394335,0.000123069159394336,0.000123069159394335
"GAGCGGAATGCGGTGT-1",0.151265273082299,0.179534008641079,0.000353932097074106,0.255588628126474,0.000353932097074104,0.412550293858925,0.000353932097074106
"GAGCTAAGGGCATATC-1",0.0412669130871235,0.102627087325276,0.0121720108137433,0.197212890645795,0.000241367263805205,0.602009423474832,0.0444703073894251
"GAGCTCTCGGACCTAA-1",0.13304452329859,0.0426033142009719,0.0206794696314439,0.000162535284317666,0.0196237834179045,0.783713249066958,0.000173125099813775
"GAGCTGTCGTCTCGGA-1",0.0477176989569534,0.110230426561383,0.000256139237140556,0.0145529455273343,0.000256139237140556,0.61810696120849,0.208879689271559
"GAGGAATGGAGAGGTT-1",0.0819874237015944,0.127923935649405,0.00993737353766934,0.0647435310117536,0.0220435402158181,0.56610743005751,0.127256765826249
"GAGGAGTAATTCCTAC-1",0.161489192101068,0.213522319792111,0.000331384185417624,0.0828460494818771,0.000331384185417624,0.468777536521362,0.0727021337327463
"GAGGATAAACAGTGCT-1",0.0438608493892134,0.0650574573824427,0.0113541563914508,0.014064010672181,0.000167693706985968,0.799572692636668,0.065923139821058
"GAGGCCCGACTCCGCA-1",0.0060305196911808,0.088939790123691,0.0213902933835089,0.841068589025835,0.0423267368040941,0.00012203548584501,0.00012203548584501
"GAGGCCTGTTGATACA-1",0.0799491513818971,0.0485957042744282,0.00834377603901297,0.0376047648080494,0.0149896219427739,0.806937028610421,0.00357995294341751
"GAGGCTATCAAAGTCG-1",0.0534268582885666,0.162639295986841,0.0416833688235614,0.0389778138314819,0.0326753893938521,0.670336581038719,0.000260692636978295
"GAGGGAGTCAGATCGC-1",0.106363960118578,0.089211087745689,0.0904680862732663,0.58654647177734,0.127085989004809,0.000162202540158496,0.000162202540158499
"GAGGGCATCGCGTATC-1",0.0874051948424891,0.0751380639137374,0.0246823445684368,0.137623279702704,0.000242752502682355,0.612269767005426,0.0626385974645247
"GAGGGCGCAGCTCTGC-1",0.105030861863713,0.0211352460085246,0.000171420131330262,0.0734336771857396,0.000171420131330262,0.799885954548032,0.000171420131330262
"GAGGGTAGTAACAAAG-1",7.90140917034894e-05,0.0655441999240362,0.00258104512925369,0.931558698579896,7.90140917034916e-05,7.90140917034906e-05,7.90140917034885e-05
"GAGGTACATCCATCTT-1",0.00959702886328663,0.0949868112469611,0.00531013606850556,0.000166485132928031,0.0143691648897072,0.778178626172807,0.0973917476258044
"GAGGTACGCGTGTCCC-1",0.098497219773597,0.0592598389169139,0.00663688401910178,0.0569052226409717,0.000161996268423222,0.734196971185147,0.0443418671958451
"GAGGTCCCAAAGATCT-1",0.0663500671564979,0.0332533028182461,0.0445391136808167,0.0686632390181057,0.000174373420637972,0.786845530485058,0.000174373420637976
"GAGGTCTTAGTGGGTC-1",0.0425180570512615,0.062148980020238,0.0179034078481946,0.000160794617227746,0.0278646524378623,0.73399521589191,0.115408892133305
"GAGTAAACCGGAAAGT-1",0.147253244479093,0.129784257313168,0.0435652767379833,0.0464670569436775,0.000359937392091852,0.577804333993453,0.0547658931405328
"GAGTAAGGCCACGGGA-1",0.0399841907580551,0.0561203355688507,0.0265966483639267,0.353061870959855,0.00015404284702498,0.505053986962387,0.0190289245399008
"GAGTACGGGTATACAA-1",0.0386807298032896,0.0785941933197937,0.0168311166131869,0.0804806023959963,0.000172839862206838,0.78506767814332,0.000172839862206838
"GAGTAGATACTAGTTG-1",0.057907832778003,0.0513128124443567,0.0326845758162638,0.0200807364385833,0.000164818435049134,0.799422020848665,0.0384272032390792
"GAGTATGCCCGCCTTG-1",7.15401875799805e-05,0.0465676338146089,0.0532512517613942,0.899894953673677,7.15401875799807e-05,7.15401875799833e-05,7.15401875799762e-05
"GAGTATGCGCGTGCAT-1",0.128242364970421,0.11076576715544,0.0233037729567729,0.0645927331379549,0.00026353491576964,0.672568291947872,0.000263534915769637
"GAGTCAGACCAGAATC-1",0.0384958931886042,0.0995004267077037,0.0316947977781612,0.624781747138687,0.000173792687293845,0.205179549812256,0.000173792687293848
"GAGTCCGCTTACCGGA-1",0.189458218453427,0.0500407973806797,0.0151123674139243,0.13991049374036,0.000147028682045541,0.605184065647518,0.000147028682045542
"GAGTGTCAACCAGAAA-1",0.0454349421481839,0.0947181898173271,0.00383159736935067,0.0563161898797187,0.00207505323527794,0.797356109948507,0.000267917601634971
"GAGTGTGCGGTACCCA-1",0.022731441002465,0.02397984627396,0.00867380890315717,0.0438003323111883,0.000159778541175326,0.887640695450673,0.0130140975173814
"GAGTTGATGGCAATTT-1",0.000155694216432987,0.000155694216432987,0.0150497061720144,0.543686993048037,0.000155694216432987,0.440640523914217,0.000155694216432986
"GAGTTGTCACCAGTCT-1",0.000116579472436166,0.168183106778455,0.0542176902278285,0.777121846138617,0.000116579472436164,0.000127618437790711,0.000116579472436166
"GATAAATCGGTGGATG-1",0.00968081687672712,0.075098157170806,0.0125882782536856,0.000110917418106709,0.000110917418106709,0.90228452371843,0.00012638914413789
"GATAACTCGCACTGTG-1",0.0347230807885875,0.0496272967990163,0.00248142124495761,0.127057730484578,0.00016073019576175,0.759046308142005,0.0269034323450933
"GATAAGGCAGATGCAA-1",0.150668178511422,0.160714491027318,0.0524513249486246,0.0825585313984989,0.0576654800002384,0.480678772610573,0.0152632215033254
"GATACGATGGGAGTCA-1",0.0657317959208024,0.0571163810544672,0.0015371276057074,0.375286849186748,0.0637032569651112,0.33207707235053,0.104547516916634
"GATAGGTAACGTTGAC-1",0.209009865290865,0.109795680448276,0.0160328262874561,0.417698966724146,0.0478680187396051,0.199357039992338,0.000237602517313471
"GATAGTGCGAGTAAGT-1",0.0277899023894681,0.19737481121578,0.0120032940997421,0.519645860580425,0.0220022694451226,0.220952897048566,0.000230965220896227
"GATATCTCATGCAATA-1",0.026338638129362,0.0586281572546196,0.000169558517694979,0.0454381047067129,0.000169558517694983,0.791296203287246,0.077959779586669
"GATATGAGACACTAAC-1",0.0477292957835961,0.0793675032025956,0.0159523037236879,0.0686147330206178,0.00433774884861579,0.783832011172244,0.000166404248642751
"GATATGCGGTAGCCAA-1",0.00359630614521981,0.0591261018279756,0.00566041369204692,0.0264613481045339,0.0187802062882243,0.885999865992994,0.000375757949005673
"GATATGGATTACGCGG-1",0.0191542247285309,0.0435754727067702,0.000162450967163499,0.000162450967163499,0.00164675656962836,0.93513619309358,0.000162450967163501
"GATATTGAGATTGGCG-1",0.159011506705596,0.16873320273183,0.000385641391293284,0.0533920847018983,0.000385641391293285,0.617706281686795,0.000385641391293282
"GATATTTCCTACATGG-1",0.031708025851095,0.0573548216315334,0.0400878288220802,0.0855234922682829,0.0598398241081243,0.725240917073666,0.000245090245218508
"GATCAACATAAAGGGA-1",8.16728419851416e-05,0.0299700372790145,0.031357393013768,0.938278295405247,8.16728419851415e-05,0.000149255776015144,8.16728419851415e-05
"GATCATTCCAAACATT-1",0.0378119386856719,0.0915213209467901,0.0176540834124274,0.087866136254091,0.00766388222254549,0.698951839924904,0.0585307985535697
"GATCCCTTTATACTGC-1",0.0227602877043273,0.0293036570023757,0.00545040508232482,0.0443939746745753,0.000106506070964576,0.897874184669082,0.000110984796350448
"GATCCGGGAATTAACA-1",0.0486414930495907,0.0302759920750508,0.00010870201372064,0.0109077473682449,0.000108702013720639,0.909848661465952,0.00010870201372064
"GATCCTAAATCGGGAC-1",0.0349125474747804,0.05921660117533,0.00444962604243306,0.0294926134042559,0.0142998412693297,0.857460392751692,0.000168377882178861
"GATCCTCGACACTGGC-1",0.00891065666398215,0.0699510817179314,0.019042452785171,0.735343329269808,0.166605781227884,7.33491676115065e-05,7.33491676115127e-05
"GATCCTCTTGCGCTTA-1",0.0579338121143517,0.0578539569429361,0.0141600847974317,0.00911731557863118,0.000171190706902902,0.860592449152843,0.0001711907069029
"GATCGACACTATCTGA-1",0.00603744277028322,0.119126337123315,0.0259432742716926,0.08827283150427,0.000172500937523772,0.760275112455391,0.000172500937523774
"GATCGCGGGCTCTCCA-1",0.114108228408964,0.233018706390117,0.0285411512323296,0.155875274481201,0.0108569086279899,0.457072294581601,0.000527436277797216
"GATCGCTACCCGATTT-1",0.0322609377983074,0.0799569399465011,0.0130813735922106,0.000171852398772755,0.0187245406935464,0.853211631905246,0.00259272366541615
"GATCGCTATATCTCAG-1",0.0805132509511136,0.120251265056958,0.000229285699221413,0.402150173630315,0.0372366836392521,0.359390055323918,0.000229285699221412
"GATCGGATAGAACCAT-1",0.0431652802340312,0.0259174549662494,0.000117071106710339,0.0608973358862135,0.0420159608955547,0.819977961252144,0.00790893565909689
"GATCGGCGATAAGTCG-1",0.0554533827374621,0.0917852258575197,0.0126306547645669,0.0284516031287265,0.000276667062980791,0.811125799385763,0.000276667062980782
"GATCGGTGGCCATAAC-1",0.00255557623517119,0.0530896968572892,0.00292715812353729,0.0345963464230151,0.000165241725944492,0.891999547451246,0.0146664331837965
"GATCGTGACTGATATC-1",0.0568199519419477,0.0593971597404794,0.000169097186613548,0.0446316023606411,0.0115907696036813,0.827222321980023,0.000169097186613555
"GATCTCGACGCTGTGG-1",0.024701675579782,0.176048351854433,0.000156707223893448,0.024178412986614,0.000156707223893448,0.709786096119892,0.0649720490114915
"GATCTGCTATCTAAGG-1",0.193283903893971,0.139415892195606,0.000228286456349489,0.12976359736014,0.000228286456349489,0.536851747181234,0.000228286456349491
"GATCTTGGAGGGCATA-1",0.0415524420310984,0.0368325784077853,0.000102898127700253,0.0365928589191162,0.0157288174620785,0.837972270921416,0.0312181341308051
"GATCTTTGCAGGGTAT-1",0.0374201700116325,0.0327248871003336,0.0196730396710934,0.0467960477001723,0.000108736302760384,0.863168382911247,0.000108736302760384
"GATGACAAGTAGGGCA-1",0.107524773225454,0.139027121163624,0.0129329665663161,0.554537191356862,0.0957169945306018,0.0900927220780356,0.000168231079106329
"GATGACGATGATCGCG-1",0.294888135257931,0.0735865584508167,0.0124725527078076,0.0882924940725505,0.000364571160864292,0.475236010083229,0.0551596782668004
"GATGAGGAACCTTCGG-1",0.0398989766828102,0.275161870543365,0.028014205093538,0.0699694652715551,0.0301021567887267,0.556473434753033,0.000379890866971678
"GATGATTTGAAACTGG-1",0.121515640426896,0.228334302818406,0.0205309804042982,0.0389738766715553,0.0472699220802409,0.539225012126575,0.0041502654720294
"GATGCCACACTACAGC-1",0.10991820528553,0.130285342346205,0.0166180548526779,0.0245131525519443,0.000254902669696563,0.71815543962425,0.000254902669696565
"GATGCCAGCAGAAGGC-1",0.155578494859551,0.178814684365082,0.000391000913282956,0.107236714423641,0.000391000913282956,0.557197103611877,0.000391000913282958
"GATGCCTTCTGCGGCA-1",0.000122528939875011,0.0952799304635817,0.0372177308550221,0.867012222921896,0.00012252893987501,0.000122528939875014,0.000122528939875011
"GATGCGTCCTGCATTC-1",0.0964330345468957,0.0836208872601108,0.0108027648540242,0.343205920423251,0.00439034240451361,0.425020406856251,0.0365266436549538
"GATGCTACAAGCGCCT-1",0.0674311533695961,0.0387266099973566,0.0025925087690258,0.0271451766634193,0.000166954286492546,0.863770642627617,0.000166954286492545
"GATGCTGTATTTCATC-1",0.0665082694042307,0.117412459944281,0.000168955532313374,0.112311012881182,0.000168955532313375,0.703261391173366,0.000168955532313374
"GATGGCGCACACATTA-1",0.107216037477228,0.0305696112406156,0.0114290765771502,0.00560546482484239,0.0155441186005356,0.659978117661838,0.16965757361779
"GATGGTGCCCTAGGCA-1",0.0634463700920366,0.0681348308570283,0.0303312974994834,0.0262352375751013,0.000261882921987622,0.811328498132375,0.00026188292198762
"GATGTAACGAACCACC-1",0.000108201402731118,0.0384859862624992,7.37885587772395e-05,0.960970711084678,0.000191794444659314,9.57296878783111e-05,7.37885587772395e-05
"GATGTCCGGATCACAT-1",0.229663962508672,0.321660981271364,0.04228812762112,0.0456750787685416,0.00945240686853099,0.350673032975744,0.00058640998602695
"GATGTCGGTCAACTGC-1",0.000154263548026923,0.0356564917046254,0.00912487208472224,0.00750259178184923,0.000154263548026922,0.797531235820836,0.149876281511913
"GATGTGTTGTCACAAG-1",0.107171865408456,0.0328835123637979,0.0224462851611529,0.000174449738952195,0.008841919571369,0.82830751801732,0.000174449738952194
"GATGTTCAATCCACGA-1",0.0878541796913006,0.0887245179544043,0.0140192994611028,0.552292170051383,0.000240016738384517,0.25662979936504,0.000240016738384514
"GATGTTTGTGCGAGAT-1",0.0954116788718456,0.118354273604321,0.0274998763121197,0.0237804772906334,0.0725988547681757,0.569459263175018,0.092895575977886
"GATTAACCGAAAGCCC-1",0.0525396350481155,0.123497105374268,0.00468547346217112,0.061202414363908,0.000251942817645175,0.757571486116247,0.000251942817645173
"GATTAATCCTGGCTCA-1",0.0858094301127651,0.0991220109652965,0.0268628138535368,0.025294578988849,0.000154242455086494,0.76260268116938,0.000154242455086486
"GATTACTGAATTTGGG-1",0.0393988520796774,0.129360738769929,0.000243143736225733,0.294875967729911,0.000243143736225736,0.535635010211805,0.000243143736225733
"GATTCCCTTGTCGCAG-1",0.0643682105693183,0.111656420503284,0.000261762562661762,0.093226499335859,0.0299187549240925,0.690557420159837,0.0100109319449477
"GATTCCGCGTTTCCGT-1",0.0107375671320903,0.147748884442403,0.0177139100543223,0.0562116481590228,0.0425272034986505,0.71936023997096,0.00570054674255097
"GATTCCTATACGGCGC-1",0.0754841729331718,0.0998597769160707,0.000254997940474204,0.0162469974166311,0.000254997940474203,0.717278244254053,0.0906208125991248
"GATTCGACGGTTCACG-1",0.0233284001899259,0.0509429063472802,0.0110478776622114,0.0350193924748011,0.0473613782413725,0.796556547481934,0.0357434976024752
"GATTGACACTCTGCTC-1",0.0537993763995646,0.0708047579889631,0.0145236897448052,0.0199220001631999,0.000172956233228423,0.814285005623225,0.0264922138470138
"GATTGCTCCAGTTGCA-1",0.0192851827610558,0.0875754615151754,0.0531767076461371,0.83960180261439,0.000120281821080659,0.00012028182108068,0.000120281821080661
"GATTGGGAAAGGTTGT-1",0.057571820513448,0.113496271065406,0.0256094279560762,0.055751291451735,0.000244993274330739,0.709478068467096,0.0378481272719082
"GCAAACCCTACATTAT-1",0.0666256308502801,0.0389653959779559,0.0164030127753545,0.0069288059216474,0.000169885551870426,0.870737383371021,0.000169885551870424
"GCAAACCTTGGCCATA-1",0.182047429494142,0.0823139183419282,0.00407255084080804,0.104956980249148,0.00788152810938577,0.618480900523911,0.000246692440677481
"GCAAACGTAAGCGACC-1",7.24502195315705e-05,0.00692094856686922,7.2450219531571e-05,0.992716800335473,7.24502195315718e-05,7.24502195315768e-05,7.24502195315686e-05
"GCAAACGTCGCCAGGT-1",0.0876637880950248,0.032611570645461,0.0118691791488051,0.000165282811771787,0.0214934078155231,0.761707512746908,0.0844892587365067
"GCAAAGGGCGTTAGCC-1",0.00654190525634546,0.0280842713894455,0.0288487867828735,0.895207361559808,0.000123854297319888,0.0161645363626025,0.0250292843516052
"GCAAATATTACGCTTT-1",0.0546702742698319,0.115140883719364,0.0397953141384244,0.0433039500100498,0.000159030515204287,0.651160516634663,0.0957700307124623
"GCAACACACTAGAACT-1",0.145468360697793,0.0895506587263923,0.0413560433081898,0.288894136790291,0.0943102485748058,0.340070391095206,0.000350160807322199
"GCAACAGCAGTATGCG-1",0.0229557250928724,0.0554352256073298,0.0185405235947636,0.0127973525637103,0.00255437568085751,0.850901598086128,0.0368151993743385
"GCAACCACCAGACCGG-1",0.175011903047645,0.107385589080912,0.000538619617172029,0.0381779711819322,0.0476914546322025,0.628294231399366,0.00290023104077011
"GCAACCACGGCCGCGT-1",0.141346708882748,0.117878435838817,0.0235998574869281,0.15881437417337,0.000242052335583634,0.55787651894697,0.000242052335583631
"GCAACGGCTAGTTATG-1",0.0574977258197926,0.0559704761450859,0.0271957594316424,0.00016336782162592,0.000163367821625922,0.858845935138601,0.00016336782162592
"GCAAGAATTCCTTGGC-1",7.86966209340035e-05,0.121948174809004,7.86966209340048e-05,0.796916673630736,7.86966209340037e-05,0.0808203650765238,7.86966209340042e-05
"GCAAGATGTGTTCGCG-1",0.0295539915467999,0.0692930792213191,0.00839906675224052,0.0120650306448019,0.0399379343796097,0.690327955726322,0.150422941728906
"GCAAGTGCACAGAGAA-1",0.0398739275406484,0.00970707205673284,0.00487369040255752,0.0107924291852839,0.0264659800856473,0.897002429573813,0.0112844711553172
"GCAAGTGTAAAGCATG-1",0.148852255774133,0.111791271098791,0.02171434943696,0.394337006546782,0.0306365968185214,0.184198732031028,0.108469788293784
"GCACAAACCCTAGATG-1",8.45057477018404e-05,0.0645585014594124,0.0285080470022242,0.906595428547556,8.45057477018406e-05,8.45057477018455e-05,8.45057477018359e-05
"GCACAAACGAGGCGTG-1",0.112743921515825,0.0814369260554617,0.000241557700594738,0.00758439932592529,0.0376041904561427,0.706413380846211,0.053975624099839
"GCACAACCTCGGGCGT-1",7.70530756079524e-05,0.112035711118359,0.0129049726897289,0.838257601871925,0.00634626946922169,0.0303013386995496,7.70530756079497e-05
"GCACAAGTGTCGGAAG-1",0.090275036700597,0.0685920791289779,0.0178776041697267,0.0361979977614969,0.000246620716260042,0.641011239557595,0.145799421965346
"GCACACACTGGTAGCC-1",0.0737365694695498,0.0726412811149582,0.00383950077246457,0.0419379135749093,0.000170894444230579,0.807502946179657,0.00017089444423058
"GCACACGCCCATGGTC-1",0.0387429213260507,0.090426752355104,0.0292066973183533,0.0379488711141968,0.000173284866547874,0.801077727578896,0.00242374544085082
"GCACAGCACGGGCCGA-1",0.065244409054784,0.266613793287561,0.000249982138325013,0.491161089135826,0.032041007484647,0.144439736760532,0.000249982138325009
"GCACGCCTACTTAGAT-1",0.122810013294927,0.0784187334715792,0.0166014378225423,0.781956728782031,7.10288763069802e-05,7.1028876306985e-05,7.1028876306985e-05
"GCACGTGGTTTACTTA-1",0.0453626327549278,0.0729761157424499,0.00851170931735772,0.0335494919798518,0.000165619835965537,0.809745877595903,0.0296885527735442
"GCACTAGTCGCGCTAT-1",0.0301645634993515,0.0733780962831029,0.000549172364032924,0.0181925557085212,0.0419786706642329,0.809085198249889,0.0266517432308696
"GCACTGCCTACCTTTA-1",0.0603797583466718,0.161270081058564,0.000347297066066514,0.13595792708629,0.00034729706606653,0.528366048527027,0.113331590849315
"GCACTGTGCAAATGTA-1",0.241794258281594,0.280822524924972,0.0346869666358426,0.0352180924668595,0.000379239002567315,0.406719679685598,0.000379239002567308
"GCAGACCCAGCACGTA-1",0.0403962769588574,0.0828575840540796,0.000179048509938642,0.0530919066076177,0.00483052941861767,0.81846560594095,0.000179048509938642
"GCAGATCCATAAGACT-1",0.104341811156896,0.0768658563669411,0.0247525217346251,0.0613779318206092,0.0133555879603283,0.710962137361876,0.00834415359872468
"GCAGATCCTCGCAAAT-1",0.0941795027744747,0.0157694529737223,0.000172023693523194,0.0243431792625727,0.00017202369352319,0.834196097926941,0.0311677196752433
"GCAGATTAGGGATATC-1",0.0390917752992754,0.0411572728882824,0.000103225979549801,0.0864116865729384,0.0123300014958644,0.82080281178454,0.000103225979549806
"GCAGCACACAGCCCAG-1",0.0810910279294908,0.205247701720213,0.0179979375347741,0.0876549493874271,0.000386889714955784,0.607234603998183,0.000386889714955777
"GCAGCCTATATCACAT-1",0.0796449762689772,0.0644255535151973,0.0303813469889639,0.00872558043759805,0.0146802408944331,0.801892079020314,0.000250222874516699
"GCAGCGGTGGGCATTA-1",0.373937201072395,0.0931457452741012,0.0171695802940175,0.170937164867717,0.00037970641451401,0.344050895662741,0.000379706414514015
"GCAGGAACTTAGATCT-1",0.0403288628123893,0.0680885782039094,0.000164930280041525,0.598242732150365,0.000164930280041526,0.292845035993212,0.000164930280041525
"GCAGGACTATAGAATA-1",0.00010402621905968,0.0605006014547565,0.00633564927889223,0.0758293897969005,0.00010402621905968,0.742545067328963,0.114581239702369
"GCAGGTAGAGTATGGT-1",0.0531823520701502,0.0721759664375538,0.0127028017069367,0.0065160020636467,0.0202373374843426,0.676527638607949,0.158657901629421
"GCAGTGTGGCTATAGG-1",0.0497697008406624,0.0394106091414497,0.00365000498383211,0.00830664515103397,0.000170665683895364,0.898521708515231,0.000170665683895365
"GCATACGAGGTCTTTA-1",0.0522623976517003,0.019460269351583,0.00871395454032714,0.0255327709141712,0.000102954299429302,0.83384587204591,0.060081781196879
"GCATAGAGCACTCAGG-1",0.0290858438608798,0.0540503245935275,0.0194281899952777,0.101632154995467,0.00015501486069328,0.795493456833461,0.000155014860693288
"GCATCCCTAACTTTGA-1",0.00772367655115016,0.0557541077632371,0.000105400977061277,0.000105400977061275,0.000105400977061275,0.936100611777367,0.000105400977061276
"GCATCGGCCGTGTAGG-1",0.073054936882566,0.00536274787954462,0.033962564890402,0.0205079792060876,0.000259666512473459,0.866592438116453,0.000259666512473461
"GCATGAGGGACGCGGC-1",0.0796615316577536,0.0664459115238653,0.0253933911022496,0.138266564523782,0.000243144814386275,0.662031375364179,0.0279580810137837
"GCATTCAAGGCAACGC-1",0.0409102821855285,0.0627586187979546,0.00017050718576124,0.00017050718576124,0.00017050718576124,0.878523743093982,0.0172958343652513
"GCATTCGAAATGAACA-1",0.0400805598800709,0.0670988294874563,0.0176756854200001,0.0329859794913378,0.000169500566749506,0.841819944587636,0.000169500566749515
"GCATTGTAATTCATAT-1",0.053305328712648,0.0214466027346108,0.010294654705779,0.0726524687320374,0.000112162844023303,0.833115557978557,0.00907322429234474
"GCATTTCCAAGGCTCC-1",0.0287869473831214,0.0727790935817723,0.00509974807009006,0.00650447821331462,0.000167820840245933,0.88649409107121,0.000167820840245933
"GCCAACCATTTCCGGA-1",0.0393997124009331,0.0710668673061094,0.020028341799861,0.000159026570496337,0.0542748520779621,0.765534312654042,0.0495368871905959
"GCCAAGAATACTTCTG-1",0.0806884905558169,0.0900078990860709,0.0112626804232495,0.151814643214639,0.0450231714715251,0.62103690289567,0.000166212353029168
"GCCAATAGGGCATCTC-1",0.0492202789822201,0.0403239845945078,0.0124203603109183,0.0208280969314901,0.014201617584431,0.862842552245837,0.000163109350595994
"GCCACAATTTAAGGAC-1",0.0425888559448054,0.090606967569583,0.0116317801487498,0.513113938601747,0.0159710402805637,0.325931833828852,0.00015558362569806
"GCCACTCAGAGCGCGA-1",0.107637739459998,0.0689169006910347,0.00979702025670774,0.00947790330639089,0.0113676698397846,0.792453680646611,0.000349085799473651
"GCCAGGAAAGAACACT-1",0.0329941539954727,0.105827951078851,0.00677371347171431,0.552220928740618,0.0323355122026535,0.181381100734002,0.0884666397766884
"GCCAGGAGTAACCGAT-1",0.0156932230856807,0.0743829102444542,0.014701790166046,0.0991739586075574,0.000168695559688863,0.748738881898216,0.047140540438357
"GCCAGGCGTTCGCATG-1",0.00856673986310566,0.128967740721526,0.025684148727085,0.00979438041556717,0.00542054699270196,0.821393870798588,0.000172572481426384
"GCCATATTGCACACAG-1",0.0687249919852935,0.0981243686729817,0.0269693854922482,0.083654752777113,0.000271984646843149,0.721982531778677,0.000271984646843149
"GCCATCGAGCTGCGTG-1",0.0309991593497737,0.121865431051544,0.000173562941289252,0.605882314006005,0.0169147238751835,0.0504318164762232,0.173732992299981
"GCCATCGATGCTGCAT-1",0.0462423155211166,0.0805679555343904,0.0178637231817568,0.0170701894644822,0.0425107953145378,0.782543720485961,0.0132013004977553
"GCCATTAGCCTCAAAC-1",0.0507823710611765,0.0698546924351581,0.018125295203158,0.40884844036769,0.0248641356260845,0.427303614415618,0.00022145089111442
"GCCCACCAAGGCTGTC-1",0.147275816254338,0.148211894646112,0.000150665702810746,0.0142703377279223,0.0190847041845051,0.627379207103912,0.0436273743803998
"GCCCAGTTGGTATGCC-1",0.0241538681690171,0.0538113580599557,0.00011274093336751,0.0637549545454985,0.000112740933367505,0.857941596425426,0.000112740933367509
"GCCCATGGGTGCAATG-1",0.13065524888566,0.0506743797956521,0.0036863825067834,0.000240972734311756,0.000240972734311757,0.730103283785119,0.0843987595581622
"GCCCGACTTCTTCCCG-1",0.00736216806244475,0.17045854778154,0.0653405926516534,0.731543698255874,0.000179624381530369,0.0249357444854267,0.000179624381530376
"GCCCGAGAGTCTAAAT-1",0.0690538795225125,0.0781684505595602,0.000121511663258978,0.821944016326254,0.0304691186018959,0.000121511663258976,0.000121511663258976
"GCCCGATCTGTGGTCG-1",0.110957188768266,0.0630019481192754,0.000167554603746144,0.111416918423362,0.000167554603746145,0.714121280877858,0.000167554603746145
"GCCCGCGCGTAAACGG-1",0.0310964250977731,0.0752810397755481,0.0292910044337696,0.863985311341833,0.000115406450358556,0.000115406450358561,0.000115406450358564
"GCCCGCGCGTTTGACA-1",0.00254046037447773,0.0986043319740531,0.000160959181513658,0.13192962843946,0.0256022887478503,0.740993232889224,0.00016909839342108
"GCCCGTAATACCTTCT-1",0.0244157342366886,0.0273182707385175,0.00546592635490688,0.0426222666287747,0.000151198980674146,0.89525145824504,0.00477514481539785
"GCCCTAGCCGTCGCGA-1",7.67693654470182e-05,0.0483492665763127,0.0105214741830932,0.808892944367059,0.131952528354764,0.000130247787876896,7.67693654470179e-05
"GCCCTGAGGATGGGCT-1",0.0479054148222684,0.122573758013715,0.0238692387685093,0.0751770045304851,0.000241128411984978,0.692176659703608,0.038056795749429
"GCCGAAATTCCTACGT-1",0.0372300273458602,0.0820352886209962,0.0458246308803269,0.0594101793546474,0.000104885008019192,0.775264469049264,0.000130519740886115
"GCCGACCCACGACTGC-1",0.000114841328871402,0.0955025662529489,0.00596848542972005,0.896767549221627,0.00141687510908927,0.000114841328871406,0.000114841328871401
"GCCGCATTAGTCCGGC-1",0.000164693945880304,0.0610950599294057,0.000642654458175305,0.0461469439973731,0.000164693945880305,0.886894450801497,0.00489150292178808
"GCCGCTAGATACGCAG-1",0.11992380560035,0.112498031154467,0.000176989982182093,0.000176989982182093,0.000176989982182092,0.766870203316454,0.000176989982182094
"GCCGCTTGTGAGAAAC-1",0.0739555752551656,0.0644848075024115,0.000164874984618326,0.0640714450837021,0.000164874984618327,0.68625842614124,0.110899996048244
"GCCGGAAACACATCTT-1",0.149781933155211,0.145049077903084,0.0021811945072424,0.0097311738280653,0.0133404588485425,0.46106895609147,0.218847205666384
"GCCGGGTTAGGGTCGC-1",0.0937221132532949,0.228344912450979,0.0130692464238716,0.421293204310178,0.000356091330872193,0.242858340899932,0.000356091330872205
"GCCGGTTTGGGCGGAT-1",0.0982140214605754,0.0923006863634881,0.0182126222895068,0.0405574321017298,0.000260518379964888,0.71249092647365,0.037963792931085
"GCCGTCGGTTTCGGGC-1",0.101039593956669,0.134700641199283,0.0327002335927463,0.590457806897649,0.013522597389109,0.12746015149542,0.000118975469124195
"GCCGTGGAAGAAATGT-1",0.0565528578355837,0.0711915238226137,0.00426554216493715,0.0089663361776727,0.000171542820867199,0.839232710572581,0.0196194866057442
"GCCTAGCGATCTGACC-1",0.0504359108729179,0.0853176144081156,0.000164505535736727,0.00809281595607852,0.000164505535736725,0.855649906567031,0.00017474112438308
"GCCTATAGTGTCAGGG-1",0.00439764590714556,0.0381435993933549,0.00300180530764289,0.0331902415766704,0.00846109662442187,0.912640340296355,0.000165270894409416
"GCCTATTCCGATATAG-1",0.0473076683632106,0.112212669436382,0.0559131340388952,0.0344085267226069,0.000168257648784922,0.749821486141335,0.000168257648784921
"GCCTATTTGCTACACA-1",0.057835448898751,0.0386346248478533,0.00129887803702989,0.000111834471868942,0.0187944503206291,0.861245704108054,0.0220790593158132
"GCCTCATCTGGAAATA-1",0.042157330990663,0.0386930496949394,0.00016084699090762,0.0135628128965157,0.000160846990907621,0.905104265445159,0.000160846990907619
"GCCTCCGACAATTCAC-1",0.0757037325671437,0.109543379262776,0.00853695351525284,0.00349101167740996,0.000174011138148234,0.795276006972986,0.0072749048662839
"GCCTCTATACATAGCA-1",0.1845463761764,0.0859570793458783,0.0109203071435434,0.0355574908526297,0.000250577796751591,0.682517590888045,0.000250577796751591
"GCCTGCTACACTGAGA-1",0.205662421247028,0.232162407451093,0.0328585265355099,0.0324260521733139,0.000380263446618582,0.496130065699817,0.00038026344661858
"GCCTTCAGCCCTACCG-1",0.115228301789251,0.0266058816083382,0.0448371483241806,0.000174939742970199,0.000174939742970199,0.812793029657995,0.000185759134294928
"GCCTTGTATATGCAGT-1",0.08384546917319,0.148548308336267,0.0343291677682328,0.000175035715316526,0.000175035715316521,0.732751947576361,0.000175035715316527
"GCCTTTGTCAGTGGAC-1",0.0505004223564828,0.070271294067016,0.0108247370078309,0.868165009147571,7.95124736997429e-05,7.95124736997376e-05,7.9512473699742e-05
"GCGAAACGATCGGGAG-1",0.0940465591892108,0.0932920170743526,0.00657468893053081,0.0238685810864225,0.00316293550279306,0.778797939228304,0.00025727898838575
"GCGAAACTTAACTGGA-1",0.0491471665224962,0.0167837123339673,0.0190158362481705,0.0363205027576766,0.000167842977315672,0.878397096183058,0.000167842977315672
"GCGAAGAATCTGACGG-1",0.028799081892391,0.0745311020450676,0.013614891563142,0.0721431077300501,0.000172406278836354,0.781306903691517,0.0294325067989962
"GCGAAGCCATACCCGT-1",0.0572681335031501,0.131203336563949,0.000281117716237386,0.0638312909414428,0.0239861450402394,0.68483200358966,0.0385979726453215
"GCGACATGTAAACATC-1",0.0446886019633011,0.0750143506012687,0.0180425400226109,0.0113384806325154,0.000176256356736814,0.85056351406683,0.000176256356736816
"GCGACCCAACCATCTG-1",0.000121818246777508,0.215379392280148,0.0130577473533615,0.68608306832943,0.0589170688802592,0.0263190866632465,0.000121818246777509
"GCGACGATAGTTGTAC-1",0.28999288303314,0.276005761574196,0.0140555045516426,0.393247524774699,0.000225031491767059,0.000311016370949707,0.0261622782036057
"GCGAGAAACGGGAGTT-1",0.157484106563236,0.252106278761782,0.000389758402896551,0.0798385802239361,0.000389758402896537,0.509401759242356,0.000389758402896548
"GCGAGAGGCCATGTAA-1",0.0942276035461325,0.0529887711440616,0.0407234925495935,0.0618943393451325,0.0759720512172522,0.673942684713173,0.000251057484654619
"GCGAGAGTTGCGTCCA-1",0.0999547857406479,0.0737659601037879,0.00697801603785975,0.00359207160973565,0.00213561652002354,0.813409874560944,0.000163675427000993
"GCGAGCGCATGCTCCC-1",0.10806368182652,0.065941326566407,0.0136032130109047,0.000166795930915357,0.000166795930915357,0.796830302388982,0.0152278843453554
"GCGAGGCCCGAGCAGA-1",0.0571901920938046,0.0544469733497089,0.0178086711695083,0.174562845338082,0.0230938114992658,0.67265522969615,0.000242276853481228
"GCGAGTTCTGCAAAGA-1",0.0778714587627698,0.127031347407174,0.0134134351318833,0.100115721121208,0.000236195295174696,0.6520914799219,0.0292403623598902
"GCGATTCTGGAAGCAG-1",0.0961078080399551,0.0929878875625944,0.00040449117226569,0.209119274949519,0.000404491172265692,0.600571555931135,0.000404491172265692
"GCGATTGTTAACGTTA-1",0.0695134482589919,0.0520210503447567,0.0187253361651471,0.0845029605027551,0.000167066925107263,0.774903070878135,0.000167066925107262
"GCGCAAATATATTCAA-1",0.000122111444930754,0.0737112882639482,0.000122111444930754,0.887096396244664,0.000612343546381361,0.000155934324261126,0.0381798147308837
"GCGCAAGAGCGCGCTG-1",0.0454111962163596,0.0872016215260144,0.0341106170452551,0.0578172872204563,0.0331155892797356,0.742080931243585,0.000262757468594024
"GCGCATCCAGTCAGCA-1",0.0243487110015552,0.0449275248874285,0.00582849904876683,0.00157467876089689,0.000173649673214395,0.922973286954924,0.000173649673214397
"GCGCCTCCCACTCCGA-1",0.0740936288621285,0.201517160453362,0.0125977090239207,0.000235042428936835,0.000235042428936833,0.68013853053432,0.0311828862683954
"GCGCGGTCTAGTAACT-1",0.104916461274061,0.124411483806118,0.0355264037576376,0.322599427699179,0.000381949055907835,0.411782325351189,0.000381949055907838
"GCGCGTCATTGGTACA-1",0.0786293677109959,0.0678939263103607,0.00127294378173759,0.0593312753415114,0.000168372931090362,0.772050046853226,0.0206540670710781
"GCGCTAAGTATGCATG-1",0.0720738506711731,0.0381566768480295,0.00419189417511905,0.00837577656752448,0.000160619952173982,0.872437021177002,0.00460416060897797
"GCGCTAATTGAATAGA-1",0.110699738296606,0.082192076312387,0.000243983159575718,0.119634354607789,0.0107203868684263,0.67626547759564,0.000243983159575717
"GCGCTATGCCGAGGCA-1",0.0700391371004395,0.148504705620187,0.00022954690903277,0.423365832370649,0.108641121630092,0.248990109460567,0.000229546909032769
"GCGCTGATCCAGACTC-1",0.000258918689840312,0.0869733968369194,0.000258918689840311,0.0798760967016793,0.0505550675232239,0.781818682868656,0.000258918689840313
"GCGCTGCTTTGCATTT-1",0.0335786775741249,0.0555285930860039,0.000168354848659531,0.0268590227210258,0.00726152642092935,0.876435470500597,0.000168354848659531
"GCGCTTAAATAATTGG-1",0.065214815847204,0.00652576040217696,0.00798304386207593,0.0165595070151578,0.000166735999295446,0.903383400874794,0.000166735999295444
"GCGGACCGCGTTGTGG-1",0.000114113019148413,0.179930799949257,0.0234270262835719,0.796104814715626,0.000114113019148412,0.000195019994100568,0.000114113019148413
"GCGGAGAAACTTCGCA-1",0.0347232904693705,0.154531728241484,0.000127269157993147,0.810235904657173,0.000127269157993147,0.000127269157993146,0.000127269157993162
"GCGGAGAGGGAGAACG-1",0.0299636889727225,0.198319024627185,0.00901472836526918,0.0658729708694376,0.00025282752060425,0.696323932124177,0.000252827520604248
"GCGGCAAAGTATTGCC-1",0.0794222001942728,0.209449393213634,0.0380096178510367,0.576202217228636,0.0964084218694719,0.000254074821474387,0.000254074821474388
"GCGGCTCTGACGTACC-1",0.0312588041381612,0.130089567349711,0.0391332698072981,0.128032154130108,0.000245188377541325,0.670995827819639,0.000245188377541327
"GCGGGAACCAGGCCCT-1",0.0159665338340238,0.109338838190011,0.0278232021760049,0.103900955413008,0.000251571326272649,0.725445610706433,0.017273288354247
"GCGGGCGAGCCTTACC-1",0.0896577357155059,0.0778179392963095,0.00871048690906451,0.421370577579893,0.000228896747801707,0.401985467003624,0.00022889674780171
"GCGGTCCCTAGACGCA-1",0.000120599842259546,0.0644671264106618,0.000120599842259545,0.000120599842259545,0.000120599842259545,0.93492987437804,0.000120599842259543
"GCGGTGAACTGCGCTC-1",0.0217313030826074,0.00466656566897053,0.0241606886314552,0.047271887979058,0.00269006945356765,0.897064458998319,0.00241502618602185
"GCGGTTCCCTATCATG-1",0.0518551783470709,0.068927115996734,0.00683665104492001,0.376252543744684,0.000158968086138574,0.495810574694314,0.000158968086138577
"GCGTAAATGGCCATAA-1",0.0517023015629274,0.031656109893018,0.000166601068151061,0.000166601068151061,0.00016660106815106,0.91597518427145,0.000166601068151056
"GCGTCCCTAAGACATA-1",0.20339760849199,0.089026079671102,0.0158199764674358,0.496297215126352,0.00024793036749322,0.194963259508134,0.000247930367493221
"GCGTCGAAATGTCGGT-1",0.0741310293635048,0.078561310473662,0.000253661499569771,0.157114594728491,0.00025366149956977,0.67342821160357,0.0162575308316327
"GCGTCGCCAGGGTGAT-1",0.00809361904086474,0.0247328949888603,0.000171546895825503,0.0872120644987141,0.000171546895825502,0.879446780784084,0.000171546895825505
"GCGTGGTACTGGGTTA-1",0.0295526623619894,0.101704996986395,0.0113644860340055,0.048697588503583,0.000165562791373513,0.804762387805514,0.0037523155171402
"GCGTGTATGTCGTATT-1",0.0921532854505532,0.0658764095138451,0.003574688537876,0.000161381992996534,0.000161381992996535,0.777928112413305,0.0601447400984274
"GCGTTATATTTGGAAC-1",0.000172622814163003,0.0463545038158579,0.000172622814163003,0.0231018747692663,0.000172622814162991,0.929853130158224,0.000172622814163002
"GCGTTCGGAGACCGGG-1",0.0267472544095576,0.114187143067271,0.000271205118459796,0.0230268082515259,0.0128332133228783,0.797721761943075,0.0252126138872323
"GCTAAACCTGAGGTGA-1",0.050744296084514,0.147058731640652,0.0132757077258216,0.0772555655505262,0.00026410547470994,0.711137488049066,0.000264105474709941
"GCTAACTGAAGTCTGA-1",0.0369725609234208,0.0629194627464482,0.000250489097029197,0.142817768547844,0.0505355325182355,0.706253697069993,0.000250489097029199
"GCTAAGTAAAGGCGAT-1",0.0877519159564714,0.0473692948530392,0.010765792977743,0.0466326523865616,0.000169515825513713,0.807102163927349,0.000208664073322085
"GCTAAGTAGTTTCTCT-1",0.100624574580893,0.0389774833899364,0.000109556026726728,0.00799965167176905,0.000109556026726729,0.852069622277222,0.000109556026726727
"GCTAATACCGAATGCC-1",0.0401004293726567,0.0556801751679467,0.0344671528855329,0.0569698797768218,0.000161739476795174,0.810831171255937,0.00178945206430978
"GCTACAATCGAGGATA-1",0.124110020472491,0.102456686819342,0.00913539923309959,0.049428169350455,0.000446774147972456,0.642161503986609,0.0722614459900316
"GCTACAGTACGGACCG-1",0.166819484314675,0.0790023180795435,0.00607479092048587,0.112685018178451,0.021660977504379,0.613519698859354,0.000237712143111901
"GCTACGACTTATTGGG-1",0.0237289762968986,0.0542072191525975,0.000167553260999126,0.0427197358245124,0.000167553260999137,0.878841408942994,0.000167553260999125
"GCTACTATAGTAGAGT-1",0.102884408209323,0.0820374044531183,0.023777393317178,0.0473216126907722,0.000250762915611673,0.743477655498385,0.000250762915611669
"GCTAGACCGTCTACTG-1",0.0395050349292346,0.121840364909703,0.00647266293951772,0.0483332882639107,0.000173393077791627,0.78350186280205,0.000173393077791627
"GCTAGAGTAGAGATGT-1",0.0149836047886673,0.0747133638886185,0.000167294524006874,0.0191693109443831,0.0126443082859694,0.878154823044348,0.000167294524006874
"GCTAGCAGGGAGTGGG-1",0.026115159385072,0.141364029226445,0.000245859513893229,0.0541728295419164,0.00108471958742948,0.698562479111244,0.0784549236339999
"GCTAGCGATAGGTCTT-1",0.00885486712063641,0.165359306677129,0.0553265442279554,0.765316058847937,0.00479172498781488,0.000175749069263632,0.000175749069263639
"GCTAGCTTGAATAGCT-1",0.0752018443078279,0.0599772298850125,0.0079541464886506,0.856616271733634,7.56096610270445e-05,9.92882628206797e-05,7.56096610270463e-05
"GCTAGGCACCACGGAG-1",0.0711523555155348,0.0450956500898474,0.0136396532168641,0.0301999317763784,0.000166531300120182,0.828138888492218,0.0116069896090369
"GCTAGTAGAGCTTGTA-1",0.0645294343798319,0.0553771385409033,0.0230152085010489,0.189711276979055,0.00016001622041042,0.66704690915834,0.000160016220410416
"GCTAGTTTCATTGAGG-1",0.0337575810228262,0.0160713966314366,0.000176266462643732,0.0356492243738112,0.000176266462643731,0.90423379584597,0.00993546920066809
"GCTATACGTCTCGGAC-1",0.0333026199220048,0.0783448191666439,0.0339311023688415,0.0340578294601084,0.0062524329448526,0.709830715550652,0.104280480586896
"GCTATCATACTCATGG-1",0.0359618897453905,0.0525301738215344,0.0182601724480103,0.0708538632213782,0.000247716126346484,0.767693962797388,0.0544522218399522
"GCTATCGCGGCGCAAC-1",0.069265587146241,0.210198247727401,0.0117888625292962,0.0506720104678447,0.000256250416906355,0.657562791295404,0.000256250416906368
"GCTCAATCCGTTTATT-1",0.000114985226392719,0.134229313524137,0.0222923378192195,0.843000229704898,0.000114985226392718,0.0001331632725672,0.000114985226392719
"GCTCAATGTAATACCG-1",0.0632672829860229,0.0953031319303967,0.0209131037750069,0.133884788476296,0.00846586206731528,0.669425565451675,0.0087402653132877
"GCTCATTACTGCATGT-1",0.0347160985201639,0.0496086768301406,0.000165697797622649,0.0265091667116912,0.0325370189590963,0.856297643383663,0.000165697797622646
"GCTCCCAGTCGGTCCA-1",0.0831720336024916,0.144532466252112,0.00411679465515841,0.0596561277759076,0.000256494234219681,0.708009589245891,0.000256494234219686
"GCTCCGCTCGCTTCAG-1",0.0598280800046571,0.0325071217172589,0.00113227681104485,0.0534404192156853,0.000160597479747754,0.852770907291858,0.000160597479747754
"GCTCCGGACGTTGATA-1",0.216047851736594,0.183922273139009,0.0287896543927057,0.0486775537781438,0.0210984254927352,0.466837511136424,0.0346267303243883
"GCTCCTGACATACTGG-1",0.179625887130705,0.12714125952152,0.0598352014521656,0.633054827279939,0.00011427487188994,0.000114274871889943,0.00011427487188994
"GCTCGCGGTTCCGCTC-1",0.0384929854120823,0.0922604276578044,0.0306340984760537,0.0487535720001072,0.0786549466683606,0.664594934307088,0.0466090354785033
"GCTCGCTCATGTCCAA-1",0.0210034690375989,0.0435746627308173,0.0083002621463491,0.000173201121229146,0.0040191655667105,0.922756038276066,0.000173201121229146
"GCTCGGAATTTAAAGC-1",0.0359447709489008,0.0782765346894914,0.0274378399669063,0.0688280130508829,0.00535117523698576,0.753451192767043,0.0307104733397899
"GCTCTAAACCCTGACG-1",0.0629721413265267,0.289096084530284,0.0195813407644232,0.117009996330775,0.00024454152490977,0.510851353998171,0.00024454152490977
"GCTCTATGTTACGTGC-1",0.062157853784613,0.0897380711468454,0.018942996001223,0.0127555730569783,0.012765386813551,0.803472407785359,0.000167711411430503
"GCTCTCGGGTACCGAA-1",0.0464146523352594,0.0486951494011168,0.00987977750666024,0.0254903923069127,0.00713304631494778,0.862229109605611,0.000157872529491735
"GCTCTTTCCGCTAGTG-1",0.0301289494377718,0.0309109967248968,0.0807642610937901,0.591032128100971,0.000172420106737536,0.266818824429096,0.000172420106737536
"GCTGAATCTTCCAATC-1",0.0145593864903896,0.0247629842087393,0.0229744979074589,0.937464998100938,7.93777641580754e-05,7.93777641580747e-05,7.93777641580744e-05
"GCTGAGGCGTGAGTAT-1",0.203541242548851,0.134211344174748,0.000225262025836559,0.0704516577153041,0.0254693657652626,0.565875865744162,0.000225262025836553
"GCTGCACGGTTTCTTA-1",0.0347074396346438,0.0224938830789043,0.00464726309080165,0.024574205091076,0.000108560846498989,0.913350857501022,0.000117790757053363
"GCTGCTAAGTAGTCGA-1",0.0816420775172016,0.269981414209738,0.0130585437449287,0.226768947542221,0.0429268447484956,0.330271241901611,0.0353509303358039
"GCTGCTACTGCGTAGC-1",0.043523277651551,0.0624131630630137,0.000174096275200324,0.0390513589806979,0.000174096275200323,0.816319360435777,0.0383446473185599
"GCTGCTCTCCGGACAC-1",0.0586255039812183,0.0872477309524213,0.0113890339837475,0.0887793272275878,0.000171677955567638,0.75361504794389,0.000171677955567651
"GCTGGACCCAAAGTGG-1",0.0301060258128795,0.0553549680600958,0.0182025991454875,0.000164275270635055,0.00801985629152084,0.887988000148746,0.000164275270635055
"GCTGGCATATTCACCT-1",0.0555295781920459,0.041441057690329,0.0273918815467359,0.127228239817934,0.00015908977951,0.691768489635547,0.056481663337898
"GCTGGCGGCGCATGCT-1",0.0311295849626721,0.210487186665998,0.0412143452626453,0.12175278192187,0.000243375570802719,0.594929350045209,0.000243375570802719
"GCTGGGTCCGCTGTTA-1",0.139770137783679,0.121181156834184,0.0402783877763411,0.0490708056334592,0.000251029562364871,0.605585079493613,0.0438634029163588
"GCTGGTTTAGGCCATA-1",7.6691036274335e-05,0.0357047126729807,0.0268429947195126,0.929196237732003,0.0080259817666802,7.66910362743404e-05,7.66910362743393e-05
"GCTGTATTACTGGCCC-1",8.15282584535023e-05,0.0856318738802916,7.83148898568909e-05,0.811137170236895,0.0811062000408041,7.83148898568924e-05,0.0218865978038422
"GCTGTCTGTGATCGAC-1",0.0661026048860142,0.327451841938713,0.0148519073582436,0.000245150298463269,0.00024515029846327,0.59085819492164,0.00024515029846327
"GCTGTTGCTACCGAAC-1",0.000162455965238923,0.0418413528834734,0.000162455965238923,0.156065061900872,0.000162455965238923,0.801443761354699,0.000162455965238923
"GCTTAATGTAACTAAC-1",0.0395595515726369,0.0532646309689861,0.0127489106546327,0.120952796944415,0.0295410645892984,0.743686840094046,0.000246205175984666
"GCTTACGTAGTTAGTA-1",0.124048501846607,0.115469672713251,0.00785220028013257,0.0115325057064796,0.000256190390983292,0.73059640656654,0.0102445224960064
"GCTTATGAAGCAGGAA-1",0.0398490630083427,0.0436085227683667,0.000173505433353881,0.0491456971258757,0.0116707172224041,0.855378989008303,0.000173505433353885
"GCTTCCATGTAACCGC-1",0.0839481546632209,0.165278619958738,0.00024536564359609,0.0282119271221871,0.0147728154424985,0.707297751526164,0.000245365643596094
"GCTTCCGTCCCTAGAC-1",0.0862589447380312,0.0779491921247691,0.0347266627165997,0.127414078874934,0.000257749455836749,0.673135622633992,0.00025774945583675
"GCTTCGACGTTCAATC-1",7.75415894864035e-05,0.0432911929641441,0.0148558047043261,0.941515835698764,7.75415894864067e-05,0.000104541864306424,7.75415894864065e-05
"GCTTGATGATAATCAG-1",0.0145575680668275,0.016817476982916,0.0050272946562995,0.000108405407829521,0.0179906534509904,0.924708467164255,0.0207901342708816
"GCTTGGATCGATTAGG-1",0.062634453737739,0.087712971842205,0.0116310209782589,0.0790498749031808,0.00274444151265848,0.755977931625672,0.000249305400286289
"GCTTTCAGAGGAGGTG-1",0.0945933661901969,0.0576845955933508,0.000256973522181981,0.0872584797068623,0.0282914369270622,0.731658174538164,0.000256973522181979
"GGAAACCTTGTTGAAT-1",0.116566758986636,0.0590939683716009,0.00025359777504333,0.0234237005745439,0.0172346040728146,0.783173772444318,0.000253597775043342
"GGAAACTAAATGGGCC-1",0.0614618521005704,0.0579557451288767,0.0259055036029194,0.00123603568308212,0.0151696650676222,0.838105032514734,0.000166165902194992
"GGAAAGTGCCCATGCC-1",0.0235146771814044,0.107512199620482,0.0160056621391917,0.0432154178490225,0.000261519708327547,0.769429893577154,0.0400606299244183
"GGAACCGTGTAAATTG-1",0.250207435211847,0.0317618349915255,0.0399422888001297,0.523263032157303,0.111839173822909,0.042833663411795,0.000152571604490505
"GGAACCTTGACTCTGC-1",0.0506049579754029,0.0603487094576656,0.00638131764430883,0.747653274326452,7.68788587513913e-05,0.134857982878668,7.68788587513915e-05
"GGAACGGCCTGCAGCC-1",0.0545965475059065,0.0495470790240948,0.000111597152112463,0.00485527333677373,0.000111597152112463,0.890666308676888,0.000111597152112458
"GGAACTTTGGCGATTA-1",0.0641236475011594,0.0315361207639395,0.0204994234854882,0.00964168376005452,0.00640466987695786,0.706233909895473,0.161560544716927
"GGAAGCTCGCTTACAG-1",0.0157562225278425,0.0788027059039631,0.000172900550004843,0.024129798545027,0.000172900550004842,0.880792571373153,0.000172900550004842
"GGAATAACCTCAAGAA-1",0.0971129472329268,0.254093858174524,0.000654431590054265,0.0459679345714503,0.000933008819000679,0.591983127244272,0.00925469236777186
"GGAATGCGCTAGCGTG-1",0.0139537932004235,0.0359068769245023,0.0109562439888098,0.000106199620027752,0.000106199620027752,0.931379843125866,0.00759084352034328
"GGACACAAGTTTACAC-1",0.175049059835485,0.0601752893976425,0.0146932951322599,0.000163949692133592,0.0269836555998713,0.714994409971542,0.00794034037106597
"GGACCAACAGGATAAC-1",0.061604795634006,0.0652926579966374,0.000160936687803147,0.0807746840600121,0.000160936687803147,0.772936621524958,0.0190693674087805
"GGACCTACGGTAACGT-1",0.0380871720722014,0.0891167232730659,0.00755716087740139,0.0452812639262332,0.000163613509635357,0.819630452831827,0.000163613509635357
"GGACCTCTAGGCCGCC-1",0.133993689816462,0.111357374289652,0.00149012177631673,0.67692051867039,0.0631727836405215,0.000110665931149358,0.0129548458755079
"GGACGGCTTGCGCAAC-1",0.0471476875328097,0.10545432596965,0.0221463890940036,0.0180681898829076,0.000254510853288902,0.786342950766826,0.0205859459005143
"GGACTCGACAGCGCAT-1",0.152428564729192,0.0906533520510462,0.0396513502394197,0.543851251770705,0.0195400298589804,0.144105277704533,0.00977017364612497
"GGACTCGTGAGTGGTC-1",0.0279569026826616,0.0155674004994889,7.37408110929633e-05,0.956180733573478,7.37408110929634e-05,7.37408110929663e-05,7.37408110929652e-05
"GGAGAAGTCATTGGCA-1",0.0850769438365821,0.0116161332130493,0.00402814006051591,0.0229355116961678,0.000161199484557779,0.749825570082151,0.126356501626976
"GGAGACCATCTACATA-1",0.000160007948282352,0.286093131707922,0.0742135900174256,0.475609758889212,0.000160007948282349,0.131120318820451,0.0326431846684237
"GGAGACGACACCTTTG-1",0.0334468461767559,0.0233038082080398,0.0113863718237068,0.0265812755267537,0.00352741320043058,0.901635540779107,0.000118744285206271
"GGAGCAACATTTCAAG-1",0.183210956062914,0.169074181332731,0.0111029997550499,0.0331089409145155,0.000238523768606549,0.568466408832049,0.0347979893341349
"GGAGCACCAAGAACTA-1",0.107355211806329,0.0712708728094196,0.0287944699583196,0.0533219177535981,0.00025532130221288,0.738746885067908,0.000255321302212882
"GGAGCGAGGCCTACTT-1",0.0796303677097842,0.0706791228525085,0.017729423199598,0.0499456089960864,0.0219868488278083,0.759668895937702,0.00035973247651273
"GGAGGATTGAAAGGAG-1",0.0109915433056057,0.0358223943120486,0.00016565527397199,0.00016565527397199,0.000165655273971989,0.907195192080558,0.0454939044798717
"GGAGGCCGAAGTCGTC-1",0.0691726193604843,0.100378139678885,0.00868774153963637,0.000250964018312595,0.00536028081536285,0.792934299343853,0.023215955243466
"GGAGGCGAAGAACCGC-1",0.415322009338761,0.245452868504153,0.0251548612326229,0.0342536367634066,0.00116037545766773,0.140808973250236,0.137847275453153
"GGAGGGCTTGGTTGGC-1",0.019575376155107,0.098764170224868,0.000165842988203558,0.0582923763659529,0.000165842988203558,0.776250798726955,0.0467855925507096
"GGAGGGTCAAGTAAGA-1",0.0834580780833545,0.0915894133619707,0.0222358906836813,0.144069653512355,0.0152876035315024,0.637246671866055,0.00611268896108035
"GGAGTGCCGCCCTGGA-1",0.043111888729376,0.0853206510433428,0.000168334025117429,0.000168334025117429,0.000168334025117427,0.870894124126812,0.00016833402511743
"GGAGTTGATTCTGTGT-1",0.0818939495968985,0.128639119301663,0.000170791031664598,0.0331043777733016,0.000170791031664596,0.744955020254447,0.0110659510103601
"GGATACTCATGAATTG-1",0.0474602417561427,0.0671063985141602,0.0115086241677285,0.0218996705812667,0.0494167617862378,0.766977754248551,0.0356305489459133
"GGATCAAAGGACGAGG-1",0.077133338397611,0.0946641385520342,0.029430031083473,0.0134558308185437,0.000263367978876222,0.772268262352574,0.0127850308168875
"GGATCATCCCGTACGC-1",0.073967854930628,0.128799625792651,0.000265286592493538,0.0518715220770394,0.000265286592493535,0.744565137422201,0.000265286592493535
"GGATCCCTACCAGCTA-1",0.0186587104082345,0.235358274969394,0.063833203252123,0.0122358689583856,0.0281379511790961,0.641415683699765,0.000360307533002139
"GGATCCGGAATATACT-1",0.028412033906063,0.0580007568850444,0.000251189818986727,0.094297300946812,0.000251189818986724,0.756928935442544,0.0618585931815632
"GGATCTTACTGCCCTT-1",0.0274686858281418,0.0850506841480898,0.0115665995607074,0.834976640958839,7.92926218207724e-05,0.0337225377374299,0.00713555914497102
"GGATCTTGACTCAACC-1",0.000117442227499997,0.00351958094023225,0.0177358638637237,0.718432202527834,0.0001174422275,0.25996002598571,0.000117442227500002
"GGATGAAGATCGCTGA-1",0.0771230487193479,0.127713860167371,0.00221286947713623,0.0724204595138467,0.000264761308896549,0.720000239504505,0.000264761308896551
"GGATGCTGGCGTTCCT-1",0.132233858590607,0.0912232461494686,0.0201090648533791,0.120760221531382,0.000261366346463406,0.635150876182236,0.000261366346463414
"GGATGTCCTTACCGCA-1",0.0757281269091782,0.0693546381779586,0.00802977305822127,0.0473498384894288,0.000160122986476424,0.799202900694839,0.000174599683897613
"GGATTAAGCTAAGGTC-1",0.0962258512224416,0.155374748991826,0.0114568527432228,0.0323416416781115,0.000267282148172865,0.704066341068053,0.000267282148172866
"GGATTCAGTACGGTGG-1",0.0232992194283031,0.0733249892914728,0.0180486472845468,0.0152779447027411,0.000172059543664462,0.81872533029441,0.0511518094548616
"GGATTCCGCTATACCC-1",0.0559432582733558,0.0595449172152814,0.000255961711494242,0.130329863997438,0.011093179849048,0.74145622382649,0.00137659512689192
"GGATTGAAGTAGCCTC-1",0.000543474599036461,0.172679464827225,0.000265111287626902,0.142352165803069,0.000265111287626894,0.664410030333007,0.0194846418624085
"GGATTGCTGTGACTCC-1",0.0483045066888753,0.0427655556122705,0.0159472293161273,0.0464560518989103,0.000170732138528744,0.790961752024476,0.055394172320812
"GGATTTCACTTCTATA-1",0.0886210294783301,0.051757616312913,0.00761429071475939,0.0515672626857258,0.000923479470746663,0.799260140096308,0.000256181241217228
"GGCAAAGGCGCCAATA-1",0.000108377412004951,0.0601877053801598,0.0548344429757672,0.679694470136996,0.081908273439582,0.123158353243485,0.000108377412004951
"GGCAAATTACTTTACT-1",0.151358833994161,0.0600415181426375,0.0111991609943816,0.542750811413716,0.000169320929496597,0.23431103359611,0.000169320929496595
"GGCAAGCCCATAGTGG-1",0.0499806795439073,0.0618324574339456,0.0192674089514769,0.213773708969361,0.0073596339639111,0.647559317875975,0.000226793261423816
"GGCAAGGCGAAATAGC-1",0.0425394347029028,0.0405652279318432,0.000108313368623683,0.151054462816303,0.000108313368623678,0.76551593444308,0.000108313368623682
"GGCAATAGTCAATGAG-1",0.0650496709845332,0.0988196336931017,0.000246019475663899,0.132876451901843,0.0002460194756639,0.70251618499353,0.000246019475663904
"GGCACTCCACTGGGCA-1",0.0790595434495574,0.0567384217223826,0.0090236590143246,0.0520164768189555,0.00015986084422281,0.802842177306334,0.000159860844222806
"GGCAGCAAACCTATGC-1",0.0834459493007869,0.0765101232425052,0.0256143342476124,0.000161898918780158,0.00297373744265564,0.81113205792888,0.000161898918780159
"GGCAGCGGTAATCCTA-1",0.0689060906005507,0.142584142230173,0.018384743816521,0.0436385817873032,0.000247484003788617,0.713564126562183,0.0126748309994797
"GGCATACAGGTAGCGG-1",0.0657348681806757,0.0814364679093767,0.00741465542415038,0.214961719979815,0.000241677125188608,0.629968934255605,0.00024167712518861
"GGCATATCGGTTCTGC-1",0.0125524266078856,0.101321576126069,0.00594957683024264,0.0736619142798955,0.000182152816839826,0.806150200522228,0.000182152816839839
"GGCATCAACGAGCACG-1",0.178617286150228,0.292666846068147,0.000515225986042275,0.0495497078890918,0.000515225986042278,0.338586807567781,0.139548900352667
"GGCCACAAGCGATGGC-1",0.410598608291798,0.245517203832051,0.02939341671661,0.0577223981190631,0.000409886044517739,0.255948600951442,0.00040988604451774
"GGCCCTCACCCACTTA-1",0.050175132057824,0.124365571977928,0.0405489823125948,0.071764720544879,0.000255518899105441,0.712634555308563,0.000255518899105437
"GGCCGAGACTCTGGTG-1",0.0487923756597603,0.0768949222784274,7.89451082027044e-05,0.853730922844362,0.0203449438928422,7.89451082027096e-05,7.89451082027007e-05
"GGCCGGCGTCTGCTAT-1",0.0330927283183106,0.123746894882304,0.0145533682680895,0.00362931239711277,0.000176690611439218,0.824624314911305,0.000176690611439218
"GGCCGTTTGGGTTTCA-1",0.0423183836189026,0.0613400687135199,0.0907387856327723,0.764638950540424,0.0407287595821183,0.000117525956131282,0.000117525956131275
"GGCCTGCTTCTCCCGA-1",0.0886703219398871,0.0916549567323981,0.000248233500572332,0.0276122609951485,0.000248233500572332,0.715219247511307,0.0763467458201142
"GGCGAAATCTAACTTG-1",0.00953671134657517,0.0498202399905794,0.00189177297289997,0.0414465167934764,0.00429166647881997,0.867271777252816,0.0257413151648329
"GGCGAGCATCGAGGAC-1",0.0928219364283749,0.152516468374574,0.0451908675390869,0.0431837757686157,0.000237999951056518,0.665810951987235,0.000237999951056517
"GGCGAGCGAAACGGCA-1",0.000230230347241254,0.279285536928821,0.0367697175036839,0.393713859614525,0.0119128038558239,0.277857621402664,0.00023023034724127
"GGCGCAGGACATCTTC-1",0.0397543135529492,0.102150603943371,0.017054934655406,0.0696382864807805,0.000167293993560827,0.771067273380372,0.000167293993560828
"GGCGCATGAATTGATG-1",0.0290118640015557,0.0910596327013425,0.0145797864395264,0.554002961653945,0.000162171499891315,0.311021412203848,0.000162171499891322
"GGCGCGGAGATCTTTC-1",0.150759937649974,0.0977095032423267,0.0371849205367403,0.0488460247181373,0.000246458096182023,0.607143054843893,0.0581101009127469
"GGCGCGTTCGAGTTTA-1",0.0417260991655586,0.0573329629804363,0.000424436538298769,0.601006427867011,0.00999099540354184,0.289358055421495,0.000161022623658245
"GGCGCTCCTCATCAAT-1",0.0140130345877813,0.0540500376471925,0.0106544950581049,0.000114718915043367,0.000114718915043365,0.907082671561655,0.01397032331518
"GGCGCTTCATTCCCTG-1",0.0292155492920692,0.114982520886392,0.000167698888169329,0.097881461596156,0.00016769888816933,0.757417371560874,0.000167698888169335
"GGCGGAGTAATATTAG-1",0.0287509356330388,0.134944505963648,0.0170998691421042,0.084950206403526,0.000154840372473489,0.733944802112736,0.000154840372473494
"GGCGGTAGGATCATTG-1",0.0328674020450134,0.129535984047876,0.0139060402835185,0.13391368957557,0.0201894339404359,0.663187206950171,0.00640024315741414
"GGCGGTTTGCCGGTGC-1",0.0616463654476101,0.0933157308035797,0.0504413504452493,0.000171789001989693,0.0428782699435098,0.751374705356072,0.000171789001989693
"GGCGTACCCTATATAA-1",0.270612992734802,0.265374922163696,0.0333688409919303,0.0357304459327512,0.0115113201896014,0.383041653351376,0.000359824635843549
"GGCGTAGGGAAAGCTG-1",0.0584102024556313,0.0470972076270993,0.0125913889965264,0.0463942207292233,0.000252179459777929,0.783559364645542,0.0516954360861992
"GGCGTCCTATCCGCTG-1",0.0709595708137676,0.120774710555958,0.0478460729703469,0.0562642850518961,0.000257480296983973,0.703640400014064,0.000257480296983978
"GGCTAAAGGGCGGGTC-1",0.0590735548503508,0.198444885600159,0.00025767987215719,0.000257679872157192,0.000257679872157194,0.68126492356796,0.060443596365059
"GGCTACTATACACTCC-1",0.073789306656745,0.103763581539265,0.000119712165936062,0.772707550681396,0.0190070668510875,0.0304930699396351,0.000119712165936062
"GGCTATTAAGTTGTAT-1",0.0727022531541874,0.107983008323528,0.0287330499889391,0.045972377077427,0.000168078240733473,0.744273154974452,0.000168078240733477
"GGCTCCTCCACCTGTT-1",0.00559721364605513,0.140926745526489,0.000127768344861034,0.826771649345013,0.0263210864478597,0.000127768344861034,0.000127768344861033
"GGCTCGCGTTGAGGTA-1",0.0226451385745476,0.148576813658511,0.00024798552904771,0.0672501759434627,0.00661136825589166,0.754420532509491,0.00024798552904771
"GGCTCGTGCCACCAGC-1",0.063247529424249,0.100824819905693,0.0189825466511869,0.0163030817477132,0.00016821414058392,0.80030559398999,0.000168214140583925
"GGCTCTGCTCCAACGC-1",0.0234420204145294,0.0687939312360999,0.00547948869901808,0.085082049285541,0.000156895385380917,0.744644338183223,0.0724012767962081
"GGCTGAAATAGCAAAG-1",0.13698462616423,0.188833366884529,0.015982339641005,0.0500842491181969,0.000399503102437938,0.607316411987163,0.00039950310243794
"GGCTGAGCATCGTAAG-1",0.0435062187244978,0.135665546212684,0.00026546769059321,0.0010645251134749,0.0223546399894381,0.796878134578719,0.000265467690593207
"GGCTGGCTAGCTTAAA-1",0.103743874740131,0.106652087300531,0.0343821819635818,0.0501871321454015,0.0544400330056164,0.473647622253628,0.176947068591111
"GGCTTTCAATAAGGGT-1",0.000111066845391711,0.065242235925659,0.000111066845391713,0.0973999233104794,0.000111066845391714,0.836913573382295,0.000111066845391708
"GGGAACCACCTGTTTC-1",0.00375174420869959,0.156442724368878,0.000160943247165173,0.0767972970256613,0.0277710980816115,0.73491524982082,0.000160943247165172
"GGGAACGGGAGGTTAG-1",0.000259292313447641,0.174559788591948,0.00025929231344764,0.161835042245762,0.000259292313447651,0.6625679999085,0.00025929231344764
"GGGAACGGTTTCAGAT-1",0.000118934989299732,0.0665845682113596,0.00518482498985155,0.926868151268414,0.00011893498929973,0.000118934989299732,0.00100565056247576
"GGGAAGACGGTCTGTC-1",0.0609624707518797,0.050724394129395,0.000163441647483896,0.0201215061867141,0.000163441647483896,0.808721506586326,0.0591432390507173
"GGGAAGGGCTTTCTCA-1",0.0749240781246161,0.0719106676375486,0.000257378393409326,0.018640392816048,0.0306495247582825,0.803360579876686,0.000257378393409325
"GGGAATGAGCCCTCAC-1",0.125487221619745,0.055917635500854,0.00793256162138281,0.0107377412883325,0.000260479540121969,0.788931110258432,0.0107332501711322
"GGGACAGAGTTACTCC-1",7.62263445764528e-05,0.042291771170613,0.01976778632907,0.937635537122011,7.62263445764525e-05,7.62263445764496e-05,7.62263445764502e-05
"GGGACCCGTATATCTT-1",0.205686865504678,0.0916091805393131,0.00397801424897942,0.461900326957133,0.00466692053163538,0.225107439598666,0.00705125261959459
"GGGACTGCATAGATAG-1",0.0189065290322174,0.125543774556026,0.000256213583235365,0.0956578240130501,0.0372934069870097,0.722086038245226,0.000256213583235365
"GGGAGAACTCACAGTA-1",0.0331349307206113,0.0774289115600243,0.000168087639717987,0.128151780255818,0.000168087639717987,0.760780114544392,0.000168087639717982
"GGGAGGATGCCCGAAA-1",0.0721302469710525,0.102211776409087,0.000233252770349903,0.205857804151873,0.000233252770349902,0.526165223201396,0.0931684437258921
"GGGAGTAATGGCTGGC-1",0.0801247559898544,0.039452404373867,0.000161444540662657,0.000161444540662656,0.000161444540662658,0.827531547294984,0.0524069587193067
"GGGAGTTAATGAGGCG-1",0.00822277815520571,0.0209612907396707,0.0100847841694628,0.0490549999729804,0.000159250955649536,0.83304734993435,0.0784695460726809
"GGGATGGACCCGCGTC-1",0.0361640424267249,0.100352617382879,0.0145364514956213,0.807856193969802,0.0408737361196675,0.000141313838770274,7.56447665349974e-05
"GGGATGGTCGTAACCG-1",0.107836980185933,0.155151564455289,0.00777948772714491,0.608681519833302,0.0375839531040653,0.082780916777913,0.000185577916352495
"GGGATTTACCGCACCT-1",0.0650625965152233,0.0470131781654667,0.00482747284304884,0.0273868599482636,0.000163921416962202,0.825351051265197,0.030194919845838
"GGGCAACCGCACGTGC-1",0.0489409885111047,0.102237283976706,0.000111687495420565,0.79318903380991,0.0552976312160174,0.000111687495420563,0.000111687495420573
"GGGCAGAGCAATCGTT-1",0.048947327510306,0.145833730841459,0.0760372485415076,0.144015787875128,0.00024783541910201,0.547725053030188,0.0371930167823084
"GGGCAGGATTTCTGTG-1",7.61205358175569e-05,0.0764035220939804,0.0106189019915446,0.878183493638603,0.0345657206684194,7.61205358175608e-05,7.61205358175645e-05
"GGGCCATTCGTGCTGG-1",0.0486440843145866,0.135941694247047,7.75132798433975e-05,0.733077594259658,7.75132798433994e-05,0.0821040873391782,7.7513279843393e-05
"GGGCCCGTCTTAAACA-1",0.106612452902714,0.0692952635108846,0.000163929143830502,0.426072544415239,0.000163929143830503,0.397527951739671,0.000163929143830502
"GGGCCCTACGAAAGGG-1",0.0590608553293534,0.0714749630619831,0.00856532036399122,0.137359856743132,0.000249427841824283,0.723040148817892,0.000249427841824274
"GGGCCGGCCGAAGTAC-1",0.101192001354169,0.0770779790930789,0.00917638988303213,0.0597925558644892,0.00025032281958327,0.672306420032765,0.0802043309528826
"GGGCCTAAATGGGCTA-1",0.00841961684072127,0.0241873706964842,0.000107677671913177,0.0638432791731178,0.0165890622168371,0.886739634184785,0.000113359216141608
"GGGCGATATGTGTGAA-1",0.00775700879020439,0.115017052918403,0.0323778161173626,0.0676188706707517,0.000171811625003522,0.776885628253271,0.000171811625003509
"GGGCGGCAAATGAATT-1",0.15932788708799,0.09604656259944,0.0422698705394482,0.676104929867837,0.000119465612624549,0.000223261018290992,0.0259080232743691
"GGGCGGGTTCCCTACG-1",0.000236018687254699,0.0620203367112503,0.0174371880664493,0.301291700704123,0.0035492607950764,0.615229476348592,0.0002360186872547
"GGGCGGTCCTATTGTC-1",0.104599825646949,0.217550024303022,0.0194056229215426,0.000276145344787053,0.000276145344787053,0.657616091094125,0.000276145344787044
"GGGCGTACATTTATAT-1",0.0720719467296327,0.0503812548193963,0.000163895823670668,0.0412158386054385,0.00016389582367066,0.794798348961067,0.0412048192371245
"GGGCGTCACCACGTAA-1",0.104868285576025,0.0817220694112966,0.022802081265827,0.54384519565299,0.000162600477272141,0.246437167139317,0.000162600477272141
"GGGCGTCCACTGGCTC-1",0.0548175074158389,0.0660723739548342,0.0442684406972439,0.00686358393644862,0.00026475878980869,0.827448576416017,0.00026475878980868
"GGGCGTGGTTTCCCAG-1",0.111909703334663,0.0711440134893158,0.00277264173284445,0.094004154922152,0.000269299251413006,0.716941840454566,0.00295834681504556
"GGGCGTTTACATTCAT-1",0.000116454198556135,0.0752808448625684,0.0298415197841553,0.894423013351392,0.000112722601109421,0.000112722601109423,0.000112722601109421
"GGGCTATGATCGATGG-1",0.0739920015287109,0.101793347960713,0.0512238663652235,0.662766693917042,0.000113349111267415,0.0817550327496095,0.0283557083674334
"GGGCTCATCGAACCCA-1",0.0912887223727742,0.0675773631783065,0.000159341982799137,0.00263279080710338,0.00797723862391509,0.774333166078514,0.0560313769565874
"GGGCTGCCTAGGGCGA-1",0.156338496119045,0.0532313496988032,0.000162697357043555,0.0468659556465403,0.000162697357043559,0.730078998170593,0.0131598056509308
"GGGCTGGTTAGTCGCG-1",0.0360974178091144,0.0792031653629701,0.0336318616594943,0.13131460426407,0.000164551777309858,0.673436040268376,0.0461523588586654
"GGGTACACTCTGGAGG-1",0.0827571178642426,0.151965782172312,0.0246844031940489,0.000164041586962477,0.000164041586962481,0.738381854640192,0.00188275895527875
"GGGTACCCACGGTCCT-1",0.0473635830549832,0.0492057476224353,0.000116889022922864,0.000116889022922865,0.000746235001251175,0.902333767252562,0.000116889022922874
"GGGTACTTCATGAACT-1",0.0602098047770204,0.0463763785928497,0.0133526909344654,0.0373592535081234,0.0045607788317205,0.838038346554917,0.000102746800903628
"GGGTATGTATGCACTT-1",0.000673043147843816,0.0434661726356893,0.0230255025705166,0.0161838472861127,0.00466139331388774,0.911823064075465,0.000166976970485316
"GGGTATTCTAGCAAAC-1",0.000111243482598031,0.0453337147360406,0.00986059947009648,0.727083445849174,0.0260439242417951,0.191455828737698,0.000111243482598035
"GGGTCACCGTGACGGT-1",0.0736955000919773,0.17767297622043,0.000243004956500171,0.0690046803938138,0.054404307822399,0.624736525558379,0.000243004956500167
"GGGTCACGTGCTTATG-1",0.233427152304244,0.252029583447467,0.00124459578174425,0.0373423924423609,0.0243733348050854,0.328726873825331,0.122856067393767
"GGGTCAGGAGCTAGAT-1",0.0542305767105167,0.157441341550537,0.0108679470417424,0.197583038047039,0.0169968225520445,0.562527606290307,0.000352667807813706
"GGGTCATGCGTACCAT-1",0.0160619953768523,0.13940927409548,0.000184817352525564,0.000184817352525565,0.000184817352525561,0.843789461117565,0.000184817352525564
"GGGTCGTGGCAAGTGT-1",0.11865550982977,0.0789688432010532,0.000180784184628397,0.0113516625284117,0.000180784184628395,0.79048163188688,0.000180784184628396
"GGGTCTATCGCTTTCC-1",0.129840672203463,0.161417214480713,0.027978090110213,0.0325575811389994,0.00228149296312491,0.645669405515559,0.000255543587928426
"GGGTGACACCTTAACT-1",0.177576889040707,0.0809377487889348,0.0179510035726034,0.389045511570481,0.000342065942406819,0.33380471514246,0.000342065942406833
"GGGTGCATATGAAAGC-1",0.0260975662692303,0.121904839811258,0.0205051389049785,0.0177508788210304,0.000163598580195865,0.813414379033111,0.000163598580195865
"GGGTGGTCCAGCCTGT-1",0.0717488616388912,0.0159414258513733,0.00849691674962655,0.00356784221712371,0.000108415678460784,0.892594216788797,0.00754232107572704
"GGGTGTTTCAGCTATG-1",0.0241066555760531,0.0828264640096714,0.0157147206434126,0.0518826894659071,0.000160428906678073,0.785074716903869,0.0402343244944086
"GGGTTAACATTTGAGT-1",0.0991305179347997,0.0296294840684912,0.0284714354095563,0.469894251654052,0.00922156916163264,0.36349589068167,0.000156851089798771
"GGGTTCAGACGAACAA-1",0.0863836479534089,0.141041275471822,0.0725929427900162,0.0847103830999323,0.000256504560641162,0.614758741563538,0.00025650456064116
"GGGTTTAGGATAGGAT-1",0.0601596398597435,0.0855629834676426,0.0128503581259217,0.0229985764888677,0.00137233803529334,0.816802008002879,0.000254096019652063
"GGTAAACTCTGCGCTG-1",0.122275057578588,0.178607250838313,0.000267131885678161,0.0342031460630689,0.000267131885678163,0.664113149862996,0.000267131885678159
"GGTAAATGTGCGTTAC-1",0.000312895455167535,0.0487621819942269,0.000171372069906765,0.0165147461921195,0.000171372069906768,0.799475343220843,0.13459208899783
"GGTAACCGGGAGGATA-1",0.0068488021917708,0.129447520238763,0.000120302968819106,0.748390192746742,0.000120302968819107,0.114952575916267,0.000120302968819108
"GGTAACTATGTATCTG-1",0.0461641205963714,0.0968392525377976,0.0136784764114322,0.0280522214818059,0.00016818347308613,0.74670284187189,0.0683949036276168
"GGTACAAACATGCTAT-1",0.00557762835078913,0.0252239911056139,0.0676461654601815,0.472566515536747,0.0169768082860441,0.41174989718287,0.000258994077755244
"GGTACATCTGGGACGA-1",0.125884423443544,0.0644433489832026,0.000163520394453856,0.117113347861509,0.00946804727499555,0.667753956022827,0.0151733560194683
"GGTACCATTAAGACGG-1",0.0483648182966355,0.0688522807158968,0.000182184901828474,0.011403261932721,0.000182184901828477,0.870833084349261,0.000182184901828477
"GGTAGAAGACCGCCTG-1",0.0605474638563456,0.0777903803613017,0.0112782374441768,0.0418490359144209,0.00274660887756854,0.766043207144499,0.0397450664016879
"GGTAGACCGTTGGGCG-1",0.285001808984942,0.17258590173146,0.000358172399302026,0.4242702534112,0.0222516074144651,0.0951740836593289,0.000358172399302024
"GGTAGTGCTCGCACCA-1",0.0678891859392173,0.0536382445053003,0.00839988736243544,0.0450960778857362,0.000157436375770452,0.82466173155577,0.000157436375770461
"GGTATAGTGACACATA-1",0.0357877421204935,0.140290818382883,0.00025814675251785,0.0452135233284033,0.0384250319368163,0.699615426399965,0.0404093110789214
"GGTATTGCCGAGTTTA-1",0.0889288869780247,0.187881284592795,0.0253661847192946,0.0710190401561245,0.0620063600346309,0.564456328214954,0.000341915304176018
"GGTCAAGACTACTTCG-1",0.0661004214582715,0.0929882913796354,0.0102842891525445,0.00566732969911184,0.0158364740069099,0.767594025240295,0.0415291690632318
"GGTCACGTTAGATTCA-1",0.550071494646677,0.158437224916438,0.0559775747317329,0.079707341565645,0.000239602456727924,0.132065287547842,0.0235014741349371
"GGTCAGTGGGTCCCAC-1",0.0780241563342563,0.0609138830125669,0.000167287175985382,0.468403488785165,0.0622487159967785,0.330075181519263,0.000167287175985384
"GGTCATTGTAGTCATA-1",0.0982030601177755,0.148902904219192,0.00213558086538006,0.411339928419368,0.034516822503882,0.248500253592807,0.0564014502815948
"GGTCGGATAAACGGCG-1",0.059504186187644,0.0535557273492863,0.0125745904494152,0.0634108198095819,0.0132451468212606,0.797456691055768,0.000252838327044186
"GGTCGGCCAGGAGCTT-1",0.0717616894992981,0.0808452154786203,0.000160957671772622,0.0606349801321966,0.000160957671772622,0.786275241874567,0.000160957671772622
"GGTCGGTAATTAGACA-1",0.1052077956001,0.102672350862049,0.000248329728535531,0.0694591515988103,0.000248329728535528,0.721915712753434,0.000248329728535533
"GGTCGGTCGTCCACAG-1",0.0423069105322594,0.0744196790126386,0.00426542099494211,0.327006672621744,0.021144446685162,0.513953199269403,0.0169036708838502
"GGTCGTAAGCTCGCAC-1",0.16988328460408,0.0607887936231182,0.00454129472189999,0.471790006123912,0.000226521306093345,0.292543578314803,0.000226521306093345
"GGTCTCCGTCCAGGTT-1",0.000108936761389249,0.0301112885200095,0.000108936761389249,0.000108936761389249,0.0030827614378299,0.91987848249678,0.0466006572612126
"GGTCTCTGAATGGACT-1",0.0629918279053473,0.196090483058629,0.000107485890064495,0.740410207571168,0.000107485890064497,0.000185023794662573,0.000107485890064498
"GGTCTGAGAATCTGGA-1",0.0970430282634223,0.088531580450202,0.00485594151234964,0.0655484027008291,0.000249333947577734,0.743522379178041,0.000249333947577735
"GGTCTTGAGCGCTCTT-1",0.0572505885296504,0.0834920913653972,0.0154554978110925,0.104899020297291,0.024095817623661,0.700495107661119,0.0143118767117883
"GGTGAAACCGGGAATG-1",0.157297047765844,0.150223322312644,0.0291876395180111,0.0364906632590947,0.0253758624079391,0.601058845388717,0.000366619347750095
"GGTGAACGGGCTAGCC-1",0.16205652277177,0.254113655947484,0.0415446601868963,0.0326033952966788,0.000569413026824857,0.46903813801842,0.040074214751926
"GGTGAAGTACAGGGAT-1",5.32103719695575e-05,0.0230556795561685,5.32103719695579e-05,0.964690486600201,5.32103719695584e-05,0.0120409923557522,5.32103719695576e-05
"GGTGAGATGCAGATAA-1",0.0500878683283042,0.0276554265283176,0.00347668493165242,0.030317113725919,0.000170111681432913,0.888122683122941,0.000170111681432913
"GGTGATAAGGAGCAGT-1",0.02271820123506,0.0335590530070032,0.010261095606877,0.108954722920807,0.00016902950539342,0.797340532069008,0.0269973656558506
"GGTGATTTCATCTTGT-1",0.195442291526151,0.0556270282080174,0.042169033419003,0.135674165226721,0.00023949701704843,0.545156055819745,0.0256919287833147
"GGTGCAGAGCCTATCG-1",0.0432986227594528,0.107457174825557,0.015032560628244,0.0153402970935447,0.00017947468151084,0.81851239533018,0.000179474681510843
"GGTGCATAAATGATTA-1",0.0721725105915211,0.0912163285005693,0.000236113843403238,0.39390567762903,0.00733644461256332,0.434896810979509,0.000236113843403232
"GGTGCGGATAAGTGGC-1",0.0315466382068055,0.056780796986407,0.0448040128950509,0.0370104302655097,0.000163666715242523,0.829530788215742,0.000163666715242526
"GGTGCTGATCACAAAG-1",0.00433577461873484,0.0561405886060694,0.00742599587877105,0.00638847530564533,0.000174119354482861,0.84609140690092,0.079443639335377
"GGTGCTGGTACACATT-1",0.212688876319994,0.129636933868351,0.00979801279226607,0.510240718497976,0.000251240900260302,0.072505359926674,0.0648788576944783
"GGTGGACCACGTGTTA-1",0.203297888554748,0.184780389217864,0.000568676479212461,0.0956161377475203,0.01337723923688,0.469693907907021,0.0326657608567541
"GGTGGACTGCTCTGGC-1",0.0566233139580308,0.090687265697175,0.000946442542005868,0.0369437422017458,0.000177804848434663,0.814443625904173,0.000177804848434663
"GGTGTAAATCGATTGT-1",0.104244858060656,0.102919766560979,0.0383974819010803,0.280790620148572,0.000240763942814261,0.473165745443084,0.00024076394281426
"GGTGTTCTGTTTCTAC-1",0.0472124995890825,0.0430249556444668,0.00842660108463291,0.0131200489325315,0.0280009500786716,0.851368427056521,0.00884651761409379
"GGTTACCACCCTCGGG-1",0.000241720008983361,0.103218886921234,0.00206952878101216,0.535065875525146,0.0228826034460007,0.222690466734352,0.113830918583272
"GGTTAGCTATATGTCT-1",0.0669293253568477,0.138269315281067,0.0169590617169065,0.0310135591236563,0.000236596138277027,0.680048318841191,0.066543823542055
"GGTTAGGCTTGGAGAA-1",0.000367493092490205,0.193381830016867,0.000367493092490206,0.101471908427448,0.109248621009251,0.580813132052288,0.0143495223091654
"GGTTAGTTACGGCGCC-1",0.0034876303108102,0.0533631913922643,0.0147733251746064,0.0411358286984878,0.000235001672684365,0.610537855980729,0.276467166770418
"GGTTCCACCCGCTTCT-1",0.0132630966767834,0.102648664515578,0.0345782634700819,0.0190566218294491,0.0330996520857047,0.797182393449781,0.000171307972621721
"GGTTCTACTCGTCTGA-1",0.0936681289706564,0.0978254210132945,0.00837161178264107,0.0158015028765726,0.00733872731667982,0.730614626952542,0.0463799810876139
"GGTTGTATCGTGAAAT-1",0.179166741213865,0.14303740053658,0.0885357025612554,0.0396885943150499,0.000239643481346231,0.549079532421103,0.000252385470800844
"GGTTGTGTAGCCTGGC-1",0.00444400108269591,0.018569879942062,0.000172853377571759,0.0112803859272856,0.000172853377571748,0.941367938430729,0.0239920878620842
"GGTTTAATTACCATCG-1",0.224620561942963,0.171306001866936,0.0321336705232017,0.513855069112599,0.0104549259690054,0.0474720745704204,0.000157696014874672
"GGTTTACAATCTCAAT-1",0.00604041574978756,0.111817999744961,0.000168393391672694,0.0758121872972742,0.0408400091375034,0.765152601287128,0.000168393391672698
"GGTTTAGCCTTTCTTG-1",0.0577565690293521,0.0330812634444425,0.012462970999696,0.00604406977241903,0.0247090248175595,0.860330386332552,0.00561571560397855
"GGTTTCAATCGGTCAG-1",0.016105630525386,0.0476025925521957,0.00176045870580877,0.0114306984419447,0.0208969394488803,0.884183522630851,0.0180201576949336
"GGTTTGAGTGCTGGAA-1",0.0541650281107267,0.0177560024617481,0.0113478597729826,0.000165982332902135,0.000165982332902132,0.894809086323993,0.0215900586647453
"GGTTTGTGACCTGAGG-1",0.108378376461582,0.0528905356133861,0.000169297833196697,0.0354467447844366,0.0384016439123707,0.756337472439047,0.0083759289559814
"GTAACATCTAAGATAA-1",0.0616383774843435,0.0659877771429916,0.00979264274617249,0.0127703185934463,0.0344297647748485,0.775091964550177,0.0402891547080211
"GTAACTGCCCAAGGAG-1",0.103796759810278,0.0943926049262964,0.000224967744046402,0.275045494722743,0.000224967744046402,0.526090237308543,0.000224967744046401
"GTAACTTGCGGCAGTC-1",0.0571469522071291,0.0548623198849715,0.000162445448423772,0.0213331358724336,0.00174202058343719,0.864590680555181,0.000162445448423769
"GTAAGCGGGCAGTCAG-1",0.0921266861274792,0.0917248809970694,0.00784955410404781,0.105849314445997,0.000248434711102369,0.677139485260884,0.0250616443534203
"GTAAGGATTTGTCGGA-1",0.0152441719696396,0.0421589457254831,0.000165196258451263,0.000330171926182039,0.0297962316279821,0.912137096475298,0.000168186016963765
"GTAAGTAACAGTCTGG-1",0.0321140211506324,0.0592126573053023,0.000160319987554889,0.0787513519681595,0.00016031998755489,0.829441009613241,0.00016031998755489
"GTAAGTAGGGTATACC-1",0.0249932032556916,0.270102372136975,0.0176775825297852,0.00462229547778464,0.000251584122000103,0.612660055076303,0.0696929074014603
"GTAATAAAGGGCTCCC-1",0.0728038186242376,0.16548250484956,0.00600723005247714,0.0842134666272612,0.000368503112377432,0.63792610535976,0.0331983713743269
"GTAATCTGATTCTTCG-1",0.011212115338831,0.0653070864390185,0.014634997035458,0.61765384259566,0.000161439231462073,0.290869080128109,0.000161439231462075
"GTACACTTACCTGAAG-1",0.0756040858572337,0.0676837571245905,0.0208769675702293,0.245982945487167,0.000247088056439329,0.589358067847901,0.000247088056439327
"GTACAGAGGCAAGGGT-1",0.0904549264373187,0.0754667338649786,0.000173453774474808,0.056206265598865,0.000173453774474808,0.753729941155006,0.0237952253948824
"GTACGACGGCGCTGCG-1",0.103793797886366,0.0912693479932719,0.0351904384733258,0.000167008844625682,0.000167008844625683,0.76924538911316,0.000167008844625678
"GTACGAGATTGCGACA-1",0.0578172390536603,0.0098901400660055,0.000259530987383856,0.212093400492703,0.000259530987383856,0.719420627425479,0.000259530987383856
"GTACGCTTCATTGCAC-1",0.0709129595416711,0.0805715118265046,0.000168998831965901,0.0757987881954639,0.000168998831965903,0.772185454876319,0.000193287896110113
"GTACGTCACGTATTAA-1",0.212904584985838,0.159583888626879,0.00363637745183113,0.09855944547436,0.000782180144259708,0.386619797447261,0.137913725869571
"GTACGTTTGCCCGTCA-1",0.13896610960294,0.0823700136198481,0.000163421856923355,0.0406085660099058,0.000163421856923356,0.737565045196536,0.000163421856923358
"GTACTAAGATTTGGAG-1",0.0143614850933969,0.0904650906964737,0.0253079918304599,0.0700733975068454,0.000104451847653639,0.799574978884453,0.000112604140717746
"GTACTCCCTTATCGCT-1",0.0517560957511941,0.125108840970537,0.0433755493513159,0.0292116400966379,0.00627208200100199,0.580087941044401,0.164187850784912
"GTACTCCTGGGTATGC-1",0.068397588245418,0.0430942779048503,0.000168593470881965,0.00866197663314785,0.000168593470881965,0.879340376803938,0.000168593470881972
"GTACTGAGGTCGTAAC-1",0.0183380245956191,0.050123572522243,0.0108491316365163,0.0001079595394119,0.0114906540417208,0.908982698125077,0.0001079595394119
"GTACTGCATGAAGCGT-1",0.104324444778604,0.0754170294035889,0.0148023225097777,0.000247737648010471,0.000247737648010471,0.661191183064276,0.143769544947732
"GTACTGGAGTTAGACC-1",0.0802693601142807,0.0638516692020529,0.00467651644343147,0.0521528819495461,0.000166860025981775,0.798715852238725,0.000166860025981771
"GTACTTGGGCACTTCT-1",0.110518260560333,0.0156443251237461,0.0546998955793245,0.0808619906873255,0.000249182417384618,0.677538904354835,0.0604874412770512
"GTAGAAACGGGTGGAG-1",0.0536866019170304,0.185844369499194,0.0140554794025786,0.0465068485545839,0.000399861100693253,0.699106978425226,0.000399861100693257
"GTAGACAACCGATGAA-1",0.0697878533008003,0.0507051580193355,0.0473546613177732,0.000161103028288852,0.000161103028288851,0.793362153221679,0.0384679680838342
"GTAGACACGCCTGACT-1",0.0448754918036699,0.0690646600933988,0.000165753403923429,0.055496561348861,0.000295587617588979,0.829936192328634,0.000165753403923429
"GTAGACGTCGTTACAT-1",0.0990502357099728,0.0467661762671666,0.00016129118714488,0.00692082755450079,0.00750300669847818,0.839437171395592,0.000161291187144881
"GTAGAGGGAGACAAGT-1",7.54121168732448e-05,0.0301088963538287,0.00952944517008369,0.853435709517795,7.54121168732426e-05,0.106699712607672,7.5412116873247e-05
"GTAGCCAAACATGGGA-1",0.0363865889484175,0.0586378007685508,0.0112690260363842,0.0401724375228129,0.000107644867312013,0.853318856989211,0.000107644867312012
"GTAGCGCTGTTGTAGT-1",0.00017156122689455,0.0404941615453169,0.0259777808414758,0.00017156122689455,0.00017156122689455,0.888434554184258,0.0445788197482661
"GTAGCGGCTATACACT-1",0.066227011359896,0.0324986477201449,0.0315873962017866,0.0643901203800718,0.00015779266711226,0.804114304633923,0.00102472703706554
"GTAGCTAGTAAGCGCG-1",0.157264219639497,0.107340490424418,0.0300527569655057,0.00948870585804616,0.00023370028214718,0.585327076028679,0.110293050801707
"GTAGCTCCGGGAGGCT-1",0.00788322362459303,0.0486943165593678,0.0322873522961086,0.903045549840378,0.00717696269026927,0.000833390380757082,7.92046085262761e-05
"GTAGCTTCCTCTTGTT-1",0.021630568870773,0.134915080316674,0.00016794903023881,0.0273863547055637,0.0111180681428124,0.804614029903699,0.000167949030238809
"GTAGGTGATCCGTGTA-1",0.0427729708275895,0.132299807321303,0.000265568770395736,0.0864046395379066,0.000265568770395737,0.682021039069807,0.0559704057026023
"GTAGTCGCGGGAATCA-1",0.024373697738888,0.0692007325979298,0.0182461936498946,0.0657830444076171,0.000245922165497888,0.722901063230542,0.0992493462096304
"GTAGTCTACGATATTG-1",0.0851572300588031,0.09313640981494,0.000164991048776336,0.0561639170647796,0.000164991048776333,0.706594130814964,0.0586183301489609
"GTAGTTCGAAGGCGAA-1",0.173952140609766,0.153692825022513,0.0101330180446698,0.59217135847678,0.0136240296098961,0.0562573934102385,0.000169234826136798
"GTATAATCTCCCGGAT-1",0.0835037564257043,0.183246441348476,0.0214685029624946,0.110243994585407,0.000381962268032689,0.55638304314639,0.0447722992634953
"GTATAGGACTCAGTAG-1",0.0786618280157597,0.0770934909553457,0.0001764581589082,0.0597706781473068,0.0001764581589082,0.783944628404863,0.0001764581589082
"GTATAGTGGCCCATGT-1",0.0423044663270693,0.0430965496032852,0.00693310141976669,0.000161226059911809,0.00170182505452427,0.836512296424551,0.0692905351108921
"GTATATGTTACGGCGG-1",0.0815887422364671,0.19555185582949,0.0485248379732076,0.0599765211947069,0.000237294291267818,0.613883454183593,0.000237294291267824
"GTATCAAACGTTAGCT-1",0.158689935584119,0.0862981578129658,0.00160855286408815,0.000171845019641136,0.000171845019641138,0.752887818679904,0.000171845019641135
"GTATCAGCTTGGGTTC-1",0.0806315078028745,0.000182595442103582,0.00425057481511808,0.000182595442103581,0.000182595442103581,0.914387535613593,0.000182595442103584
"GTATCCTTTGGTAACC-1",0.0560026154409871,0.078443148551045,0.00128033576539502,0.0156923041837078,0.00016654528669166,0.848248505485482,0.000166545286691658
"GTATCGGGACGAGCTG-1",0.0656817239351629,0.198548271346183,0.000250979658776692,0.0876027838561579,0.000250979658776693,0.647414281886166,0.000250979658776687
"GTATCTCAGTCTTGAC-1",0.000120326471565692,0.115921053858645,0.0272285694607918,0.768911692330193,0.0875971092960872,0.000110624291358845,0.000110624291358845
"GTATCTCCCTAACTGT-1",0.167904602696107,0.232661230571628,0.00658421863546603,0.0803759861848831,0.020387717533045,0.491741783957409,0.000344460421461322
"GTATCTTGTTGCTCAC-1",0.138017610728507,0.119597478423354,0.0275453939200992,0.0430858913210006,0.0376360710845472,0.63387536072544,0.000242193797051465
"GTATCTTTCATAACCA-1",0.043369143937523,0.0705864774228559,0.000784231357743147,0.101791076407794,0.000151111838028281,0.660043950060728,0.123274008975328
"GTATGAAATTTCACTC-1",0.000173812430990562,0.081894862638674,0.000173812430990572,0.523006117299594,0.000173812430990571,0.39440377033777,0.000173812430990569
"GTATGACGTGGGAAAC-1",0.116472521921927,0.152461538248128,0.00773301494627869,0.266757114473598,0.000379408314521964,0.455816993781024,0.000379408314521965
"GTATGTGGGTCTAGTT-1",0.0761348357285008,0.056433530950586,0.0163178142078983,0.0553466274200068,0.000241553948794209,0.692683673368779,0.102841964375435
"GTATTAAGGCGTCTAA-1",0.116406907004393,0.0689546108746991,0.000162664784190762,0.0335331295443692,0.00590792620136754,0.77487209680679,0.000162664784190762
"GTATTCTGAGAAACGA-1",0.0314154677225921,0.0553720348019603,0.0951324212892334,0.764719267465167,0.0530989129505855,0.000184038637426439,7.78571330354223e-05
"GTATTTAATGGCATAA-1",0.0969165035765401,0.184430262389399,0.000346462037499942,0.122197247165277,0.00331304824005524,0.505830155395288,0.0869663211959408
"GTCAAAGAAGTGGTGT-1",0.000123802393994345,0.159412945356616,0.0174424325050387,0.822649412562367,0.000123802393994363,0.000123802393994346,0.000123802393994335
"GTCAAAGTTTACATAG-1",0.0206440798093745,0.060117120298291,0.000164221658562128,0.0142372320247429,0.00611300720529185,0.898549879397354,0.000174459606384236
"GTCAACCAGGCCTATA-1",0.0557026412840394,0.0701929055359668,0.000249862300617996,0.0325237744105371,0.0110372727551721,0.767470498306684,0.0628230454069821
"GTCAAGCGGACTCGGG-1",0.0177328846560022,0.0278748538704393,0.000161122488511596,0.0368967617395434,0.000161122488511597,0.864318534065336,0.0528547206916561
"GTCAATTGTACTGAAG-1",0.296045121925353,0.114767061719554,0.000338841490359189,0.118470882384035,0.000338841490359189,0.36022116597669,0.109818085013649
"GTCACAAAGTTTCCAA-1",0.0284908654409199,0.0554131930240771,0.0001709795559418,0.0001709795559418,0.0001709795559418,0.915412023311236,0.000170979555941803
"GTCACCTGTCTATGTC-1",0.101353249847194,0.0991328362612313,0.000325186777151517,0.00027056979111102,0.00027056979111102,0.761627359677339,0.037020227854862
"GTCACTCTCCAAATCT-1",0.0449919517606869,0.0508650975319916,0.0398004162844397,0.0125002291067643,0.000167029256443258,0.851508246803231,0.00016702925644326
"GTCAGAATAGTCTATG-1",0.0669837076713497,0.0831873105965365,0.000463318474851647,0.0252598612817923,0.000166098091048855,0.823773605793372,0.000166098091048856
"GTCAGTTGTGCTCGTT-1",0.05306034361866,0.0787830657555137,0.0191957074802806,0.000174396715365791,0.00017439671536579,0.848437692999448,0.000174396715365791
"GTCAGTTTGGTAGTCG-1",0.0608736348277282,0.0528696869612457,0.000165125206771487,0.0133706868771899,0.0119307919105493,0.732310436736445,0.12847963748007
"GTCATCTCCTACAGCT-1",0.13777440475484,0.114981020708997,0.0913188421236655,0.0894842176227315,0.000354691234024054,0.532075174350853,0.0340116492048892
"GTCATGCACCTCCGTT-1",0.0639814746431492,0.0306429764027125,0.0259116515411883,0.0602126817077297,0.000166145452077425,0.804127939005196,0.0149571312479469
"GTCATGCGCGAGGGCT-1",0.0559658091407123,0.119543836472891,0.000168063152176509,0.031152423645697,0.000168063152176513,0.764918579252807,0.02808322518354
"GTCATGGACATGACTA-1",0.0778413019696371,0.0700475540099127,0.0160166864695509,0.0335610782485408,0.000166846914197915,0.716052442316503,0.0863140900716581
"GTCATTAGAGCGAACG-1",0.032531729454252,0.0691954365861249,0.0083201665969156,0.271478854910834,0.000239496755208428,0.617994818941457,0.00023949675520843
"GTCATTGCATTGACCC-1",0.051919419705001,0.0730742754806927,0.0324927350476285,0.0311281074904519,0.000163765824489531,0.718681102425224,0.0925405940265122
"GTCCAATATTTAGCCT-1",0.0610926956599314,0.0423728329904392,0.000927490270472111,0.0776411143514073,0.000159047564171309,0.817647771599408,0.000159047564171302
"GTCCATTACTGCTACG-1",0.0883998355657077,0.0880552227982348,0.0212050283263919,0.019705231194604,0.0015670142400458,0.773840533287691,0.00722713458732503
"GTCCCAACGTAAAGTA-1",0.0798832142724206,0.0734888907218524,0.00504577522998066,0.126075794796731,0.00016125258848651,0.715183819802042,0.000161252588486517
"GTCCCGCGACGTTATG-1",0.0114816476046696,0.0514801834191373,0.0328815573735046,0.0242892297544771,0.00311407353069553,0.876594112882918,0.000159195434597938
"GTCCGGACCTGAAATT-1",0.0537464479104573,0.070528416734275,0.00368247740084324,0.0842947592662079,0.010857680343217,0.776720509132089,0.000169709212910856
"GTCCGGCTGAATTGCG-1",0.125167032492489,0.0636026063683917,0.0353525138155904,0.0229125206073534,0.00015481733445446,0.718659220522393,0.034151288859328
"GTCCTACAGGCGGCTC-1",0.0266695638495633,0.0587588464949646,0.000179393593030628,0.00017939359303062,0.0314668192112994,0.882566589665081,0.000179393593030621
"GTCCTACGAATAGTCT-1",0.000157672570477554,0.0288335012346018,0.0031061505113221,0.0288934307847238,0.0259508337498137,0.912900738578584,0.000157672570477553
"GTCCTAGGATACCTTA-1",0.000136308144858995,0.0361208124679922,0.000115172943160684,0.929297025647709,0.034100334909958,0.000115172943160691,0.000115172943160683
"GTCCTTCTAGTGGGTT-1",0.0156290089347883,0.135564814325293,0.000261941050675762,0.0558271410860965,0.000261941050675762,0.792193212501795,0.000261941050675762
"GTCCTTTAATGACTTC-1",0.123637862545252,0.105681313927425,0.0139159445210533,0.0396741814627289,0.016696276362339,0.442737766972896,0.257656654208307
"GTCGAATTTGGGCGCT-1",0.00694879338722639,0.133075672952034,0.0130826740112394,0.764259879546846,0.0824157222944769,0.000108628904088773,0.000108628904088776
"GTCGCCGTTGTGTGTT-1",8.58714522644312e-05,0.0107432196430141,7.62829049211007e-05,0.988865777285037,7.62829049211032e-05,7.62829049211064e-05,7.62829049210987e-05
"GTCGCGTAACCCGTTG-1",0.0218368900162076,0.05854248647711,0.00661145330926202,0.000106823674507695,0.0001068236745077,0.912688699173897,0.000106823674507695
"GTCGGATATCTCAGAC-1",0.0770134174038555,0.0383735292867108,0.000112148621972613,0.0140597177544362,0.000112148621972613,0.864751576872481,0.00557746143857141
"GTCGGATGTAGCGCGC-1",0.0221855842136774,0.0435509527502812,0.0206706343562336,0.110315019653109,0.00023804782328358,0.704882314571205,0.0981574466322098
"GTCGGGAAGCAGAAAC-1",0.0118499594285935,0.0672223761445798,0.000160206146878383,0.107785074980814,0.01865999539408,0.794162181758176,0.000160206146878383
"GTCGTACCATCTCGGG-1",0.0721132425101048,0.096937400369874,0.0186727077856438,0.1559361040849,0.000153553449401829,0.656031181559623,0.000155810240451693
"GTCGTATTGGCGTACA-1",0.0137969116330472,0.0733596338152878,0.000250348464905308,0.0999991785621929,0.0217325794012983,0.790610999658363,0.000250348464905313
"GTCGTCAATTATAAGG-1",0.1105415162041,0.0703162471209345,0.000167577644915304,0.000167577644915309,0.000167577644915303,0.809663245104133,0.00897625863608703
"GTCGTGTCTGGTCATC-1",0.0526362037217021,0.0325773681933128,0.00306964472212664,0.000165083492239509,0.000165083492239509,0.819361140271344,0.0920254761070355
"GTCGTTATTCGCTTAT-1",0.0484797919259326,0.0225676024837514,0.0172572686947275,0.0341021846560919,0.00821694605176461,0.869198241579546,0.000177964608186274
"GTCTACTCAATTACAA-1",0.0969552615566923,0.100403390366069,0.0235150068142122,0.0126567157639705,0.000162002712298594,0.766145620074459,0.000162002712298601
"GTCTAGTGAGCCGCTT-1",0.0386577174160825,0.0505815817134452,0.0281050786391025,0.0166774257528716,0.000800214890131689,0.865008865221306,0.000169116367060822
"GTCTATCTGAGTTTCT-1",0.040432071631508,0.176591405861307,0.0247201774747241,0.237569379273108,0.000237151752561658,0.520212662254229,0.00023715175256166
"GTCTATTGGTTCCGGT-1",0.040445776364986,0.101166497655107,0.000267532740521,0.0521438319767491,0.0340838870592602,0.705804441457634,0.066088032745743
"GTCTCAAGGCCCGGCT-1",0.140001226725814,0.0706167571284236,0.000163435959895806,0.142664423198157,0.000163435959895806,0.646227285067918,0.000163435959895807
"GTCTCCTGCCAGTATG-1",9.21729495465959e-05,0.142774561679412,7.75143678248097e-05,0.856823207899742,7.7514367824803e-05,7.75143678248158e-05,7.75143678248079e-05
"GTCTCGACTAAGTTTG-1",0.0640352207071996,0.0421665050816466,0.00126812808969755,0.000171956704855192,0.000171956704855192,0.892013872947284,0.000172359764461909
"GTCTCGATCTGCTTTC-1",0.000111525681904106,0.0214514499834362,0.000111525681904103,0.0151421737149634,0.0239128389608316,0.939156283657663,0.000114202319297891
"GTCTCGCCAACACGCC-1",0.131757137439112,0.169778305885132,0.00270430708499066,0.0265347606666177,0.000255631061935242,0.650462841988223,0.0185070158739892
"GTCTGGGCGGTCGAGA-1",0.035224173102904,0.0690432602551524,0.000166991101740473,0.32797419329358,0.000166991101740473,0.567257400043142,0.00016699110174047
"GTCTGTAGGTTGAACA-1",0.00871671691473528,0.237989707289058,0.000234642687662782,0.501897377447067,0.0247132397217776,0.226213673252037,0.000234642687662785
"GTCTTAGTACAGCCGG-1",0.080003128910902,0.0186641232131241,0.0152460604626498,0.219878480644965,0.000255388211626755,0.665697430345106,0.000255388211626756
"GTCTTGAGGAGCAGTG-1",0.0912272846965907,0.0264597564913212,0.00809466316572336,0.0065737168018807,0.000109189790303044,0.867426199263878,0.000109189790303043
"GTCTTGTAGCTATTCA-1",0.116492292213653,0.0474929091107916,0.00660504104996826,0.0177109108801829,0.000170483239419662,0.733572267217185,0.0779560962887997
"GTGAAACGGCGCCACC-1",0.026677798590561,0.0416596776911122,0.031603707258995,0.0405681705465873,0.000247277136199183,0.798070432420876,0.0611729363556692
"GTGAAACGTGCTCCAC-1",0.0457878602294684,0.0788841475720233,0.0194500292325404,0.000155754437275889,0.0164126545163154,0.717073873029052,0.122235680983324
"GTGAACTCCCATTCGA-1",0.0180736584675065,0.037009035954196,0.0125659649828257,0.0149183012640654,0.000161838987441762,0.902685980401323,0.0145852199426417
"GTGAAGATTTCAAGTG-1",0.0674505533327162,0.0491041050272205,0.0199151166780972,0.0290875384916039,0.000356593176161603,0.833907740980767,0.00017835231343398
"GTGAAGCCGTATAGTC-1",0.0926829821056753,0.0555333255284003,0.00022379117614625,0.0254610956041563,0.000172650945301975,0.805865628153266,0.0200605264870541
"GTGAAGTCACGACTCG-1",0.100251387881545,0.21772467854918,0.166257258132201,0.314149840739617,0.000548605730637345,0.200519623236182,0.000548605730637344
"GTGACAGCTTCCCACT-1",0.0285475241470803,0.0590470331905495,0.000168631004689883,0.0503992371768388,0.00284333045770368,0.858825214265504,0.000169029757634171
"GTGACCGCACACTACG-1",0.0486507491868047,0.04297316071804,0.000171561897082181,0.0163176513619429,0.0144809064472968,0.86036911184475,0.0170368585440833
"GTGACGAGGGTGACCC-1",0.062604567856529,0.0353413660973189,0.000155013329904235,0.00155053910401108,0.00881131781834908,0.776401691694665,0.115135504099223
"GTGACGCAGGTTTCAT-1",0.0337467689560557,0.0619703176081607,0.000164255725923017,0.0340214465046541,0.000164255725923018,0.855656719842242,0.0142762356370411
"GTGACTTCAGTAGTGC-1",0.0269539117236696,0.076946221168892,0.0276215830590605,0.53919209370665,0.10349316034201,0.225628166641644,0.000164863358074074
"GTGAGATAACCTTATA-1",0.0402331079838914,0.151741673441901,0.000176947511864002,0.676866912123765,0.000176947511864002,0.130627463914851,0.000176947511864002
"GTGAGCGTGCTGCACT-1",0.0395601121486073,0.0522055361449237,0.00909484357517379,0.0605971603283983,0.000165464195257851,0.838211419412381,0.000165464195257851
"GTGAGGACACTTAAGG-1",0.0389136805373291,0.0575472480821702,0.000162821157803655,0.205337061073161,0.000162821157803653,0.697701576967686,0.000174791024046655
"GTGAGGAGCGGTTGAG-1",0.00602407260940022,0.0378821650417233,0.00425259720627484,0.000411301185689571,0.00623395838233858,0.945082191482658,0.000113714091915224
"GTGAGTGGTACAACGC-1",0.200632760112037,0.243477470748629,0.000350312806945622,0.303072179765011,0.0176048658614677,0.234512097898964,0.000350312806945625
"GTGATCAAGCGTGCAC-1",0.00010843213616236,0.0418569330826064,8.11674883217584e-05,0.957674322777057,8.11674883217582e-05,0.000116809539208697,8.11674883217564e-05
"GTGATCACTAACGCCT-1",0.112927410915466,0.0944692214697143,0.000166209885999361,0.0360346463177979,0.000166209885999363,0.756070061344139,0.000166240180884317
"GTGATCATAGATCTGC-1",0.0752640166229083,0.163899183231151,0.000235886408299432,0.360290774352899,0.00506767253941961,0.395006580437023,0.000235886408299433
"GTGATCCTTGTCATGA-1",0.046191822259964,0.0518404405680788,0.0179570304963776,0.0389582634173852,0.0260532959895838,0.818825165158579,0.000173982110031287
"GTGATGCACAACATCT-1",0.00332712315353643,0.0439925941898183,0.0295722519758993,0.0594896607225524,0.000162217440864046,0.863293935076465,0.000162217440864047
"GTGATTCGCCGCTCAA-1",0.0467955327051394,0.0188594177111946,0.00601174650740182,0.6597831568209,0.000110707402004441,0.236744307903655,0.0316951309497048
"GTGCAACAAATGTGGC-1",0.0212110594620994,0.0561239184074293,0.0244053038284249,0.0626010391262915,0.000175203269010905,0.835308272637733,0.000175203269010901
"GTGCACCAGCTTCAAC-1",0.107036920885186,0.153613577897875,0.000245112790531381,0.161581763236354,0.000245112790531382,0.577032399608991,0.000245112790531381
"GTGCACGAAAGTGACT-1",0.000166624546151521,0.0796375432500102,0.00016662454615152,0.0136142274677106,0.000166624546151519,0.893002353264892,0.0132460023789329
"GTGCCATCACACGGTG-1",0.0978818835309653,0.12154252605209,0.0229079912846204,0.197223930844844,0.000148501915518839,0.560094093739718,0.000201072632244003
"GTGCCCGTTCGGATTC-1",0.0051766284730263,0.0640617400125372,0.00678880342080723,0.0170934673902987,0.0026563064601167,0.904054667382812,0.000168386860401522
"GTGCCGCTTCAAAGGT-1",0.0224618034781739,0.0841321345336088,0.000160929494790706,0.60608144479676,0.000160929494790706,0.286841828707085,0.000160929494790705
"GTGCCTCAGTGTACGG-1",0.0570594838128508,0.092562882267763,0.0213420752432817,0.0382871792320489,0.000263424541260867,0.770193407398377,0.0202915475044177
"GTGCGAAATCGAACAC-1",0.113670533644311,0.146241890393907,0.0331315487296638,0.58903781378379,0.000171827878906789,0.117574557690516,0.00017182787890679
"GTGCGACAGGGAGTGT-1",0.120409703976066,0.0953862305536413,0.0312895069354372,0.0257666680216645,0.000398758233089948,0.716889553379293,0.00985957890080878
"GTGCGCAGCTTGCTCC-1",0.116602220672746,0.277839853793058,0.0423054017603446,0.0538839760605097,0.000334800915414801,0.440491041585649,0.0685427052122774
"GTGCGCTTACAAATGA-1",0.100508093143506,0.205658638528714,0.000259836583758273,0.0219333526586269,0.0100001428015902,0.656197601903768,0.0054423343800368
"GTGCGGGACCATCGGC-1",0.445172698241223,0.161991534048195,0.0278277415249356,0.000259990756594465,0.000259990756594463,0.364228053915863,0.00025999075659444
"GTGCGGGTCTCCAAAT-1",0.0592945250708804,0.0551330616485139,0.0125526479333521,0.116982065580528,0.000165826162423182,0.714629179185681,0.0412426944186217
"GTGCGTGTATATGAGC-1",0.00487055098122941,0.0202037685460469,0.00723160942430748,0.0361612477580111,0.0198681898651335,0.91155880567318,0.000105827752091158
"GTGCTCAAGTACTGTC-1",0.0319105971521764,0.102539704931517,0.0207813948182447,0.115181416740848,0.0608745392395027,0.668281019154518,0.000431327963192779
"GTGCTTACATCAGCGC-1",0.0899288007579474,0.0720547834465759,0.010311138514191,0.00024532998252912,0.0471212874173017,0.713536265620079,0.0668023942613755
"GTGGAACCTACATGCG-1",0.007478380214075,0.0335730570885575,0.00974270324311333,0.0550613121797535,0.000167762046285015,0.876994046691896,0.0169827385363197
"GTGGACCAACCCGATT-1",0.000153337854739927,0.0696853421440349,0.000153337854739927,0.367066504175415,0.000608360675797081,0.562178826549587,0.000154290745686339
"GTGGACGCATTTGTCC-1",0.0813221948268524,0.0617552277262502,0.000165654561840691,0.116136330867857,0.0167965724073451,0.723658365048013,0.000165654561840691
"GTGGACGTGCTGAGAC-1",0.00345151963661284,0.079335079460117,0.000107277124675482,0.0302740942344129,0.000107277124675484,0.886617475294831,0.000107277124675481
"GTGGAGCGTTTACCGA-1",8.04200711667277e-05,0.0279206446378081,0.016201751863007,0.836389545006184,0.0172559950368826,0.102071223313785,8.04200711667284e-05
"GTGGAGTCGGCGGTTG-1",0.0063214480941949,0.0504360031278741,0.0535688335479951,0.872177368450987,0.0172476732735733,0.000124336752687971,0.000124336752687974
"GTGGCAAACAGCGGCA-1",0.0165925590783045,0.053411603289841,0.00603854268900952,0.899183051552908,0.00380866240549768,0.000231395742057061,0.0207341852423824
"GTGGCCGGTTTCTCGG-1",0.000107758169111251,0.13265173834077,0.0400821104873123,0.781413930057375,0.00785206551039887,0.000174931974460223,0.0377174654605729
"GTGGCGGGCCGTAGCT-1",0.0318100863486199,0.0874875721864786,0.000165705498106925,0.00985138855159389,0.0262554796271052,0.809525276160803,0.0349044916272926
"GTGGCGGTCCCAGCGT-1",0.00606703200286132,0.0517339516548722,0.0232570438853946,0.0475522721766821,0.000109625617506474,0.87116332786216,0.000116746800524027
"GTGGCGTGCACCAGAG-1",0.13353555762169,0.0199211163723044,0.0537338101544443,0.0633289413605666,0.000327096969982849,0.596645404351047,0.132508073169965
"GTGGGAAGACTGAATC-1",0.0607439989854306,0.0434030538850397,0.0386248389187937,0.140759062536952,0.000159444131484185,0.716150157410816,0.000159444131484185
"GTGGGCTTAGACACAC-1",0.0999809997504272,0.129596207514103,0.0063044124056259,0.0363631656748627,0.0233293914752912,0.70426445543516,0.00016136774452961
"GTGGTATAGTCTGCCG-1",0.0485123916270155,0.104049079755619,0.130452054097367,0.716638983539224,0.000115830326924585,0.000115830326924586,0.000115830326924586
"GTGGTCAGCGAAGTAT-1",0.0183110789491616,0.0512268687080061,0.0137623789353983,0.00017030064135863,0.011576375131959,0.904782696992758,0.000170300641358649
"GTGGTGGCCAAGTGAA-1",0.0888584038498887,0.119062431842282,0.0187401194918484,0.097575118864168,0.000260845769565054,0.675242234412683,0.000260845769565054
"GTGGTTACTTCTTTCG-1",0.0652519354400494,0.0936929667142969,0.021823302227582,0.0105246845463263,0.000166748013884947,0.808373615043976,0.000166748013884948
"GTGGTTTCCGCCTTTC-1",0.0521670582932212,0.138307336729547,0.0104321766978397,0.113442542825604,0.000163742361805769,0.685323400730177,0.000163742361805771
"GTGTACCTTGGCTACG-1",0.0231215811098179,0.019497143110166,0.0001687104495688,0.0612261886209006,0.0001687104495688,0.895648955810409,0.000168710449568798
"GTGTATATCAGCGGGC-1",0.0731004428696783,0.0855727548651599,0.00465567294505748,0.045566820602296,0.000164744274858611,0.767052088347121,0.0238874760958281
"GTGTATGACTTTAAAG-1",0.2189148573687,0.262597178811606,0.00037520209963781,0.0873922853273855,0.0322886896466545,0.398056584646379,0.000375202099637814
"GTGTCAGTGTACGTGG-1",0.0622742085406919,0.156274960588348,0.055906857376378,0.583384807588106,0.0182525570262511,0.123740940410329,0.000165668469896821
"GTGTCCGATAAGGCAT-1",0.0669807592604829,0.0742183253196843,0.0144637399641377,0.0699471701435815,0.000169282672028425,0.708547611647399,0.0656731109926864
"GTGTCGTATAGCGTTC-1",0.0641666177913608,0.0699183818875974,0.0107068827795785,0.0243571364323363,0.0242519686798136,0.729541913277915,0.0770570991513986
"GTGTGAATAACTTAGG-1",0.0365502346716285,0.122967438916613,0.00790301683893598,0.0967065757431089,0.000166564132854328,0.735539605564005,0.000166564132854328
"GTGTGAGCCGAGGTGC-1",0.133272701275935,0.166360661195365,0.00026141547945272,0.03987023876755,0.000261415479452721,0.659712152322791,0.000261415479452725
"GTGTTACTATGCGTCC-1",0.0575538869608042,0.0400773430489926,0.000108946085803763,0.0574095522692057,0.0119961387259397,0.83274518682345,0.000108946085803765
"GTTAAAGTAGGACTGG-1",0.0301024788171951,0.046314496188229,0.024690816829509,0.0160477159375371,0.00153403522957796,0.881139053250723,0.000171403747228443
"GTTAACATCACTTAAA-1",0.0435251264729754,0.0930058440764183,0.00017106025373067,0.052983336794476,0.00267551367748593,0.807468058471183,0.000171060253730668
"GTTAACTATGTTGTCA-1",0.0618654069825755,0.0416716727381024,0.0121762548941444,0.0335799921021684,0.000171476102623002,0.850363721077763,0.000171476102623002
"GTTAAGGGTGCGATGT-1",0.123826076927745,0.130674120742838,0.000168952713718145,0.0627256744729103,0.000168952713718142,0.682267269715352,0.000168952713718145
"GTTAAGTTAGAGTGGG-1",0.0551192046404039,0.054850574017745,0.00593966050087467,0.0105615286065309,0.00016742789370747,0.847308118912739,0.0260534854279988
"GTTAATGTCTATCTTA-1",0.00026388865829295,0.104314209692779,0.0724662069971327,0.111544221359362,0.000263888658292977,0.710883695975847,0.000263888658292952
"GTTACAATTGGTGACG-1",0.0334069213781456,0.0467481922747071,0.00933898117817687,0.0181808756403395,0.0112054557901638,0.880959436754939,0.000160136983527772
"GTTACCTACAACTTGC-1",0.0808047737997333,0.141468499450871,0.0276736975492736,0.0542203085678217,0.00213907745395716,0.666529934131912,0.0271637090464317
"GTTACGAAATCCACGC-1",0.116452521864199,0.149922064174072,0.048493341631231,0.0507490997475655,0.000357008386730993,0.597093116612926,0.0369328475832757
"GTTACTTTGGGCCTAG-1",0.128712205483169,0.135801786715169,0.0165337189502344,0.368734310506186,0.000227350742446421,0.349763276860348,0.000227350742446423
"GTTAGAGTGTGCCGCT-1",0.0470717773730865,0.132586705127346,0.012137517834312,0.036867702602921,0.055592024746748,0.702624475293685,0.0131197970219015
"GTTAGCCCATGACATC-1",0.0261656097590611,0.0870980976353856,0.000167301295635094,0.089263405694671,0.000167301295635088,0.786208121648511,0.0109301626711013
"GTTAGCCGTAAATCAA-1",0.028277847138433,0.0730736326558864,0.0140150918672459,0.000172383540581898,0.000172383540581898,0.884116277716689,0.000172383540581897
"GTTAGGCTACCCGTTT-1",0.0551166850557716,0.181276826950751,0.0201777811567559,0.561786548029553,0.000119155800880949,0.181403847205406,0.000119155800880946
"GTTATAATACGGTGAA-1",0.0878476970268602,0.107692762852163,0.0160430475306566,0.0200870809650802,0.0136037149473579,0.651641271722464,0.103084424955418
"GTTATATTATCTCCCT-1",0.104961445234318,0.113471717536382,0.0120453499759153,0.425721805787187,0.0348711878337191,0.308589129606256,0.000339364026221971
"GTTATCACCTTCTGAA-1",0.0544572314764525,0.0726426625827306,0.0228118978685611,0.000165514735405051,0.000165514735405051,0.838998657246987,0.0107585213544589
"GTTATTAAATACGACC-1",0.0254790622909434,0.0138456564066666,0.0102251609568423,0.000161436318146696,0.0248824728610433,0.925244774848211,0.000161436318146699
"GTTATTAACGTGGGAG-1",0.219551934761104,0.0604468579335623,0.0148469062998248,0.0269431170683569,0.000246504940018961,0.633102560784198,0.0448621182129344
"GTTCAATCTATGTCAA-1",0.125204175550562,0.056371755366073,0.0118554126000243,0.00750370544842162,0.00615647015152393,0.792741979501146,0.000166501382248863
"GTTCACAGGAGTCTAG-1",0.028599240378479,0.158967833586265,0.000254493699228881,0.0498904643705019,0.000254493699228883,0.700968323630514,0.0610651506357816
"GTTCAGTCGCCAAATG-1",0.0567235766576636,0.104566032910245,0.0146540777607023,0.345051285029091,0.000241226059145364,0.478522575524006,0.000241226059145366
"GTTCATCGTTTGGCTG-1",0.0794921682576652,0.069638638804865,0.0203048327443986,0.000175759178506173,0.000175759178506171,0.830037082657553,0.000175759178506176
"GTTCCAAGACAGCGAC-1",0.0614169064279913,0.0938096843478745,0.033223334606268,0.052702476057706,0.000158885625122696,0.699664779559265,0.059023933375773
"GTTCCAGTCTGACCAT-1",0.0183626425876023,0.0786396547822523,0.000178634429378566,0.0318658605074009,0.000178634429378579,0.785660753969357,0.085113819294631
"GTTCCGTCCGCCTGCA-1",0.00351725007045811,0.240900840846726,0.000261875120121464,0.589738744093608,0.000261875120121471,0.165057539628843,0.000261875120121463
"GTTCGCCATAAGTGCC-1",0.0964179521365873,0.0691642305445136,0.0399606081509649,0.317129078365954,0.00694769133411686,0.470150650179693,0.000229789288170293
"GTTCGCTGAGACGTCT-1",0.120247766990973,0.124047909361194,0.0151850348951769,0.0126495831552559,0.000255796591277735,0.727358112414845,0.000255796591277736
"GTTCGGATCGGGAACA-1",0.185154757469902,0.103721314304676,0.000272974010753151,0.0562635284913843,0.000272974010753152,0.654041477701778,0.00027297401075315
"GTTCGGGCGTACCATT-1",0.01411636342788,0.0205803549095759,0.0109820245058532,0.00770622153602517,0.000164447863851384,0.946286139892963,0.000164447863851387
"GTTCGTCTAAAGAACT-1",0.0443043441613299,0.0949972056534238,0.000178771289432898,0.0417984688310052,0.000178771289432895,0.818363667485942,0.000178771289432898
"GTTCGTTGCGGACCAG-1",0.113477816543048,0.0856017840953068,0.000245010466083715,0.0832311287470018,0.00622411854988059,0.710975131132595,0.000245010466083714
"GTTCTTCCCTCGATGT-1",0.040833406051252,0.0825326655670344,0.0077340871547061,0.104544264218142,0.000258038151523668,0.733404823317851,0.030692715539491
"GTTGAACCGGTTCCAT-1",0.00668432028046581,0.0197514406524314,0.0251000269916027,0.689653387608231,0.000120071881818554,0.258570680703632,0.000120071881818553
"GTTGAGTCCCGCCGGT-1",0.0161187740483802,0.0309895636441534,0.0187105589888348,0.0383906668955033,0.000111945848297398,0.895566544726533,0.000111945848297397
"GTTGCACGGAGTTTCG-1",0.011076979167923,0.00656831231687242,0.00110361885106921,0.0280933900100446,0.000160940773034886,0.952154298954834,0.000842459926221957
"GTTGCGGACGGTCAGG-1",0.177960345763203,0.0995841991829253,0.00173676758896247,0.0609499092771508,0.0153548722636814,0.644189300294458,0.000224605629618944
"GTTGGATTCAGTGGCT-1",0.0784398482219785,0.0742059737106106,0.0317398108631978,0.0372107139527095,0.000175714893275443,0.778052223464953,0.000175714893275448
"GTTGGATTGAGAACAC-1",0.0150841728557308,0.0547848518052204,0.00727470982349484,0.181332429807079,0.0102825551246611,0.731007030020169,0.000234250563644747
"GTTGGATTTGCGTTGG-1",0.0656770975064704,0.150215046590053,0.0367202875084767,0.235754657626438,0.000243639651054521,0.511145631466453,0.000243639651054517
"GTTGGTCATGCTATCC-1",0.0464433179663219,0.0311004517710606,0.0295556098070318,0.0638449598732654,0.000161969893489247,0.828731720795342,0.000161969893489251
"GTTGTCGTGTTAGTTG-1",0.00643840516970979,0.097470227871418,0.017284305903474,0.0501451161074828,0.000168057978342652,0.828321364471441,0.000172522498131975
"GTTTACGTTCCATCTG-1",0.0829894027787186,0.0363059795368779,0.00185825571711198,0.125452078651608,0.00896351323249058,0.744279318181893,0.000151451901300632
"GTTTCAAACGAGTTGT-1",0.102632339225225,0.036404154447564,0.0038466021449918,0.00986869337327155,0.000158248331064199,0.846893539476467,0.000196423001415918
"GTTTCATATCGTCGCT-1",0.0683321270290215,0.000108384127471245,0.0405869740066039,0.0550892966122503,0.000108384127471245,0.819779205701245,0.0159956283959364
"GTTTCCTGGAGGGTGA-1",0.0109631663732274,0.0337229501989927,0.0347974286155402,0.0251151921925536,0.000168408715655446,0.858965381276353,0.0362674726276773
"GTTTCTGCAGTCTCCC-1",0.00207239577234281,0.0935435058417239,0.000171435738017391,0.126574123880351,0.000171435738017388,0.77729566729153,0.000171435738017388
"GTTTGACCAAATCCTA-1",0.0330325597755967,0.0520644077755962,0.000155453988075211,0.0955553237993517,0.000155453988075211,0.794949044503619,0.0240877561696863
"GTTTGAGCGGTTATGT-1",0.0659897803826855,0.115591208982541,0.0453965402719217,0.0101866082287407,0.000164662820789262,0.762506536492533,0.000164662820789269
"GTTTGGCCCAAGTTAT-1",0.023849049068382,0.0696029157376382,0.0575573322465939,0.115486312599245,0.000167226581742171,0.733169937184657,0.000167226581742164
"GTTTGGCCGCTCAGCG-1",0.0180706203392262,0.00517609022843194,0.0214386233188195,0.000167045305230663,0.000167045305230659,0.945448566497352,0.00953200900570939
"GTTTGGGCTTGTGAGC-1",0.136084044660814,0.0378858344791688,0.00023584757476613,0.1950671587641,0.000235847574766122,0.630255419371619,0.000235847574766131
"GTTTGGGTTTCGCCCG-1",0.058504099411049,0.0729225740131588,0.00779186825392652,0.0438172009810845,0.000166111286455391,0.733608041985519,0.0831901040688064
"GTTTGGTAGGGTCAAC-1",0.0240810985339031,0.0715256081698665,0.0235212576775899,0.216415913672529,0.000158299156783794,0.664125391338489,0.00017243145083884
"GTTTGGTGATCGGTGC-1",0.12400499659864,0.103934615894929,0.0496769367240514,0.605778024982034,0.0245289576111282,0.0919028885133521,0.000173579675864931
"TAAACCCAGGAGGGCA-1",0.1437292089009,0.126712271535373,0.00412973981328143,0.617046668314133,0.076027349888057,0.0322462254122117,0.000108536136044664
"TAAAGAGCCCGAAACC-1",0.180739795189923,0.0379473768180685,0.0407592563029785,0.000233958149387686,0.0401895354632852,0.694485904809092,0.00564417326726545
"TAAAGCGGTATTTCCA-1",0.0703859249951514,0.0113680451381672,0.0080162488322734,0.715764520669126,0.000115240133089626,0.194234780099103,0.000115240133089627
"TAAAGCGTTAGGAGAA-1",0.0422924491273299,0.016337185610088,0.00108587383618321,0.00966105191193605,0.000159515069744635,0.930304409374974,0.000159515069744635
"TAAAGCTGCAATAGGG-1",0.0337326934203233,0.0835090403465072,0.00925979663920823,0.000174653972329183,0.000174653972329179,0.872974507676974,0.000174653972329181
"TAAAGGAGAAACTAGT-1",0.124452910956065,0.181239015443235,0.0158214860881732,0.0500791870618443,0.00233461611247988,0.625695531903869,0.000377252434333697
"TAAATGAATCCGTTTC-1",0.0455807755813988,0.0915863078155328,0.00559710324644889,0.0552079742510456,0.000175029291875024,0.801677780521824,0.000175029291875026
"TAAATGCCGTCTCATG-1",0.0152788455716254,0.0528445954621116,0.000108388341933244,0.00189346573839264,0.000108388341933244,0.885302348915068,0.0444639676289356
"TAAATTTAGTAACACC-1",0.000119832585675961,0.179460308459479,0.0732777374785197,0.616695291173013,0.00011983258567596,0.13020716513196,0.00011983258567596
"TAACAAAGGGAGAAGC-1",0.0713603179700973,0.052791195969217,0.0290112819815606,0.0164477851531832,0.0053021645640883,0.824922179274343,0.000165075087510749
"TAACAATATTTGTTGC-1",0.00970873361201951,0.0839634739000276,0.068932215164681,0.0482280963158651,0.000251346926797112,0.77601702195506,0.0128991121255494
"TAACAGCGTTTGTGCT-1",0.099652928537501,0.223756672343755,0.0350565338252893,0.619948965337678,0.000164930738363591,0.000164930738363592,0.0212550384790498
"TAACATACAATGTGGG-1",0.0159706819028717,0.0421390016556904,0.0156203538708241,0.0441886249023201,0.00402187354158654,0.876309479517459,0.00174998460924858
"TAACATACACGCGATC-1",0.000114309139703149,0.129027414322595,0.0848637928787127,0.728928039689027,0.0568282302317712,0.000123904598487774,0.000114309139703147
"TAACCGCCCGCAGTGC-1",0.0684858015672823,0.0682703797989922,0.0521529216684389,0.0162983359496562,0.000253076856188948,0.749703465635535,0.0448360185239068
"TAACCTACCGTCCGAG-1",0.0640974275027315,0.0778055410501756,0.00118548312238678,0.0165986130454994,0.000169812831509558,0.839973309616188,0.000169812831509558
"TAACCTAGGGAGTCCA-1",0.0281160301592162,0.0367983264167859,0.00668567155100912,0.000159418991399091,0.05395879209486,0.867559914854783,0.00672184593194691
"TAACGCTTTGAGAGCG-1",0.036288884857768,0.141423083945646,0.000170883058326552,0.0130296682745821,0.00017088305832655,0.808745713747025,0.000170883058326553
"TAACTATCGAAGGTCC-1",0.0285201236325507,0.0678770013138466,0.0108460277798753,0.037986593152576,0.0348412124693122,0.81974095023689,0.000188091414949564
"TAACTATTACGCCAAA-1",0.0552998922519029,0.0573802304783085,0.000754650442333949,0.00941631493955055,0.00989796368136308,0.855195108835204,0.0120558393713373
"TAACTCATCCGCGCGG-1",0.0507518303014547,0.0747708730533719,0.0528770852546789,0.460449823157256,0.000256963395760818,0.360636461441717,0.000256963395760817
"TAACTCCATGGAGGCT-1",0.0702074038696219,0.0378522780926267,0.000167065441585881,0.0164306585010318,0.0117278310554404,0.863447697598107,0.00016706544158589
"TAAGAGGGACAGGGAC-1",8.40591758000342e-05,0.0404853163088172,0.000125020895103774,0.92905911091191,0.0300927201494876,7.68862794407038e-05,7.68862794407204e-05
"TAAGATTTAGCGGGAG-1",0.138298869309815,0.170159747697166,0.000373305551402283,0.0576410613135915,0.000373305551402286,0.586865303552981,0.0462884070236414
"TAAGCAGGCGACACGC-1",0.0148609677162595,0.118268442741128,0.0028183270067955,0.0276701622990782,0.000165918398649289,0.83605026343944,0.000165918398649292
"TAAGCGCGAATCAAAT-1",0.000114247852940401,0.0434515783460604,0.0252589723524991,0.927237808724586,0.00370251578739356,0.000120629083580186,0.000114247852940406
"TAAGGAACTTGTGGGA-1",0.0214108711081658,0.0347008163508603,0.000164301677370275,0.00302825515584643,0.000164301677370277,0.940367152353017,0.000164301677370277
"TAAGGCAACATAAGAT-1",0.0206899419129184,0.0430038659219872,0.00194613421421624,0.0364194671382188,0.00016473640292541,0.891329289489956,0.00644656491977751
"TAAGGCATAACATCAA-1",0.157345947371134,0.0841942204445535,0.0523755019473493,0.385255688755158,0.000234447408288941,0.320359746665227,0.000234447408288947
"TAAGGCCCGTCACCCT-1",0.154068539166258,0.0530109252452308,0.00227594862302571,0.0551016079801325,0.000256940933687518,0.688975527268903,0.0463105107827625
"TAAGGCTGAATCCCTC-1",0.0572123486938052,0.0724103760976903,0.00491799110942053,0.0150826227650985,0.00017793614820574,0.850020789037574,0.00017793614820574
"TAAGGGCCTGTCCGAT-1",0.0849290315222934,0.105758044825996,0.000525045967382002,0.0387789263635204,0.00281415772042951,0.767024923699854,0.000169869900524295
"TAAGGGCTGGGAGAGG-1",0.000245209020671288,0.209822520527781,0.0171549069871784,0.168689178569925,0.000245209020671293,0.603597766853102,0.00024520902067129
"TAAGTAAATGTGCCGC-1",0.0726372245321991,0.0714305517176008,0.00186840572705685,0.000168392465589425,0.0174757588043106,0.757987391523848,0.0784322752293951
"TAAGTAACATCTTGAC-1",0.0192886027924993,0.157978067580938,0.055669476617316,0.746480856038123,0.000119557453014644,0.00922243235322567,0.011241007164883
"TAAGTCGCCGAGTATC-1",0.123836558466343,0.0140396182644168,0.0135390740495062,0.84006876398335,0.0082820567014039,0.000116964267489904,0.000116964267489895
"TAAGTTGCGACGTAGG-1",0.0836804380215423,0.10580627990967,0.0365301042518139,0.0460103615100104,0.000253082695493027,0.727466650915977,0.000253082695493027
"TAATAAACAAGGAGAT-1",0.0384431577331315,0.0615358796275215,0.000262380847056928,0.091971082773593,0.000262380847056928,0.807262737324583,0.000262380847056927
"TAATACACAGTAGTAT-1",0.130282350463201,0.056634830870641,0.000246808655575556,0.0874244532733167,0.0111387771718299,0.713980402450649,0.000292377114786573
"TAATAGAACAGAGTTA-1",0.0264215006547842,0.0604849507665947,0.0655378659482199,0.847330174029312,7.51695336964595e-05,7.51695336964553e-05,7.51695336964591e-05
"TAATAGGTCACCAGAA-1",7.85528903344798e-05,0.104639447072195,0.00128507305819379,0.893761268308273,7.85528903344797e-05,7.85528903344761e-05,7.85528903344797e-05
"TAATAGTGACGACCAG-1",0.000160916095401625,0.0273041591053579,0.0165988672770255,0.037212189070857,0.000160916095401624,0.918402036260555,0.000160916095401626
"TAATATTGAAATTCGC-1",0.0402757701196208,0.0385687519966849,0.0513309826255036,0.0611753789556375,0.00882330364285764,0.79966286207289,0.000162950586805732
"TAATCGATCCGTACGT-1",0.116125143116381,0.0404875712268811,0.000261125935991811,0.0658549747691964,0.000261125935991815,0.770350702298873,0.00665935671668559
"TAATGAAAGACCCTTG-1",0.0149460711214265,0.0716628336146898,0.000111862811489529,0.0302547641906582,0.000111862811489529,0.882798757945604,0.000113847504642724
"TAATTACGTCAGTAGA-1",0.104667752328405,0.0526117466104624,0.00500158643600581,0.0203029750129386,0.0108085191121117,0.806449006924662,0.000158413575414362
"TAATTAGATGGATATG-1",0.337223112405003,0.188777242050134,0.0292918634991702,0.000257735779329069,0.000396033212728782,0.443796277274305,0.000257735779329071
"TAATTAGGACATCCGT-1",0.0964757119970703,0.171395815693536,0.0151324666692571,0.00927817454313851,0.000260172618036355,0.703747483879199,0.0037101745997626
"TAATTGGAATCGGGAA-1",0.0229447068356025,0.0853677374834445,0.0186819358868506,0.00891713174414755,0.0158960363426626,0.847935723709163,0.000256727998129438
"TACAAATTGCGGAGGT-1",0.167019326433022,0.0589495906760553,0.00778244825953092,0.0295398052185771,0.00234356079193099,0.734115154246445,0.000250114374439068
"TACAACGCACAACTCA-1",0.0458267437734812,0.0944805264522745,0.0197469271004545,0.241897679437034,0.000230112105987998,0.59758789902478,0.000230112105988001
"TACAAGCTGTTCACTG-1",0.146952314592061,0.171735624405694,0.0272250630069843,0.083035180609282,0.000397433855203298,0.570256949675572,0.000397433855203267
"TACAAGTCTCGTGCAT-1",0.000158030295739055,0.0226846617759903,0.02597272534279,0.0168594037642545,0.00393439199239897,0.930232756533088,0.000158030295739055
"TACAGAAACGGTGGGC-1",0.0568480763620357,0.0824136304781142,0.0203853998266476,0.0309897955924384,0.000170180663430684,0.809022736413903,0.000170180663430686
"TACATAGGCATACACC-1",0.0724720175049628,0.157772477416996,0.000351749870319697,0.167586014870788,0.000351749870319697,0.546723015306474,0.0547429751601408
"TACATCCCTATCCCTG-1",0.0480232790473104,0.050221346870792,0.0345758461244979,0.117896927057032,0.000163724507712302,0.724674047562492,0.0244448288301637
"TACATTTCTAACGTGC-1",0.202011429087346,0.0916694736508887,0.0368850354257753,0.270517323075933,0.0204019505850675,0.37818255958528,0.000332228589709945
"TACCAAATAGCCCAGA-1",0.0377303225722309,0.0455207873738748,0.0114506436804454,0.0479541396353401,0.0111068613222431,0.846038639623027,0.000198605792838913
"TACCAATAAAGTACCA-1",0.000106698883005152,0.0377215114275628,0.0102608197601869,0.00272182743673441,0.00917878832028886,0.889231757085069,0.0507785970871527
"TACCAGAAGTAGGTTC-1",0.121108017183614,0.0834518371532575,0.00032177695359442,0.374056076665838,0.0993315886676241,0.267444268352087,0.0542864350239849
"TACCAGCTAGGTTTAA-1",0.0904010363893098,0.0501794885082786,0.0129391001909903,0.000166479350616512,0.000166479350616512,0.749171127903872,0.0969762883063159
"TACCAGGAATCCCGTC-1",0.00390826656676123,0.0873683329362286,0.0285142165895059,0.879969969292845,7.97382048864077e-05,7.97382048864044e-05,7.97382048864092e-05
"TACCGCGGACTTGCAG-1",0.08390468927703,0.0612416989907406,0.000258238767537479,0.0602797047897609,0.0279053684552347,0.766152060952159,0.000258238767537482
"TACCGGCTCACTGCCC-1",0.107741907641935,0.0630275811969039,0.0503316651647747,0.0458781522351894,0.000161611882370928,0.732697469996455,0.000161611882370922
"TACCGGTCGTTTCCAT-1",0.0252360261816095,0.118574531091,0.0198481740192784,0.67275209751403,0.00546486046205407,0.126014915246365,0.0321093954856631
"TACCGTAGGTTAACTA-1",0.0762404689358749,0.231781559654932,0.000241308845187286,0.116868566257581,0.000241308845187285,0.57438547861605,0.000241308845187285
"TACCGTGCCTCGGACC-1",0.032531782220261,0.000106396258851514,0.00878528021150533,0.0705315012940032,0.000106396258851514,0.887801126339779,0.000137517416748691
"TACCTACTCCCAGTAT-1",0.0848164929558485,0.0910317150459454,0.0142353857754966,0.067470523966098,0.000166469094868633,0.742105778387863,0.000173634773880145
"TACCTCACGCTTGTAC-1",0.0286912988484687,0.0738335798176161,0.0342485580903259,0.044381060358794,0.000267474007520189,0.818310554869755,0.00026747400752019
"TACCTCAGTTGTCTGT-1",0.0762945238036279,0.132177539211521,0.0481232733164126,0.723504260176696,0.000118055677886992,0.0196642921359683,0.000118055677886988
"TACCTCCACACCAATG-1",0.00707472178987168,0.0791972816162977,0.0682986752954861,0.845200858833651,7.61541548978536e-05,7.61541548978673e-05,7.61541548978535e-05
"TACCTGCTGCACTGTG-1",0.000176072590099994,0.14011049281489,0.0209868676701842,0.0437109013207753,0.000176072590099992,0.770757215626309,0.0240823773876418
"TACCTTAAGATTTCCC-1",0.0205632957014942,0.059708225689654,0.00461865570064147,0.801988962682949,0.112736017391263,0.000268915296087532,0.000115927537911415
"TACGAACACGACTTCA-1",0.00719005459751215,0.0726806730379015,0.0102313383547219,0.111760242471758,0.0293923259620611,0.76858411605249,0.000161249523555284
"TACGACGCTTGCTGCG-1",0.0579086584583677,0.0905549671502141,0.000226280059924335,0.394412579473606,0.00691077132342305,0.44976046347454,0.000226280059924343
"TACGACTGCCTCTTAG-1",0.0592846862643551,0.0250002865643951,0.0505668028000832,0.232698406983497,0.000158885889377118,0.632132045608915,0.000158885889377118
"TACGAGAACTTCACGT-1",0.132950618825056,0.0632825283473953,0.0147512891217735,0.0715646432260083,0.000220744940796805,0.537456622080139,0.179773553458831
"TACGATGTTGATCATC-1",0.0429041290938218,0.0521978288609242,0.0277892075635696,0.0234160977241533,0.000106821145423118,0.790981719521393,0.0626041960907154
"TACGCAGTTCTTTCCT-1",0.0217590936272553,0.0840868978329069,0.0532465524174804,0.212256246845798,0.000233006112393028,0.628185197051773,0.00023300611239303
"TACGCCATATTCTAAT-1",0.13762586629353,0.130992581158094,0.06620135623924,0.218016473525017,0.000356319207766552,0.446451084368586,0.000356319207766553
"TACGCCGAGGGTACCC-1",0.00454129771671493,0.0435791895423747,0.0169233826190042,0.573899238672326,0.000162151100094268,0.360732589249392,0.000162151100094269
"TACGCCTCCATTCCGA-1",0.0912853168671888,0.070341627546819,0.000238060730810809,0.158208499497499,0.000238060730810807,0.674016682914524,0.0056717517123475
"TACGCTATAGAAACCT-1",0.0182206414313202,0.0463354590127078,0.0123904001785911,0.0067959870217966,0.00487196453599341,0.911212147754149,0.000173400065442071
"TACGCTCGGTATTGGA-1",0.142486296873427,0.107858570348066,0.000240218806507749,0.0652959026679347,0.000240218806507749,0.677907937304171,0.00597085519338514
"TACGCTGCTGTGTTAA-1",0.0690177855118926,0.0694897167794265,0.0490691132945363,0.812061396352693,0.000120662687150596,0.000120662687150587,0.000120662687150599
"TACGGGATGCTAGCAG-1",0.0296360879181368,0.0715222591607337,0.00893520656569,0.0443882951773792,0.00025804678263843,0.75555913867998,0.0897009657154421
"TACGTAAAGCGGAGTG-1",0.146494975655333,0.0928483649112684,0.00657406525623976,0.0703913678656265,0.00809523950008365,0.675348085867574,0.000247900943875381
"TACGTACTAGTGCTGA-1",8.40109966059462e-05,0.0122373330435983,7.93370787775164e-05,0.982037105144265,0.00538437237165677,9.85042863195391e-05,7.9337078777516e-05
"TACGTGCACTATGCTG-1",0.0968123269429273,0.104685594473719,0.000175689192711214,0.031402404328697,0.000175689192711222,0.766572606676523,0.000175689192711224
"TACGTTTACCGGCAAT-1",0.0430015994934058,0.105100918176697,0.0320901740742707,0.087918580691356,0.0577149336291136,0.673927748286468,0.000246045648688704
"TACTATGGTTCCTCAG-1",0.00662327233281863,0.0865682725797702,0.00608676036542742,0.900450190487271,8.26168569049933e-05,0.000106270520902223,8.26168569049981e-05
"TACTCCTCTAGTTGAC-1",0.0825627935562018,0.0590856390864015,8.08698529526914e-05,0.767733534744101,8.08698529526914e-05,0.0903754230544373,8.08698529526912e-05
"TACTCGGCACGCCGGG-1",0.0910899340948209,0.0993070501471614,0.0128926359405234,0.0344677836747575,0.000163394617927208,0.761915806906882,0.000163394617927209
"TACTCTCCGAACAAAT-1",0.0254522950498614,0.0398658350251265,0.00456604139135521,0.0748392801521771,0.000107711116893773,0.855044425651113,0.000124411613472789
"TACTCTTACTTTACTG-1",0.0453904349474567,0.0122411461020709,0.0119141518042476,0.0394700732936146,0.01687247156922,0.713438172448725,0.160673549834665
"TACTCTTTCGTCTTCA-1",0.165701500538964,0.120880979091967,0.000114003541928505,0.693103845028936,0.00549158508569892,0.0145940831705768,0.000114003541928512
"TACTGAACAGATTTAG-1",0.00578602265484062,0.122189216283808,8.54299186476533e-05,0.871668184945775,8.54299186476457e-05,0.000100286359633617,8.5429918647653e-05
"TACTGAGGGAAGAAAG-1",7.3922402014931e-05,0.00160987739115923,0.0057372548810793,0.992357178119702,7.39224020149373e-05,7.39224020149363e-05,7.39224020149335e-05
"TACTGCAATCAATTAC-1",0.0637420660691038,0.0577947800291303,0.0301881390660147,0.0186831037767127,0.0316160828245961,0.797806545623413,0.000169282611029176
"TACTGGACAGCTCGGC-1",0.0362617207120635,0.177490854285064,0.0167849749406974,0.0872319244854428,0.000265504701929353,0.681699516172874,0.000265504701929343
"TACTGTTTCTCTGGTA-1",0.0926813292070642,0.128154003932591,0.0432815118105363,0.039146756979806,0.0100094826456091,0.629030409582531,0.0576965058418622
"TACTTGTTAGTAGTCC-1",0.0366948565185012,0.127863522218793,0.000173544483795555,0.0930343310754139,0.00263323003378354,0.739426971185917,0.000173544483795555
"TACTTTACTGAGCCGG-1",0.0150745735137169,0.0608460682036253,0.0169526463326981,0.0101773988654643,0.00744538967523004,0.889247406366551,0.000256517042714039
"TACTTTCCGCACGCCA-1",0.00663469803512202,0.0422007063116633,0.019707964401089,0.281384234200518,0.0352077143023079,0.571265638866234,0.0435990438830651
"TAGAAACCACTAAGTA-1",0.00776259479177819,0.0614657466994359,0.00441205125491541,0.00706095119112811,0.000166058519104393,0.899482680519165,0.0196499170244733
"TAGAAAGGTGGCGCTA-1",0.0216748689781919,0.0515294367531028,0.00878280675340851,0.0673624571118663,0.000175942131237715,0.850298546140955,0.000175942131237714
"TAGAAATTCACGTATA-1",0.0274882988460361,0.0627586797736401,0.046579496327892,0.0379717638142812,0.0633937820495017,0.761555940696236,0.000252038492413186
"TAGAATAGCCGATGAA-1",0.0584355790258185,0.0903981350842952,0.0109920272141777,0.0046331625270452,0.0164273845913728,0.818946761285684,0.000166950271606332
"TAGAATTAAGGGCAAC-1",0.020659535900594,0.051451734600508,0.0112681000972853,0.0351156979662404,0.000171334086148247,0.874783127912195,0.00655046943702849
"TAGACGAAACGCCAAT-1",0.0629622023048818,0.23006953119568,0.000243099499752035,0.0890102550962707,0.00024309949975203,0.617228712903912,0.000243099499752033
"TAGACGCCCGTACCGG-1",0.0703913013476557,0.0951864566292782,0.000171815394922846,0.0502246861174112,0.00259708651421258,0.781256838601597,0.000171815394922843
"TAGACTACCTAGCGTT-1",0.0647897186936829,0.0833009517015873,0.0100779919290357,0.0397766335290467,0.0102996544304685,0.791585960229159,0.000169089487019649
"TAGAGATCATGCAACT-1",0.0692100109084796,0.0985098686079407,0.0173810526835773,0.365528303286242,0.000249102320481432,0.448872559872798,0.000249102320481429
"TAGAGCTACGAAGAAC-1",0.0367121586425549,0.0284503762355994,0.000165780521585521,0.0284577768537867,0.000165780521585522,0.845231882283885,0.0608162449410025
"TAGAGGTTCTACTTGT-1",0.217891644585071,0.112682192899755,0.0180386801383614,0.049874294783907,0.0102512395395003,0.576717073169091,0.0145448748843146
"TAGAGTCTAAGCGAAC-1",0.0639979102083232,0.108436460742409,0.00942897660095827,0.0357734649558253,0.000163935765591714,0.782035315961301,0.000163935765591717
"TAGATATGGACTGGAA-1",0.17689755489976,0.086293352318055,0.000984110944922457,0.490825025301201,0.000174518089008788,0.237253606943642,0.0075718315034103
"TAGATCCGAAGTCGCA-1",0.000157967392502721,0.0157513682315331,0.029717873876963,0.000157967392502721,0.0221306214995284,0.931926234214467,0.000157967392502732
"TAGATGGTTCCTTACT-1",0.0307352507020873,0.064983804001688,0.00801478260086946,0.0381449680712806,0.0135230243063443,0.832843437093661,0.0117547332240695
"TAGATTCAAAGTGCGG-1",0.0394076272291284,0.147748682865694,0.00458908518030892,0.639759426873192,0.018723464505162,0.149599448457456,0.000172264889058079
"TAGATTCCTGGTTATT-1",0.041317230268568,0.0889931728101978,0.0450832859930724,0.0402321066513472,0.000161122711651696,0.700933304941274,0.0832797766238886
"TAGCAACCTGTCACAA-1",0.0725672788309215,0.0961453286923404,0.0296012950693999,0.0843706086294823,0.0229124815914733,0.694160417301746,0.000242589884636756
"TAGCAGTATGACTAAA-1",0.131653560998566,0.10665170637178,0.000252770376976073,0.0361236992022079,0.000252770376976074,0.724812722296517,0.000252770376976065
"TAGCCAGAGGGTCCGG-1",0.0308980040069314,0.256097218373306,0.0308554778532619,0.0160748388419985,0.0349153880657352,0.630917653696337,0.000241419162429919
"TAGCCATTTCAAAGTC-1",0.0675875483435596,0.0701448627299218,0.0108237402128126,0.0496103598183504,0.00212340885402,0.775583917790055,0.0241261622512803
"TAGCCGGCGGTCAGCG-1",0.0403396493290956,0.0364739368023731,0.0333143535787833,0.031606823990541,0.000177049086496653,0.857911138126214,0.000177049086496652
"TAGCGTCCCTCGATTG-1",0.0137996175365527,0.0682520391742662,0.0121477357226314,0.0125256257677845,0.0126096488538561,0.88050305915123,0.000162273793679686
"TAGCGTCCGGTGTGGT-1",0.0694724829872218,0.117108494885494,0.013481144195443,0.0543667338682858,0.000236532161622093,0.694450906670316,0.0508837052316173
"TAGCGTTGGGTCTTAC-1",0.148967429017549,0.0531399579977566,0.00022921712247344,0.159264653495863,0.0274083698878101,0.593148493033439,0.0178418794451093
"TAGCTAAGTCCGGGAG-1",0.0045434009551455,0.0116775107119316,0.000106458946942557,0.0995913447883509,0.000106458946942558,0.883868366703744,0.000106458946942558
"TAGCTAGAAGGCATGA-1",0.0123286896491303,0.0361815128070805,0.00382264006204615,0.521283809942407,0.00732154154087554,0.418902050021981,0.00015975597647899
"TAGCTAGTGATGATGG-1",0.0871434262288715,0.184376553075762,0.000171148830450522,0.53986080454236,0.0566572438570777,0.12882437938908,0.00296644407639737
"TAGCTCGCCTGATAAC-1",0.000157192863807028,0.03177905698085,0.000157192863807028,0.499936739401961,0.000157192863807028,0.4659998450596,0.00181277996616815
"TAGCTGATGTGAAGCG-1",0.0409566096673784,0.0460359546985898,0.0434340741543732,0.0859475561131385,0.00196447092462887,0.781509921073942,0.000151413367949454
"TAGGAACAGCCTCCAG-1",0.0581778929971642,0.118645342082194,0.000169537006093645,0.0196762184320418,0.00042715683172754,0.802734315644685,0.000169537006093644
"TAGGCATGTTACGCCA-1",0.0463857516360713,0.0528509818768217,0.00588361107504806,0.0118925484311549,0.000108153152630014,0.88276301909565,0.000115934732624592
"TAGGCCTATATAGTCT-1",0.044327010449345,0.118580173757796,0.014951341722404,0.119000054445807,0.000245390540163078,0.702650638544322,0.00024539054016308
"TAGGCGATGAGGTCTC-1",0.000822212858865482,0.101122356387567,0.0604911561957556,0.575351656918401,0.000182989251566028,0.261846639136279,0.000182989251566023
"TAGGCGGCTGCAAAGA-1",0.000128193461833896,0.00486410710359921,0.0195739841324353,0.97504913491663,0.000128193461833898,0.000128193461833907,0.000128193461833913
"TAGGCTAAAGTGGCAC-1",0.0819086023059007,0.129729405657069,0.00963622340007434,0.0156525784642558,0.00316027877433824,0.75965295496384,0.000259956434521806
"TAGGGAGCTTGGGATG-1",0.0515564587193888,0.0798495342004421,0.000183390845806682,0.0237103606338997,0.000183390845806683,0.844333473908849,0.000183390845806682
"TAGGGTGTTTCAAGAG-1",0.0525437003372003,0.0137065856124962,0.000111380029888055,0.0283650928207115,0.00392273926278974,0.901193785403811,0.000156716533103247
"TAGGTCCAAGTAAGGA-1",0.0290756739297536,0.089013618455966,0.000175629104338909,0.0316872468347724,0.00612053245893767,0.843751670111893,0.000175629104338909
"TAGGTCGCCGGAACTG-1",0.0877799436305195,0.0689757203929657,0.0489432388634999,0.0467407297647959,0.000258068974940272,0.747044229398338,0.000258068974940272
"TAGGTGACGATAACCT-1",0.0287497216409967,0.0505055072936533,0.000159882685738998,0.0394791079765058,0.000159882685738998,0.878939713705012,0.00200618401235407
"TAGGTGAGCCCTACTC-1",0.00016293602828364,0.0716410386631391,0.0189006196269929,0.0240726737277063,0.00435451737583231,0.789440041909145,0.0914281726689003
"TAGGTGCTCGCCTAGC-1",0.107488427696435,0.088856486162549,0.00770586160055882,0.0122163946399833,0.000166064245239453,0.783400701409995,0.000166064245239457
"TAGGTGTTCCACAGAT-1",0.147244546252642,0.183286669597709,0.0710297145233629,0.124803007393333,0.0525093645883068,0.420622536964931,0.000504160679715377
"TAGGTTCGAGTTCGTC-1",0.0851451394544353,0.0708791998412417,0.000164839099657373,0.0917178238535535,0.000164839099657373,0.751763319551797,0.00016483909965737
"TAGTACCACAACTTTC-1",0.000124002029303134,0.0416382382070751,0.0159167760827922,0.936699203842512,0.0053937424071101,0.000114018715603533,0.000114018715603532
"TAGTACCTTAGTGGTC-1",0.0607416782423943,0.145948404547261,0.0403514084682604,0.211342299380221,0.000340974158927926,0.421734228006847,0.119541007196089
"TAGTAGCTTATACCAG-1",0.0170295596155587,0.00931075606679748,7.69960255043574e-05,0.780606347316163,0.0316119098237668,0.161287435126706,7.69960255043572e-05
"TAGTCCCGGAGACCAC-1",0.109646311739394,0.208725596416663,0.017363092213003,0.161000266812044,0.000339228446573285,0.502586275925749,0.000339228446573285
"TAGTCCGCAGAGAATG-1",0.0670342816518415,0.0406432313036152,0.00015875840267586,0.217946793155294,0.000158758402675857,0.673899418681221,0.00015875840267586
"TAGTCCGTATGCATAA-1",0.0198970218358302,0.108465732615992,0.0373226065913213,0.0654747726414705,0.00405930450132262,0.764606178189163,0.000174383624900768
"TAGTCGATCACGGGTT-1",0.0193138102985019,0.0844041127152508,0.0354704738636246,0.0192779414183206,0.000172273246991106,0.84118911521032,0.000172273246991107
"TAGTCTAACAACGAGA-1",0.0671171518612548,0.235178964433107,0.0602703421467468,0.252808749071602,0.00442463479498732,0.379846265859764,0.000353891832538803
"TAGTCTGCGGCACATT-1",0.139378853060237,0.0841459642258988,0.0348680254352252,0.50322348855593,0.0431872715760228,0.195035430407715,0.000160966738971224
"TAGTCTGTGACGTTGC-1",0.040372302402856,0.0696759384967976,0.0405630621737264,0.0633280790072273,0.000259089831243085,0.785542438256907,0.000259089831243088
"TAGTCTTTCCGAATTG-1",0.0779394440932129,0.219423750554747,0.0397030453258778,0.00342109252157555,0.00024666095562908,0.659019345593329,0.000246660955629082
"TAGTGCCCTCCAGAGT-1",0.0229528641575317,0.112795026848027,0.00010950633069736,0.069266297514567,0.000109506330697361,0.794657292487782,0.000109506330697361
"TAGTGGAACTCATACA-1",0.0571603876288247,0.154394273662379,0.0101203939682998,0.0294497821806406,0.00024804169696601,0.7101863044248,0.0384408164380898
"TAGTGTCAGAAACGGC-1",0.154349137956687,0.178664723581536,0.00210858412431776,0.120392094976082,0.000412224491060954,0.543661010379256,0.00041222449106095
"TAGTTAAGATAGGATA-1",0.000168133288332493,0.0608273712120868,0.00184925195614648,0.036472160873468,0.000168133288332495,0.900346816093301,0.000168133288332492
"TAGTTTATTCTTGCTT-1",0.000171968871778534,0.0375052275406844,0.00729419343515998,0.000171968871778535,0.0189981096633484,0.892160954764171,0.0436975768530786
"TATAAATCCACAAGCT-1",0.0622027153856284,0.134598125469044,0.000174140102877153,0.0216271147792023,0.000174140102877154,0.75129120175974,0.0299325624006305
"TATAAGTGAGGATAGC-1",0.00142703193127113,0.0743039099219183,0.0286065968999787,0.0404930882454165,0.000165141353319526,0.854839090294776,0.000165141353319518
"TATACACAGACGCCTT-1",0.10506315476843,0.10723824834482,0.0214054788744413,0.156148112730407,0.000249994218754949,0.608582943599834,0.0013120674633131
"TATACACGCAAAGTAT-1",0.0176308298344243,0.128727396037051,0.0204149012541008,0.0792604959472747,0.0243923635984147,0.722852199900708,0.00672181342802671
"TATACCGAGTGCCACA-1",0.0307572208534209,0.0251659916089829,0.0165438506494418,0.0781665235078556,0.000191533837378878,0.848983345705541,0.000191533837378879
"TATACGCGTCATCACT-1",0.0316056636563493,0.040246429923106,0.000241395583548883,0.307686574789004,0.000241395583548883,0.619737144880893,0.000241395583548885
"TATACTCATGCGGCAA-1",0.000114344185489358,0.0321917024805749,0.0144628738857486,0.0305704010461547,0.000114344185489358,0.922431990031054,0.000114344185489361
"TATAGAGTCGCTTGAA-1",0.108804727938168,0.175524548428336,0.000184137304799193,0.6232686302821,0.0448589360462242,0.0471748826955723,0.000184137304799193
"TATAGATGGTCGCAGT-1",0.0796881147262561,0.109086974175229,0.0050300613061486,0.0452666794913535,0.00217519513472556,0.758488207838897,0.00026476732738987
"TATAGGGTACTCATGA-1",0.0205455011353083,0.111247427531046,0.00466904000115066,0.0879758380797065,0.000166502605833617,0.775229188041122,0.000166502605833609
"TATATAGGGCTTTACG-1",0.000115653802898187,0.0473390971445195,0.0440354705473333,0.908271286110264,7.79789737880986e-05,8.25344474086969e-05,7.79789737880969e-05
"TATATATCGAGAAATG-1",0.0469744473587227,0.0483342503444047,0.016999132138712,0.887459902224668,7.74226444977163e-05,7.74226444977126e-05,7.74226444977156e-05
"TATATCAAAGTGATCT-1",0.0481600486285239,0.119362457425477,0.0320583408035523,0.644948983657465,0.000184771224923334,0.155100627035135,0.000184771224923336
"TATATCCCTGGGAGGA-1",0.0196495907218908,0.0704606636517837,0.0106779941164607,0.0265113277132484,0.00494445397780579,0.86757924361875,0.000176726200060983
"TATATTACAAATGTCG-1",0.0352142985522942,0.0475577729618635,0.000169753344000835,0.000169753344000834,0.000169753344000833,0.900791050687928,0.0159276177659119
"TATATTCGCGTCGATA-1",0.0685949222028203,0.102985525183426,0.000170590463361874,0.000170590463361874,0.000170590463361874,0.827737190760306,0.000170590463361876
"TATCACAGCACGGGCA-1",0.0587549447138711,0.0647393876543393,0.000167744578284763,0.0150348900874479,0.000167744578284765,0.860967543809487,0.000167744578284762
"TATCACCATGTAAAGT-1",0.0860173455068671,0.0688522238241731,0.0302848341286986,0.0128766919220982,0.000156631643071443,0.701997957848952,0.0998143151261397
"TATCACCCAACCGACC-1",0.0955481223452551,0.0777711332811989,0.0111428962742486,0.0468851867371146,0.00017101097410458,0.763563225684278,0.00491842470380006
"TATCACTTCGAGTAAC-1",0.101079487659881,0.105430770147932,0.0167083004723638,0.00242879379328038,0.000256556968012068,0.741259214565135,0.032836876393395
"TATCAGTGGCGTAGTC-1",0.0650952258111322,0.131636506370931,0.183831747145117,0.334492219121036,0.00174781801429081,0.111992034113359,0.171204449424134
"TATCCAATTGGTTATC-1",0.00815515352873223,0.130630838286068,0.0277321890684276,0.132002712346573,0.000167669984099546,0.701143766802,0.000167669984099551
"TATCCATATCATGCGA-1",0.0420407973683992,0.123899926580932,0.0142312536404828,0.00262664892119601,0.00267791115329792,0.795891308263295,0.0186321540723973
"TATCCATCTCGGTTAG-1",0.000113514281096371,0.144385209450394,0.0912277242788439,0.74904072499851,0.000113514281096367,0.000113514281096369,0.015005798428963
"TATCCGCACCGTCGGG-1",0.0750042669670073,0.149982958987575,0.0647965702851283,0.271279189381398,0.0163488340776807,0.422219855080222,0.000368325220988929
"TATCCTATCAACTGGT-1",0.0639634364441249,0.0726548655770702,0.0442693287584544,0.435350581077847,0.000238070078750929,0.383285647985002,0.000238070078750931
"TATCCTGCATGGGAAT-1",0.0563144662360134,0.100327626300969,0.00016600376589555,0.00016600376589555,0.000263482590561887,0.842596413574769,0.00016600376589555
"TATCGATCTATGCATA-1",0.00233682818608481,0.0352079334143685,0.00208334945680148,0.0584330039915359,0.000167695272258644,0.901603494406692,0.000167695272258649
"TATCGATGATTAAACG-1",0.0369976693507605,0.0256349003195646,0.000476136738233655,0.0178943479060757,0.00015688405356693,0.918682042502158,0.000158019129640749
"TATCTACAGAGGTAAT-1",0.000176438942317089,0.138312303322144,0.00714909437887898,0.0721008950177054,0.000176438942317089,0.78190839045432,0.000176438942317088
"TATCTAGCCTAAAGGA-1",0.003133801886837,0.0446651600355018,0.0143260082583339,0.0462540201522648,0.0234086852493856,0.833458094846957,0.0347542295707197
"TATCTGAGCCGATATT-1",0.0240271338571987,0.104474141944079,0.0329130547008356,0.687021260287829,0.15140742588138,7.84916643386284e-05,7.84916643386141e-05
"TATCTTGCAATACAAC-1",0.000122495892252725,0.0981567783633172,0.00208743423946605,0.899275427954797,0.000119287850055784,0.000119287850055786,0.000119287850055786
"TATGAAGACAGGTGCG-1",0.0814903677239675,0.172702735347463,0.0322296648129571,0.0274812203718667,0.000242425633011484,0.685611160477722,0.000242425633011487
"TATGATAAATCTAACG-1",0.000156594664655999,0.0509883954698368,0.0198494593044348,0.0116132971472089,0.0339615049538866,0.883269794763745,0.00016095369623186
"TATGATCCGGCACGCC-1",0.127174211454359,0.0431858354887512,0.0164120211117135,0.0303512357572229,0.0233593811574883,0.738048796086516,0.021468518943949
"TATGATCTTCTCTTTA-1",0.145777958618455,0.018215476512247,0.0143291755942222,0.0181300944568446,0.000171022152555728,0.803205250513119,0.000171022152555729
"TATGATTCTGCTTGGT-1",0.135448194983843,0.225906697744456,0.000523908820827527,0.114370722264454,0.000523908820827526,0.30025535765626,0.222971209709333
"TATGCTCCCTACTTAC-1",0.112273955619623,0.0720495636516344,0.000174799118155258,0.05950789821444,0.00017479911815526,0.755640024060033,0.000178960217959726
"TATGGAGTTTCTCGTT-1",0.315960767637454,0.240061233571543,0.0341296189335687,0.081761741737154,0.0502021205714544,0.22134395161124,0.0565405659375857
"TATGGATGTGCTACGC-1",0.111850284479121,0.0771557297597723,0.012659695820981,0.0469768239573215,0.000161804440390919,0.751033857102022,0.000161804440390926
"TATGGCCCGGCCTCGC-1",0.018718009517749,0.0653775321169359,0.0101430975889191,0.0222253344579055,0.00661222439275538,0.876761362178955,0.000162439746779843
"TATGGGACCGAGCAGG-1",0.000109225643020862,0.0758036599737335,0.000109225643020862,0.050032451627453,0.000109225643020863,0.873715256880383,0.000120954589367574
"TATGGGTACGTATCGT-1",0.0513397546378867,0.0549031935929665,0.014052948868842,0.0402319651964946,0.000953339670740728,0.838411017634364,0.000107780398705518
"TATGGTCTGAGTAACA-1",0.0822302196072356,0.034741321337092,0.0471829466126833,0.0842439638289532,0.000153423066538598,0.720693269669726,0.0307548558777716
"TATGGTTAGTGGGAGA-1",0.0877325367399035,0.0987496377877219,0.0194758354148474,0.0116230147186113,0.000257272033174121,0.781904431272568,0.00025727203317412
"TATGTAAAGTGCTTAA-1",0.0359653264005237,0.0495680585504021,0.00406219657627292,0.364689207287951,0.000156001309542157,0.545403208565766,0.000156001309542155
"TATGTAGAAACCCGGC-1",7.76100045065256e-05,0.0939212775353069,0.0103372478027996,0.895431034643867,7.76100045065263e-05,7.76100045065262e-05,7.76100045065261e-05
"TATGTCAAGACCGACT-1",0.00286198282132029,0.0402168814068454,0.0160869741562301,0.0710148544156916,0.000177850756132924,0.869463605687647,0.000177850756132928
"TATGTCTCATTGTGCC-1",0.023264053717685,0.0740704754330618,0.0179098037379429,0.0951015239809124,0.000162612490646939,0.737815722955859,0.0516758076838923
"TATTAACACCAAAGCA-1",0.0474396710475695,0.136260626921604,0.0208454225781493,0.539533908372708,0.0108663053899787,0.244887306506681,0.000166759183309973
"TATTAACCTGACCGCG-1",0.0302657617127295,0.0502337780526151,7.67880814887717e-05,0.9191933079087,7.67880814887689e-05,7.67880814887662e-05,7.67880814887739e-05
"TATTACCATCCTGCTT-1",0.0773611357790978,0.0319556870138457,0.0175270568377454,0.0860135944404564,0.000170275801931693,0.786801974324991,0.000170275801931687
"TATTATGTTTGCCTGC-1",0.00275649422575726,0.0680166563467747,0.114255988897142,0.565380480295552,0.08041158327515,0.140233746271118,0.0289450506885064
"TATTCAATTCTAATCC-1",0.00010905506628384,0.0419384249187372,0.0174637177007947,0.049757126423266,0.013192934542355,0.822927449638379,0.0546112917101843
"TATTCCACTCAGCTCG-1",0.299062874749586,0.0903708566908066,0.0116296021454918,0.380926470833683,0.000242132847440347,0.217525929885551,0.000242132847440353
"TATTCCGAGCTGTTAT-1",0.118238642197918,0.0490684481563802,0.0103708184641746,0.0461746747644858,0.000244767705321351,0.652765019609803,0.123137629101916
"TATTCCGGCAGTCCTA-1",0.0162877718888262,0.0534043652657835,0.000163711139310461,0.00016371113931046,0.000163711139310459,0.925396658035517,0.00442007139194185
"TATTCCTCCGCCCACT-1",0.0150960815656219,0.0407598451130292,8.05318500448654e-05,0.827299211306964,8.05318500448648e-05,0.0798305585992244,0.0368532397150703
"TATTCGTGCCAGAATA-1",0.000111354459725374,0.0541939898406747,0.000111354459725375,0.102133052317223,0.0259753009167514,0.817363593546175,0.000111354459725378
"TATTGCCGGGCTTGTA-1",0.0468596167426039,0.0903695583652657,0.0580686760892433,0.0188742771803119,0.0230567440269582,0.731359280453047,0.0314118471425701
"TATTTAGTCTAGATCG-1",0.0065074122758949,0.0409813442250022,0.0261630926031693,0.0280606280453994,0.0326767488588352,0.782309109502489,0.0833016644892103
"TATTTATACCGAGTAG-1",0.0444188921752116,0.0344360675366767,0.0174795050722945,0.0767423438919315,0.00191532335247937,0.802126103631273,0.0228817643401333
"TATTTGATTTGCACAG-1",0.168428958648841,0.167243329466271,0.00961640647958843,0.124584705480974,0.0186408370477297,0.511120515818824,0.000365247057771459
"TATTTGTTACCCTTTA-1",0.00661082937975319,0.0313294161864442,0.00762276087660124,0.0353201846689607,0.000108651069810877,0.867708516573931,0.0512996412444983
"TCAAACAACCGCGTCG-1",0.0473723013960878,0.158811381347344,0.00217556266732684,0.0818685011230012,0.000241629860458135,0.601816445095347,0.107714178510435
"TCAAACTTAGATTGTT-1",0.0792568731595381,0.0343478872765716,0.0125367650048181,0.083497613531266,0.000163688922880899,0.759646063890417,0.0305511082145085
"TCAAATTTGAGACTCA-1",0.101717917342555,0.106167155519647,0.0155104210144755,0.0454206494533339,0.00812526215981665,0.722810416035375,0.000248178474796452
"TCAACAAAGATAATTC-1",0.0282314430026192,0.0443913224554862,0.0244699668404474,0.84820905976034,0.0305680026599347,0.024053959321894,7.62459592779058e-05
"TCAACACATTGGGTAA-1",0.0540327990757586,0.131461887069375,0.000706276208399392,0.000155756828373616,0.0110287285616455,0.765355104080552,0.0372594481758955
"TCAACATAGCGCCCTA-1",0.00648465232451653,0.138927081386503,0.0133875230781833,0.760369389537575,0.0805780637912928,0.000132053429105796,0.000121236452824062
"TCAACATCGACCGAGA-1",0.0302415369750178,0.0799653325376804,0.000163981450634537,0.112262233958816,0.000163981450634538,0.718981857310326,0.0582210763168907
"TCAACCATGTTCGGGC-1",0.11743961220023,0.0609495397334069,0.0199424126770546,0.0175077677553103,0.000232768137296987,0.628571480602163,0.155356418894538
"TCAACGAGGAGACAAA-1",0.0954234240125648,0.170379042756824,0.0274344668583007,0.405149055669103,0.000377980567889228,0.288284746516123,0.0129512836191939
"TCAACGCAGGAAATAA-1",0.0274999772418564,0.0515670524674106,0.0510421300541455,0.823222587896173,0.000116047710486991,0.000215157324426068,0.0463370473055014
"TCAACGCGACCGGCAG-1",0.0724061684957741,0.223904994912439,0.000256629679070264,0.0677037327326443,0.000256629679070264,0.635215214821932,0.000256629679070267
"TCAACTAACGTATAAC-1",0.113178068336257,0.0850860144671866,0.0331954067515291,0.0257717729236662,0.000164056812804836,0.742440623895752,0.000164056812804837
"TCAACTGCAGAGTCAG-1",0.131670079017354,0.0576925570449938,0.0120538499028538,0.00633704575044577,0.0137785056836978,0.778300105910032,0.000167856690623248
"TCAAGAAATACTAGCT-1",0.129336880456738,0.0741920275631552,0.0242349639302592,0.057780378063004,0.00024709256756623,0.713961564851711,0.000247092567566229
"TCAAGCGCGGACGGTA-1",0.239183230945269,0.112540628451016,0.00267725396349404,0.024381709685199,0.0323441969883008,0.57221729489658,0.0166556850701415
"TCAAGGTTACTACACC-1",0.116513793785826,0.108431429486788,0.000252301464569124,0.0174976719348288,0.000252301464569122,0.743328379256307,0.013724122607112
"TCAATACGCCGTCATG-1",0.120332620770555,0.0651135072768155,0.0256994799933487,0.081176024069406,0.000246217669149074,0.707154659920187,0.000277490300538956
"TCAATCCGGGAAGTTT-1",0.0302286226369101,0.0822587811522158,0.000167530745007372,0.00755847091019539,0.0662636640850164,0.813344915438412,0.000178015032243234
"TCACAAACCGAGGTAC-1",0.0656143845637951,0.12244400269299,0.0105760931567008,0.0403495446170152,0.000167660458910098,0.710712247633308,0.0501360668772805
"TCACAGATCCTCAAAC-1",0.232828648177279,0.122610625798741,0.0385658111429638,0.0532565449591713,0.00039307397953894,0.551952221962767,0.000393073979538952
"TCACAGCAAACTCGAA-1",0.067685638836811,0.152476412010132,0.0194087315048274,0.57761102842702,0.00448131249462177,0.178172393749913,0.000164482976674841
"TCACAGGAGAATAAGA-1",0.0160698412988463,0.0386871696483309,0.00943519182651637,0.710127377460133,0.000110733478061673,0.214346793799434,0.0112228924886774
"TCACAGGGAATCGCAA-1",0.0470113313048077,0.0943383789233109,0.0146016134215257,0.0694339645697859,0.000175096563723817,0.774264518653122,0.000175096563723817
"TCACAGGTTATTGGGC-1",0.0828116664214531,0.125496922988662,0.000257030529434638,0.0983204652309933,0.000257030529434638,0.692599853770588,0.000257030529434632
"TCACATCTTATCTGAT-1",0.00744638108138841,0.093611249594313,0.0230838057579896,0.0232451803766285,0.0111480785712923,0.672673824429355,0.168791480189033
"TCACCGCTCGGCACTC-1",0.0496842283340368,0.117373588239846,0.0175777143260124,0.0906199341308732,0.000257225599822847,0.724230083769586,0.000257225599822833
"TCACGATGTCCGTGGA-1",0.0500335655790067,0.140834641979758,0.00158430368038883,0.758573443576169,0.0126829780299564,0.0361771065917577,0.00011396056296376
"TCACGCATTGTAGATC-1",0.0290621886328813,0.140324865422252,0.0145183474070101,0.239040268990454,0.000247885754103167,0.576558558039196,0.000247885754103171
"TCACGGCCCAAGAGAG-1",0.0602659192432981,0.11798479591316,0.00853871903765171,0.809351758809886,0.00363367261780294,0.000112567189100531,0.000112567189100507
"TCACGGTCATCGCACA-1",0.0208474412189397,0.0723988035737579,0.0161852825299115,0.037961682641616,0.00187136977464837,0.843736315731185,0.00699910452994158
"TCACGTGCCCGATTCA-1",0.000239137259467656,0.144533783408399,0.0463121219457062,0.169368542937512,0.0128917694431,0.626415507746347,0.000239137259467652
"TCACTACGACCAATGC-1",0.0876378297782969,0.137828443611863,0.000259452524092351,0.0416180342976026,0.0403843066248839,0.692012480639169,0.000259452524092358
"TCACTATCGTGCAATC-1",0.0327392712407374,0.334778795572898,0.0593090340129478,0.000218896192786772,0.000218896192786776,0.468679286386547,0.104055820401297
"TCACTCAGCGCATTAG-1",0.137709346513327,0.146469433514043,0.0118401652172819,0.0183587520790339,0.000156879403618163,0.650627460023383,0.0348379632493127
"TCACTCGTGCAACGGC-1",0.0854823877356999,0.126623149312018,0.00103369095514042,0.115075722278585,0.000254798342225222,0.643501793059608,0.0280284583167235
"TCAGAACCTCCACAGG-1",0.133934630257321,0.100490780974537,0.0153100131768649,0.00875235072098001,0.0053196546477448,0.735934273789307,0.000258296433245003
"TCAGACGCTATAGAAG-1",0.0737458730204949,0.0208906521359075,0.000102696124713353,0.0441702145470425,0.00912328761508211,0.851855423102826,0.000111853453933717
"TCAGCAAATGCATCTC-1",0.0562785518024666,0.0853825209713526,0.000167669815949855,0.0946235633067795,0.000167669815949861,0.763212354471552,0.000167669815949862
"TCAGCAGTAGGCCCTG-1",0.138445211148461,0.0979197008940993,0.0306857726922152,0.717738021730999,0.000124758024674909,0.0149617774848758,0.000124758024674905
"TCAGCCAATCCGTAAA-1",0.0531828534530852,0.035407789795511,0.000153286164200718,0.0207852694484968,0.00015328616420072,0.778148712729727,0.112168802244778
"TCAGGGCGCAAACTCG-1",0.0972650421465266,0.0800920683182384,0.0309419892233598,0.0174867317534396,0.0390875948661789,0.734954511111984,0.000172062580273139
"TCAGGGTGCACGAAAC-1",0.0262010551564639,0.170958272425409,0.0210544162461157,0.0358334182913987,0.000248613788146933,0.647074775141137,0.0986294489513293
"TCAGGGTGTAACGTAA-1",0.0383717408838702,0.0228654950041909,0.000172735451214731,0.0506255346416499,0.000172735451214731,0.887617325441142,0.00017443312671786
"TCAGGTTCTTTGAGAA-1",0.00898091966949,0.087176457679294,0.00582264397999909,0.158793922782187,0.000172190686347722,0.738881674516335,0.000172190686347716
"TCAGTACTGACCCGCG-1",0.109247286055189,0.0506127402600137,0.0119550836526748,0.0631365736714164,0.0122684874632789,0.743011288200198,0.00976854069722944
"TCAGTAGGGACTATAA-1",0.112149979437266,0.0457347951021302,0.017213989381559,0.391137228904016,0.00805149228473344,0.324749932598712,0.100962582291584
"TCAGTGTATACGTCAT-1",0.0471297276977014,0.0333266788738227,0.0184366182338195,0.90086635157814,8.02078721719152e-05,8.02078721719202e-05,8.02078721719185e-05
"TCAGTTACGGAATGAT-1",0.0750355013344862,0.0702293520921917,0.0142030374853021,0.000164562228362966,0.0318489334909142,0.808351754523001,0.000166858845741685
"TCATACTTACAGATCC-1",0.0560920187809755,0.10938502840564,0.054314648771055,0.0652652518259285,0.0123911811837757,0.702286991171166,0.000264879861459266
"TCATATGAGCTTTGTT-1",0.153680910457226,0.0597533402739051,0.00016217332210371,0.0897121854943603,0.000162173322103711,0.696366722287747,0.000162494842554408
"TCATCACTCGAGCTCG-1",0.182363182879801,0.143656831176615,0.00609768136950409,0.0389644605837639,0.000247931170483374,0.62842198164935,0.000247931170483378
"TCATCCCAGAGGGTGG-1",0.000114295856998604,0.0250035094246032,0.00136311227513767,0.000114295856998603,0.000114295856998604,0.973176194872265,0.000114295856998604
"TCATCGATGGTCCCAA-1",8.32966960305152e-05,0.00656969272375249,0.00605315267490775,0.961077426699147,0.0260410715112375,0.000101292426755297,7.4067268169149e-05
"TCATGCAGGTTCTCAT-1",0.013884088650532,0.028355055869905,0.0232467975218562,0.106982417490258,0.00026352290571382,0.827004594656021,0.000263522905713826
"TCATTTAAGTCTCCGA-1",0.0637064163310143,0.148326030780375,0.000173758343344608,0.040990717186459,0.000173758343344607,0.746455560672118,0.000173758343344608
"TCATTTAGAAGTGTGA-1",0.0237171100534796,0.0572711231346129,0.00883971205727556,0.000155700051872702,0.0250257622030688,0.884834892447818,0.0001557000518727
"TCCAACTCAGCTATCT-1",0.078934674851508,0.0697922545529025,0.000166933003413013,0.000455411565382594,0.0192090062814143,0.831263683487857,0.000178036257522022
"TCCAACTTTAAATTCT-1",0.0260094717073685,0.245237013981792,0.0918425410292561,0.176902034356795,0.00050955066534425,0.432265872975229,0.0272335152842156
"TCCAAGCCTAGACACA-1",0.161793293228135,0.150041404391693,0.0514301821363623,0.0644466425107452,0.0312393412896167,0.540698577712787,0.000350558730660406
"TCCAATAAAGGCTACC-1",0.103546964747611,0.0382840281122463,0.0303899871012206,0.475248488796502,0.000241844759246456,0.352046841723927,0.000241844759246459
"TCCACAATGGTTTACG-1",0.0143194834434184,0.0696923797428224,0.0129472905197296,0.00325122322107535,0.00011159566699051,0.899555028971399,0.000122998434565008
"TCCACATCGTATATTG-1",0.0289668844463219,0.166581575804777,0.000357866748716354,0.230686953067696,0.00781065306946511,0.565238200114307,0.000357866748716353
"TCCACCAAGACATAGG-1",0.0461771997120969,0.160117993219578,0.0423660319910872,0.0542135232420934,0.0383346296127115,0.658547757683813,0.000242864538620596
"TCCACCTCTAGCCTTT-1",0.0633197304429399,0.0774862445415167,0.000165307848680914,0.201182702039354,0.000165307848680916,0.657480102503122,0.00020060477570549
"TCCACTTTATCTAGGT-1",0.00164880838137179,0.0299853498799593,0.000114871946269112,0.0424948284168121,0.000114871946269105,0.925526397483049,0.000114871946269113
"TCCAGAGCACCGGTTC-1",0.13148186633274,0.061983371808923,0.000156689990116447,0.347294340570214,0.000156689990116451,0.456997700622786,0.00192934068510444
"TCCAGCGCTATAAGCG-1",0.192975062228986,0.151636753488678,0.0583739409868733,0.0706479023036361,0.0109909867813502,0.514798994910207,0.000576359300269393
"TCCAGGCGAGTACGGT-1",0.0263364479763459,0.0890098771321937,0.0019825791314263,0.026388942946343,0.0420524959239658,0.814057773059904,0.00017188382982177
"TCCAGGGTATATACGA-1",0.0778233647924009,0.0615959120128597,0.0461429971071941,0.0457633747741338,0.00219778496855685,0.766314800436955,0.000161765907899915
"TCCATCAATACTAATC-1",7.66973718446137e-05,0.0623837306515884,0.0451354830665214,0.879412580021602,0.0128381141447546,7.66973718446102e-05,7.66973718446133e-05
"TCCATTAGTTGGATAG-1",0.0575693510452029,0.337784272375276,0.000240466395272168,0.031586955969791,0.00439167853261241,0.493655192278186,0.0747720834036595
"TCCATTGTGACCTCGT-1",0.0826517446348209,0.0615967295357209,0.0143947617231958,0.0507722312236324,0.0193060292600638,0.771012408418352,0.000266095204214213
"TCCCAAACAGACAACG-1",0.0387236136854974,0.0713867472719534,0.00765532219714241,0.000161073098554124,0.000161073098554124,0.828187813831411,0.0537243568168872
"TCCCAAAGACGAAGGA-1",0.0871371390890674,0.064065933162567,0.0076128780631794,0.0550944716308343,0.000158462130029774,0.785772653794292,0.000158462130029779
"TCCCAAAGCCCTAAAT-1",0.0839344983063152,0.0827085271447688,0.0235377808845686,0.0436707214011525,0.000167393736297405,0.765804922114083,0.000176156412814718
"TCCCACGGAGGGAGCT-1",0.0466547974066558,0.0397555479497931,0.000162096742324031,0.000162096742324032,0.0286637573367046,0.884415602313167,0.000186101509031183
"TCCCACTCTCTTCCGG-1",0.0452439260283641,0.0621103014141886,0.0203631757778113,0.0115858656620915,0.000171207099949948,0.860354316917644,0.00017120709994995
"TCCCAGCTTTAGTCTG-1",0.034349239275466,0.062095495500817,0.000164260641284823,0.0847311927548534,0.000164260641284823,0.79339410955694,0.0251014416293538
"TCCCAGGCTTAGCTAA-1",0.000109701230358569,0.0496855301146751,0.00185028425767729,0.0397232384345824,0.0190411517208743,0.834440500228925,0.0551495940129075
"TCCCGCGTACTCCTGG-1",0.0372867510092538,0.067918228253184,0.0327556481443494,0.0335319500000434,0.000159555115679335,0.825967715857606,0.00238015161988375
"TCCCGGGTGTGCTGCT-1",0.0425985491983192,0.0640736717625465,0.0105847488133367,0.119566877756471,0.000158561074324594,0.762803247884103,0.000214343510898662
"TCCCGGTCAGGAATTT-1",0.440103819017042,0.221899504871244,0.000375093367551978,0.0293569841759588,0.0194460533872291,0.224184055149006,0.0646344900319678
"TCCCGTCAGTCCCGCA-1",0.0370662653865032,0.114818542496488,0.0226311366785832,0.116180872886048,0.000239210446063992,0.644015956676927,0.0650480154293873
"TCCCGTGTGCAATTTG-1",0.0831506038006836,0.0942877339965029,0.000167751481385924,0.0698066544018423,0.020004983598489,0.73241452123971,0.000167751481385922
"TCCCTAGATCAATAGG-1",0.0643551589532824,0.0691119815473071,0.00759167227309475,0.000165778016253786,0.0169047945278937,0.802458283376345,0.0394123313058237
"TCCCTGGCGTATTAAC-1",0.000153523603477619,0.0326153403847431,0.000116632895236,0.95364454281266,0.013236694513411,0.000116632895235995,0.000116632895236001
"TCCCTGGCTCGCTGGA-1",0.0581276939701782,0.0404665496086899,0.0321760839935159,0.0191427662735264,0.000165406416353649,0.849751275847956,0.00017022388977991
"TCCCTTAGATTACTCG-1",0.00287653073834074,0.107191170452168,0.0350849248211877,0.135101864078464,0.0438507383672544,0.675633479007698,0.000261292534887599
"TCCCTTGTCTGAAACT-1",0.0433736990042215,0.107525731656424,0.000262237482093777,0.0386619754528916,0.0142041494463788,0.786716977078924,0.00925522987906667
"TCCGAACTTGGCTTAC-1",0.0332515630825084,0.313326747394705,0.0523075382810568,0.000249627267244279,0.00024962726724428,0.600365269439997,0.00024962726724428
"TCCGAAGTAGTCACCA-1",0.138933839398601,0.193287863120497,0.0232974183704604,0.0755050474814775,0.0251269406249543,0.543254002513812,0.000594888490197703
"TCCGAATGGTCCTGAG-1",0.0332111503073328,0.0745945361044534,0.000171193541718518,0.000171193541718521,0.00767452797752029,0.884006204985538,0.000171193541718519
"TCCGACCGCTAATCAA-1",0.0718603412641443,0.214055874607569,0.0426295243079086,0.537546811672417,0.000252816406776261,0.10459932992871,0.0290553018124742
"TCCGAGAAGGCTAAGC-1",0.364977409568293,0.333498354644623,0.00040270937579446,0.03616554123956,0.00040270937579446,0.134646442871892,0.129906832924043
"TCCGATAATTGCCATA-1",0.050413114326356,0.0270053890013871,0.000155176423534824,0.0640546883940771,0.0456583211776114,0.700880913001868,0.111832397675166
"TCCGATGACTGAGCTC-1",0.146760090387598,0.0522298439333205,0.00025143216537816,0.0445696459774036,0.000251432165378166,0.648280898588832,0.107656656782089
"TCCGATGGTGCGACAT-1",0.0283285073053081,0.0205969986716234,0.00127746993607214,0.0264609491881043,0.0073987881277142,0.915829635234895,0.000107651536282697
"TCCGATTACATTGCCG-1",0.0359736195301804,0.100342123047405,0.000178089397648095,0.0612038536334338,0.000178089397648083,0.801946135596037,0.000178089397648111
"TCCGCCTGTCTACAAG-1",0.108737963479203,0.178031056630603,0.000245456556958392,0.158961883040697,0.000245456556958393,0.553532727178622,0.000245456556958391
"TCCGCGGCAGCATCTG-1",0.130552153926684,0.076520053523122,0.0101533638269152,0.078288870531922,0.000245264347246427,0.703995029496864,0.000245264347246425
"TCCGCGGCCCAATGAA-1",0.0552188246662655,0.119273397782342,0.00124522436069293,0.00705038156430211,0.0106215476808202,0.780246782940975,0.0263438410046024
"TCCGCTGTCATCCCGG-1",0.0178169889195852,0.0477640461744768,0.000162483631674244,0.0297892152531984,0.000162483631674241,0.904142298757717,0.000162483631674242
"TCCGCTTATCCCATTA-1",0.0670844764821023,0.21625838629608,0.000238069688894859,0.069754452212029,0.00023806968889486,0.611161504793093,0.0352650408389053
"TCCGGAGGAAGGGCTG-1",0.11857142647392,0.0687039468105229,0.000177303256351889,0.0373899127270791,0.00706975818081057,0.767910349294963,0.000177303256351894
"TCCGGCCTAGCGTACA-1",0.0962228785313612,0.0666553455077529,0.0190645989744157,0.0893694244485913,0.000255093597432909,0.728177565343013,0.00025509359743291
"TCCGGCCTGCATCGAT-1",0.0272719555117554,0.0393283090477075,0.0074005598651928,0.000106773430196543,0.000106773430196543,0.872735659245742,0.0530499694692096
"TCCGGGCTTGACGGGA-1",0.15374811508844,0.123436800822982,0.000262543284312016,0.0213853539927504,0.000262543284312018,0.691780732703573,0.00912391082363052
"TCCGGTTCGTCCGGTC-1",0.0298665396130121,0.0603327136124507,0.0572725376284159,0.66046005363637,0.000115742588928818,0.191836670331894,0.000115742588928825
"TCCGTAACCACAATCC-1",0.13574554815746,0.0501627780890866,0.0017054496642589,0.00372664854778965,0.00841771895575431,0.756934597628589,0.0433072589570614
"TCCGTTAAGCTAATAT-1",0.0136025237056193,0.0252915246561114,0.014257392122269,0.104674553260944,0.000162512036747065,0.841848982181563,0.000162512036747065
"TCCGTTTAGCCTTGAA-1",0.00011090330968248,0.0822752590357142,0.00756503877989752,0.000110903309682481,0.00011090330968248,0.875454095408093,0.0343728968472473
"TCCTAAATTGGGAAGC-1",0.176524691935916,0.0702502472885756,0.00183231023409668,0.0641503060528842,0.00024720937490418,0.684426530854338,0.00256870425928516
"TCCTAACCGTCGGGCA-1",0.0021467290761285,0.09774903718594,0.000118886841846077,0.731504524783403,0.000118886841846077,0.16824304842899,0.000118886841846073
"TCCTACATCCACGGCC-1",0.0309521897061465,0.037719014898829,0.00356915523220384,0.000162440765898885,0.00512381682542952,0.922310941805593,0.000162440765898884
"TCCTAGCAAAGAAGCT-1",0.0388375887526835,0.0635410055193831,0.0121706753403114,0.42519807068008,0.00366011292132361,0.456349099417986,0.00024344736823312
"TCCTCCTAAGACATTC-1",0.0258607993019683,0.00553238424479322,0.0164926149985411,0.340845286421036,0.000152698503331579,0.610961886512316,0.00015433001801309
"TCCTCGGGCTGGGCTT-1",0.0531110606407855,0.0609120898204516,0.000161702637360797,0.0333703253738364,0.0222137829250897,0.825035539855941,0.00519549874653538
"TCCTCTACGAGATGGC-1",0.0579980636564765,0.033040738461725,0.0313940598093147,0.0457442873461989,0.000173892658635663,0.82564666241839,0.00600229564925939
"TCCTCTCCAGTTGTCC-1",0.089133175641078,0.105130067139423,0.0712660332206696,0.146384275014774,0.000380659073683604,0.587325130836687,0.000380659073683605
"TCCTCTGGCCCATTAG-1",0.0346908833604702,0.189708367510161,0.02358088922888,0.00725782165638551,0.0165523613981969,0.663332184716566,0.0648774921293408
"TCCTGCCAACTGGAGA-1",0.0189520715644039,0.0996999044588981,0.00917358563219506,0.0304103269431304,0.000169645331039623,0.841424820739293,0.000169645331039628
"TCCTGCGTTGATACTC-1",0.0661915652541212,0.109379448947164,0.0125428623486121,0.022651369158392,0.000253737852737929,0.773277880073739,0.0157031363652337
"TCCTGGCGCTGCCTGG-1",0.100078881419018,0.0619866075163006,0.00156909157510147,0.014318179511441,0.000253913699414869,0.691874261543329,0.129919064735395
"TCCTTACGACGGTCCG-1",0.0707207957367084,0.10893270511146,0.0104767085848932,0.0397965750693973,0.00807514912690055,0.761753569858165,0.000244496512475658
"TCCTTCAGTGGTCGAA-1",0.0219115914441977,0.0190614013378985,0.000170320873851193,0.0736033769369234,0.000170320873851191,0.848678185986145,0.0364048025471334
"TCCTTGTCCTTTAATT-1",0.0478174818008383,0.142395815022724,0.0002387777626866,0.222774019264621,0.0421936207068188,0.544341507679624,0.0002387777626866
"TCCTTTAAATCCGCTT-1",0.0306509366205849,0.104893969845173,0.00018079176025491,0.0398720228553293,0.000874060367192075,0.823347426791211,0.00018079176025491
"TCCTTTCTTACGCTTA-1",0.0396815002025832,0.0465093340133759,0.00016395474651387,0.0851600652615281,0.000163954746513874,0.808554185761601,0.0197670052678839
"TCGAAATTTAGGACCA-1",0.00016842840008371,0.127553540496421,0.0311463994620379,0.143909201654872,0.00016842840008371,0.679010851511464,0.0180431500750386
"TCGAAGAACCGAGCAC-1",0.0060429805224226,0.0325631300854792,0.00016487117958,0.00517736044692315,0.00016487117958,0.934834855459568,0.0210519311264472
"TCGAATATCCCGCAGG-1",0.0196164822481725,0.259061417684219,0.0215941036311017,0.669810553571147,0.000117320800941757,0.0296828012634757,0.000117320800941761
"TCGACAACTGAACCCG-1",0.0287710894624367,0.115234605657922,0.0224053533083986,0.795269579098704,0.00932499845124999,0.0288787081004787,0.00011566592081078
"TCGAGACCAACACCGT-1",0.046167466445864,0.0435931374651197,0.035573197911844,0.241856643615101,0.0288919015936167,0.570125708150808,0.0337919448176468
"TCGAGCCAGGCAGGCC-1",0.132890467668808,0.109115035418147,0.0560436578761589,0.701595605313376,0.000118411241170027,0.000118411241170026,0.00011841124117002
"TCGATAGGCTAGTCGC-1",0.122177969944956,0.0755691504401308,0.000165142327384857,0.000165142327384857,0.000165142327384858,0.801592310305374,0.000165142327384857
"TCGCAAAGATGCATTT-1",0.0892917644252363,0.0638382306516212,0.000166694200695583,0.0456400462385847,0.000166694200695582,0.781753550324792,0.0191430199583743
"TCGCACCAGGAGGCAG-1",0.0242505119467834,0.0899849292730631,0.0347682072694525,0.0382741841655299,0.000257375928178053,0.812207415488815,0.000257375928178064
"TCGCATAAAGGGCGCA-1",0.216743267983526,0.101641712341165,0.054621692541863,0.0484973329450279,0.000376868073085507,0.577742258042246,0.000376868073085497
"TCGCATCCCTAAGTGT-1",0.0833417714112903,0.070380820258466,0.0115647337934101,0.000221102516434034,0.0069799239061177,0.660382777023666,0.167128871090616
"TCGCATTCAATGACTT-1",0.10976541417828,0.14027373852813,0.000363076373884758,0.0353092118675181,0.000363076373884758,0.574513839730069,0.139411642948233
"TCGCCCAACTGACTCC-1",0.0776215546924021,0.167487736203462,0.000247831241755874,0.0713233642506145,0.000247831241755873,0.647679847204546,0.035391835165464
"TCGCCGAAGTTGCGTC-1",0.000160994016214066,0.0461538068692144,0.00887017142354127,0.41026545109783,0.000160994016214064,0.51683918175836,0.0175494008186267
"TCGCCGACATATTCGC-1",0.0198234365877009,0.0464508405244467,0.00902081082793663,0.000873872739191632,0.000170377765332931,0.923490283790058,0.00017037776533293
"TCGCCGGTCGATCCGT-1",0.0932566743269107,0.0703895234150532,0.00632523239880445,0.000165637810250612,0.000165637810250609,0.724587859202143,0.105109435036588
"TCGCCTCGACCTGTTG-1",0.189842249450442,0.252537346651389,0.0579008949885737,0.000245277950960371,0.000245277950960372,0.498983675056715,0.000245277950960377
"TCGCGTCCAGAAGGTC-1",0.0449597658173298,0.0946177682809318,0.000177013895430892,0.0290054810478979,0.000177013895430894,0.782322548698498,0.0487404083644803
"TCGCTAAACCGCTATC-1",0.040921376815034,0.0665501240676679,0.000169333166384234,0.0434606241343497,0.000169333166384234,0.840958828485722,0.00777038016445768
"TCGCTACTGGCTTTGA-1",0.0744161358362518,0.0414480394294312,0.000157549202526297,0.0565781408307502,0.000157549202526296,0.827085036295988,0.000157549202526296
"TCGCTCGATATATTCC-1",0.000106042368636697,0.0252586853184117,0.000106042368636697,0.0418657403056782,0.000106042368636697,0.932430448111945,0.000126999158054623
"TCGCTCGGCACCAGCG-1",0.0461080574349586,0.080091930911379,0.000171536880575617,0.000171536880575617,0.0312855185451261,0.841984968438033,0.000186450909352393
"TCGCTGGGCGGATTGT-1",0.0767070441854138,0.0586401496638281,0.0669132310584613,0.0971894821650406,0.000168012336593901,0.700214068254068,0.000168012336593898
"TCGCTGTGCGTAAATC-1",0.0289303510715491,0.0704938946802979,0.00507568047885202,0.0119168026382248,0.000165591131569244,0.883252088867938,0.000165591131569243
"TCGCTTTAAACGTTTG-1",0.000166278684723412,0.0399524654705843,0.0201046023860881,0.0236833615145054,0.0529526627313338,0.862945786039041,0.000194843173724185
"TCGGAATGACCATCAA-1",0.0914644363775258,0.0598998047039212,0.000244905327869523,0.0370021932757252,0.076011846764918,0.735131908222171,0.000244905327869524
"TCGGAATGCGCTCTGA-1",0.0358513972846459,0.0962444117794668,0.00701900052691088,0.0478943718030537,0.000167649116530516,0.727856786329355,0.0849663831600377
"TCGGACGCCCAGCCCA-1",0.0148942000420289,0.0508043945959309,0.0109725704519565,0.00476578536311602,0.000162697641941828,0.918237654263084,0.000162697641941828
"TCGGAGAGTATCGGGA-1",0.0793335739025044,0.0693727142937701,0.00694383912244629,0.50543426131083,0.000162109147235282,0.338591393075979,0.000162109147235294
"TCGGAGTACATGAGTA-1",0.132304474726511,0.0648799625587065,0.0162258766911646,0.120675635939334,0.0106368625732499,0.655120522887928,0.000156664623105836
"TCGGATCTGGATGACC-1",7.32995235867395e-05,0.0750953696449686,0.00886098623248531,0.915750446028199,7.32995235867466e-05,7.32995235867435e-05,7.32995235867419e-05
"TCGGCGAACCCAAACC-1",0.0401926460839755,0.0486802085244884,0.000687869312971757,0.00109812792100007,0.000164047217074338,0.87101968170585,0.0381574192346399
"TCGGCGTACTGCACAA-1",0.0950884395088079,0.114769888740661,0.0258734220930961,0.567805244228398,0.0103355691129813,0.185968630816498,0.00015880549955734
"TCGGCTAACTTCCCTT-1",0.034948062471217,0.0383037024948399,0.00016454409774619,0.00016454409774619,0.0193778213893397,0.902104744493195,0.00493658095591645
"TCGGCTTGTATCGACG-1",0.0310491289151784,0.0789787149800992,0.0128758036350656,0.0158314844250574,0.0093270410644134,0.851758254391006,0.000179572589179879
"TCGGGAACGTGCCTAG-1",0.0788289191407676,0.101463346143455,0.00017314711282589,0.00017314711282589,0.00017314711282589,0.819015146264474,0.000173147112825895
"TCGGGAGACAGCGTAC-1",0.0724720655307498,0.094135866749711,0.000163891890164838,0.0635222109146611,0.000163891890164839,0.688990152428847,0.0805519205957011
"TCGGGATTCAAACATA-1",0.0211731789114417,0.045068276290223,0.0128868444701834,0.0571288861926312,0.0227156166509267,0.828966749345422,0.0120604481391721
"TCGGGCACTTCTGGAT-1",0.0646980344873749,0.248437716468749,0.0393133365855283,0.00718766440503466,0.00026611002490674,0.6398310280035,0.000266110024906754
"TCGGGCCGTCGTGGTA-1",0.0438740137131985,0.137335177777757,0.00503834091467279,0.0341128464860461,0.000167227205789107,0.779305166696748,0.000167227205789107
"TCGGGTGAAACTGCTA-1",0.00648057127701123,0.0791654621124082,0.0207972638769418,0.000173872162187169,0.00771296644864864,0.885495991960616,0.000173872162187169
"TCGGTCCCGACAATAG-1",0.0951303051618667,0.0816023361238965,0.0517926905898106,0.771131140939089,0.000112849653660286,0.000117827878016992,0.000112849653660283
"TCGGTCCCTGACTCCA-1",0.122138925741193,0.206094840550795,0.0151072563021974,0.0150255431541981,0.0379127376845296,0.599922735139647,0.00379796142743986
"TCGGTGACCGCTCCGG-1",0.0884696585467486,0.0994689586339089,0.000246691416274662,0.0460996295178416,0.000246691416274662,0.718213919616628,0.0472544508523243
"TCGGTTAGCCATGTAG-1",0.0411143013975097,0.0583916779710189,0.0278492742060865,0.000167765495570557,0.0363081723678493,0.794754596209471,0.0414142123524937
"TCGTAAGACGACATTG-1",0.0589376220931065,0.131428437184427,0.000171595161181535,0.0736383716373332,0.00017159516118153,0.735480783601589,0.000171595161181535
"TCGTAAGCTCCGAGGA-1",0.0489401222224996,0.0884779667924557,0.0364011625518353,0.000166868610962437,0.000166868610962436,0.811811097202259,0.0140359140090258
"TCGTATAGTGCAATTA-1",0.0362878171383599,0.0957147897497361,0.0589123674478507,0.000177602402073903,0.00435982392173111,0.804369996938174,0.000177602402073903
"TCGTATTACCCATTGC-1",0.0160721927760306,0.0903502728504191,0.000161610971827033,0.0762842236348743,0.00632466959927633,0.810597442668065,0.000209587499507155
"TCGTATTTCGTCCGGA-1",0.0547604111173388,0.0654924587530112,0.0138457249608169,0.0302736326804594,0.0210685115115549,0.814393890825653,0.000165370151165345
"TCGTCAAGTACGCGCA-1",0.125255752228664,0.0983669611601926,0.102770991147477,0.673246111219019,0.000116117334142516,0.000127949576362739,0.000116117334142526
"TCGTCACACTGTTAGC-1",0.0174933080377729,0.103701129513863,0.0160361313116361,0.0650992288481041,0.000176460703819467,0.797317280880985,0.000176460703819475
"TCGTCCGCTGGCGTCT-1",0.0503829244085871,0.0838427742428766,0.0196122757334116,0.0550094067156539,0.035886655837635,0.725031232564479,0.030234730497357
"TCGTCTTAGGCGTTAA-1",0.0710649392060636,0.0569942153211476,0.0220706759034907,0.00810251141696729,0.000245521485497656,0.783409726005246,0.0581124106615873
"TCGTGTTCGACCACAA-1",0.325513176959063,0.175617598695436,0.00336993413870419,0.000347112245749383,0.000347112245749384,0.354463177690004,0.140341888025294
"TCGTTAGGAGTCCCTA-1",0.0902169527246843,0.0569326502743896,0.000235044201090186,0.321601592228998,0.0237595879923366,0.44561193081484,0.0616422417636613
"TCGTTCGTTATTATGT-1",0.0412798230396636,0.0546201690524846,0.0136697974093461,0.0320362360781952,0.000171752257590463,0.85805046990513,0.000171752257590465
"TCGTTGCTATCCGGTC-1",0.0442440279813055,0.072080871729834,0.0634512524916168,0.691525912572981,0.00011501536769446,0.128467904488874,0.00011501536769446
"TCGTTGGCTCGTCAAT-1",0.212234809913222,0.253806918222855,0.0306624856642475,0.0716165294480846,0.000363555906287637,0.428721604179016,0.00259409666628725
"TCTAAAGAACAGTCTC-1",0.0181561369385697,0.120321390278264,0.0742160253625112,0.513089169030004,0.000164862274817982,0.231258285088465,0.0427941310273676
"TCTAACTGTATGTAAA-1",0.105375680985578,0.0427572466841079,0.000164267223309765,0.039055936318501,0.0156044089488121,0.796878192616382,0.00016426722330977
"TCTAATACTGCCTCAG-1",7.55715652978321e-05,0.0458254858259868,0.0277496572120593,0.924336053439117,0.00180780018717071,0.000130339030265555,7.50927401027007e-05
"TCTACACGTTCATGCA-1",0.0510658728943951,0.056777641383975,0.000178221548158401,0.000178221548158401,0.000178221548158404,0.891443599528996,0.000178221548158403
"TCTACCCAATAGAGAG-1",0.09532568124114,0.0729163556044913,0.00832906550838868,0.00139779875319225,0.000168250033340543,0.796378680284955,0.0254841685744919
"TCTACCGTCCACAAGC-1",0.051046419550726,0.0618054922206156,0.0217146258634964,0.06135676900058,0.0033762614409462,0.728481315056367,0.0722191168672688
"TCTAGCAATCTCCGCC-1",0.0170610662235389,0.0244727435661489,0.0549914908575682,0.742508789547188,0.065520702622936,0.0953693234613748,7.58837212449259e-05
"TCTAGCATCTTCGATG-1",0.0428363221784718,0.052992969947191,0.0298511827546085,0.00805160815532556,0.000169509161279248,0.865928898641845,0.000169509161279247
"TCTAGCATGCCCAGAA-1",0.0638652066112493,0.0862786395373473,0.0087124633391387,0.0705504112220867,0.000164143958603892,0.71436396277058,0.0560651725609946
"TCTAGGTGGCGACGCT-1",0.0755502944987588,0.0401757540120511,0.0135071146764713,0.000168852709090198,0.000168852709090199,0.870260278685448,0.000168852709090197
"TCTAGTGATATCGTGG-1",0.0207504790027683,0.0631103875341439,0.000118139732789226,0.000118139732789226,0.000118139732789225,0.915666574531931,0.000118139732789226
"TCTAGTTATCAGAAGA-1",0.0410643989629509,0.113351046711223,0.0585303314092371,0.181501739561962,0.000237849597418152,0.582831224469509,0.0224834092876999
"TCTATAGGTGGGTAAT-1",0.0987527004898736,0.172033662031635,0.000257304264550712,0.060707609810121,0.000366151845897483,0.667625267293372,0.000257304264550713
"TCTATCATGCAGTTAC-1",0.0773169642217597,0.0823854248892728,0.000174215317983791,0.0579555656148419,0.000174215317983789,0.781819399320174,0.000174215317983791
"TCTATCGGTCGCAACA-1",0.098186636016386,0.0328454566418884,0.0018251228724441,0.00783730734962465,0.000254432836128436,0.819963024383441,0.039088019900087
"TCTATGCTATAACGAC-1",0.0728196585648573,0.0308700822828516,0.00715373025458203,0.0198058342074817,0.00806297866072115,0.861122825172555,0.000164890856951258
"TCTATTACGCTGGCGA-1",0.0493564756421426,0.0424281080016301,0.0204231861903819,0.0284960134831056,0.0641753721152273,0.698538388957459,0.0965824556100541
"TCTATTACTAGAGGAT-1",0.0637072265189096,0.0477181344796285,0.00505663766510201,0.12192544099464,0.000164506043062441,0.761263548255595,0.000164506043062438
"TCTCATGAGATAGGGT-1",0.0754199838627702,0.01855634856024,0.00024709790692554,0.120479380653394,0.000256601729123285,0.723373496877584,0.0616670904099633
"TCTCCAACGTAGGTTA-1",0.0380549523464417,0.0425095380723077,0.00892683870641278,0.134492998551512,0.000165799804929241,0.775678599315049,0.000171273203347938
"TCTCCACAAGTTGAAT-1",0.156014658945564,0.111577064626065,0.0352212441060275,0.0483157117301378,0.000241714565330325,0.648387891461546,0.000241714565330322
"TCTCCCTGGGCAGCGT-1",0.0283419512961816,0.0575439756702483,0.00222099694296956,0.0353170160124467,0.000169079430595024,0.775625416055993,0.100781564591566
"TCTCGAACGAGGTCAC-1",0.00710774368384464,0.0197836859115679,0.00351329573355472,0.0151475212524128,0.000108578927598559,0.954230595563423,0.000108578927598549
"TCTCGACGTATCGCCG-1",0.0896971786744807,0.0551221214686996,0.0246323888046005,0.0034514745640872,0.000171106406955379,0.826754623674221,0.000171106406955379
"TCTCGAGGAGGTTCGC-1",0.0373636932907896,0.0621816874740647,0.000105766015321397,0.000105766015321397,0.0110591811417338,0.889037508451211,0.000146397611558145
"TCTCGGCTCCAGGACT-1",0.136796479006062,0.117766296743057,0.0485643225805193,0.0276670434219523,0.015459461214521,0.653509679754444,0.000236717279443839
"TCTCTAATAGCTGGTA-1",0.0641356132488921,0.0921565885624555,0.00696279930747336,0.041986872440311,0.000159037366362552,0.71332483265733,0.0812742564171758
"TCTCTCGCCGCACATA-1",0.183640980330255,0.106757440417751,0.0149819054218225,0.0191211588555883,0.0419945759535814,0.565989320705115,0.0675146183158873
"TCTCTTACCGCGAACC-1",0.0468450912688458,0.268726349105845,0.000251696136539585,0.462081022637852,0.0339919013976206,0.131432913088496,0.0566710263648015
"TCTGAACCGGTCGGCT-1",0.016917259035741,0.0809678590478283,0.000162155642867375,0.0692681709942484,0.0438771507901253,0.788634552018612,0.000172852470577668
"TCTGAACTCGTACCCG-1",0.0400391275739865,0.0862762250322534,0.000183444024155027,0.0549886677288785,0.00018344402415503,0.818145647592416,0.000183444024155029
"TCTGAAGCACGTGGTC-1",0.0286227417959502,0.157508191625954,0.0274280772007587,0.0135722220916797,0.000166790341121601,0.772535186603414,0.000166790341121601
"TCTGAATTCCGTACAA-1",0.0884362132989675,0.0499741205893167,0.000175476884801675,0.0367985420647313,0.000175476884801675,0.82426469339258,0.000175476884801668
"TCTGACTGTAATGGTT-1",0.0653670232573349,0.241573920394373,0.0181567553054391,0.0202225977698224,0.0309127469932258,0.623521271135099,0.000245685144705681
"TCTGAGCAATTGACTG-1",0.03412889060374,0.0471575016774407,0.0182447754615954,0.0159126662612616,0.0386060140870582,0.804499788764353,0.0414503631445508
"TCTGATGTATTCTGTC-1",0.0138826938878859,0.148235783402703,0.000246604450147168,0.0447014743330382,0.00935847025190746,0.740438794185631,0.0431361794886873
"TCTGCATACCTTGCTT-1",0.023698680706039,0.162123214249473,0.000162060335647002,0.000162060335647002,0.0269061282796892,0.786785795757858,0.000162060335646999
"TCTGCCAGAAACTGCA-1",0.113950419188061,0.0254657278225189,0.0162002188119398,0.0667450860777141,0.000157586507991798,0.777323375083783,0.000157586507991801
"TCTGCGTCCGGTTTCT-1",0.0407770138830425,0.0525671207029964,0.0103294636430523,0.000300179725344561,0.0141377766391547,0.798723913169967,0.0831645322364424
"TCTGGGAACCTTTGAA-1",0.0614668513075923,0.117699127587385,0.0377149505093718,0.0586575698721524,0.000252622715171977,0.723956255293154,0.000252622715171978
"TCTGTCATACAAGAGC-1",0.0619633434752927,0.0305865648143174,0.0252228677341117,0.000163532893549237,0.000163532893549239,0.88173662529563,0.000163532893549238
"TCTGTGACTGACCGTT-1",0.0569064397207265,0.146314125273141,0.0469379519340859,0.0255851668951937,0.000252891789604192,0.723750532597644,0.000252891789604193
"TCTGTGCCATCATAGT-1",0.0174289927791989,0.0357569813565791,0.0289336413452183,0.0407894969335079,0.00804541667227078,0.86888565809605,0.000159812817175167
"TCTGTGGCTACATTTC-1",0.157691829004476,0.212798567231699,0.000337862095330382,0.0181304154409539,0.0299850295805154,0.548789034579163,0.032267262067862
"TCTGTTACCCAGCATA-1",0.000115686570927394,0.0111771439402922,0.0608470181919048,0.927513091584093,0.00011568657092739,0.000115686570927389,0.0001156865709274
"TCTTACAGAGGTACCG-1",0.000111611130254045,0.0327012069921088,0.0120700202828828,0.000111611130254047,0.0185704427124749,0.936323496621771,0.000111611130254045
"TCTTACCGGAACTCGT-1",0.0370330878667287,0.00775774766423015,0.000987153876297884,0.0511488914853906,0.00466184256880667,0.898237735595267,0.000173540943279162
"TCTTACGGCATCCGAC-1",0.0843903482928423,0.115473685276415,0.0510881992722243,0.0574666255962219,0.000250684406259824,0.691079772749776,0.000250684406259825
"TCTTACTTATGCCTCT-1",0.0679155785962823,0.114238113020788,0.0163248680834991,0.0329672279167744,0.00118537120259968,0.750592022223128,0.0167768189569281
"TCTTAGAGCTCCAATT-1",0.0840806806356153,0.0812536633091233,0.0142585788599797,0.0523461699533631,0.000249505869996166,0.721013621749064,0.0467977796228582
"TCTTAGAGTGAACTCT-1",0.0587842317841016,0.0785471185251647,0.000253740361283856,0.0176799397203724,0.01231378637293,0.832167442874864,0.000253740361283856
"TCTTATGGGTAGTACC-1",0.0902994953489331,0.30862101133612,0.027370474996953,0.0455226297055169,0.000345795280089412,0.488560448783931,0.0392801445484564
"TCTTCCCATGGGCACA-1",0.00227555195488407,0.106131318281859,0.000170730705554654,0.141301039928165,0.000170730705554651,0.733109111710064,0.016841516713918
"TCTTCGAATAGACGTT-1",0.0172280201997773,0.033899599698249,0.000104592824442862,0.0464421550566192,0.000104592824442863,0.902116446572026,0.00010459282444286
"TCTTCGATACCAATAA-1",0.00580184762885877,0.0404738194516935,0.00981194475457651,0.131403444634502,0.00248926787686408,0.809857153806965,0.000162521846540404
"TCTTCTATAACCCGCC-1",0.096232402158942,0.0926532639097821,0.0073766740380878,0.0261042523712345,0.000167253953234156,0.770635281850028,0.00683087171869125
"TCTTGATGCGTAGCGA-1",0.138293248079539,0.00160884086514678,0.000153108732315734,0.154214452292525,0.000153108732315727,0.705424132565842,0.00015310873231573
"TCTTGCTCCCGATACT-1",0.0604881985784236,0.143425469615542,0.00353312812263108,0.0613744674509637,0.000258484126263117,0.730661767979913,0.000258484126263115
"TCTTGGTAACACCAAA-1",0.0404938200103345,0.0792413787479742,0.00265752311347569,0.0338257579519835,0.000160469269065603,0.749952066985225,0.093668983921942
"TCTTTAAGACTATGAA-1",0.0184183989337472,0.0628610692942139,0.0156927413614874,0.117796870681107,0.000256306550502472,0.784718306628439,0.000256306550502481
"TCTTTAGAGTCTAACA-1",0.0615119523402344,0.0584400881850389,0.027366718185013,0.0117351704148419,0.000165881876924893,0.75423765539284,0.0865425336051065
"TCTTTCTCTTAAGGAG-1",0.0353419018914147,0.1515489465056,0.0316985178986342,0.0583450743324722,0.000251827863073202,0.713461945546257,0.00935178596254909
"TGAAACCTCAACTCAC-1",0.0799147440666529,0.190720906683549,0.034574233088109,0.0318636059915649,0.000235782027877206,0.662434912680994,0.000255815461252099
"TGAAACTTATGCAAGC-1",0.000163593721484351,0.0164752958337789,0.00969923621241301,0.0544115653360309,0.018110150545625,0.883583360162779,0.0175567981878886
"TGAAAGGACCTGACTC-1",0.047625472627583,0.0446609191949848,0.0120703590910379,0.0323501358708284,0.000166060096684852,0.853834855585202,0.00929219753367862
"TGAACAAGCAGGGACT-1",0.0661169390359487,0.0528514985840419,0.0556278738144446,0.465972976505975,0.000154166373126614,0.316870324231446,0.0424062214550171
"TGAATACCGACGCGTA-1",0.0828849820216617,0.13524365943386,0.000246322745172328,0.043891076438627,0.000246322745172328,0.716803729153439,0.0206839074620676
"TGAATGAGTGTTTCCC-1",0.0247350048139952,0.0627465307255605,0.00702301765209706,0.424977777066125,0.0034638670706574,0.470548647790593,0.00650515488097174
"TGAATGTCAGCCGGCC-1",0.0529549087591671,0.0757876533047424,0.0059748174348674,0.011987073642166,0.000162254711206465,0.784618060805915,0.0685152313419355
"TGACACTTCTCTTTGC-1",0.0168253563404642,0.109146035269182,0.0080407141336749,0.0109256955861148,0.000175714060076222,0.854710770550412,0.000175714060076227
"TGACAGGACAAGTCCA-1",0.0868801264319118,0.0881286441922309,0.0539187425905455,0.595287691263281,0.000115165338188556,0.161223485305609,0.0144461448782337
"TGACATCGAGCGGACC-1",0.0539039235615805,0.0953445643592915,0.0141470156299276,0.058611347249283,0.000267657344261526,0.777457834511394,0.000267657344261527
"TGACATGTAACGTGAC-1",0.100239952572504,0.114611938945905,0.0111536016598838,0.30636757557941,0.000241140622146989,0.467144649998003,0.00024114062214699
"TGACCAAATCTTAAAC-1",0.0595255671270681,0.0337866231145077,0.00606739043153827,0.0929319844425631,0.00801695477765214,0.799512220682666,0.000159259424004874
"TGACCAGCTTCAAAGT-1",0.0748315564859119,0.0647250834142539,0.000110028886940297,0.000110028886940296,0.000110028886940295,0.839501724711366,0.0206115487276473
"TGACCCAACTCACATT-1",0.178788809471634,0.131997080222796,0.0603985944012183,0.00312246773127238,0.000240805384449932,0.62521143740418,0.000240805384449932
"TGACCCACGTTAGACA-1",0.08864731654183,0.169809266232735,0.0114239886584924,0.0711632548741723,0.00277961111803617,0.619099310755805,0.037077251818929
"TGACGAATATTTCCCT-1",0.0619623511465741,0.0589023063128506,0.0159605699383472,0.138290361039348,0.00127686517553476,0.50179562827275,0.221811918114595
"TGACGATGCACTAGAA-1",0.0591922449007198,0.17631921099582,0.00677451799135159,0.0157795343439642,0.000274277994968118,0.741385935778208,0.000274277994968118
"TGACTATAATCCTTTC-1",0.0366362434521567,0.0557934402351362,0.000107081879380794,0.072626340326276,0.000107081879380793,0.834613370898228,0.000116441329441876
"TGACTCCGAATCATAC-1",0.000111832806974022,0.182536768527622,0.000111832806974023,0.778879696290804,0.0381362039536783,0.000111832806974021,0.000111832806974023
"TGAGAATGCTTTACCG-1",0.0652778983701364,0.0639325816829366,0.000249441576037123,0.0794628429459444,0.00745295063737791,0.754406498016395,0.0292177867711725
"TGAGAGATTTACCACG-1",0.0814821528373446,0.0448211997980188,0.028066555780177,0.0768879470292454,0.00017621842281689,0.76838970770958,0.00017621842281689
"TGAGATCAAATACTCA-1",0.020483710350647,0.0585394962430202,0.0223222910391313,0.0282215780023066,0.0164423501137349,0.853830629327013,0.000159944924146785
"TGAGATTAGGCCCTAA-1",0.0328336973830532,0.188140185345088,0.00415326774018396,0.0577651057050927,0.00192938279851886,0.714925162438856,0.00025319858920724
"TGAGCCATACAGTCTC-1",0.0921323006702778,0.136026345504847,0.00024088061013636,0.270029550299543,0.00024088061013636,0.501089161694922,0.000240880610136355
"TGAGCGGAAAGTGTTC-1",0.0265814960878585,0.0376433102233705,0.000106420569349812,0.0495795185045129,0.0106029299374793,0.875332960150274,0.0001533645271549
"TGAGCTTTAATGACGC-1",0.0236411667830362,0.13695561948353,0.0502607764322879,0.0933527434483483,0.0367305100058228,0.658593139679678,0.00046604416729692
"TGAGGAGTGCCAGCTT-1",0.048925104825885,0.0251693443916476,0.0020175057081249,0.132804596922783,0.000158261118296337,0.790766925914967,0.000158261118296339
"TGAGGCATGTACTGTG-1",0.0450177769918581,0.135024419410235,0.039198304997745,0.753030298023265,0.0160632445572253,0.0115483277542386,0.000117628265432556
"TGAGGTTGATCCCAAG-1",0.0877475121631852,0.0772688011195408,0.0325714628548648,0.0278397949202329,0.0175623040345539,0.756730701596252,0.000279423311370647
"TGAGTAAATTAGCGTA-1",0.241631795979296,0.0786991327922174,0.000347324879715534,0.403581817591218,0.0208162776023832,0.254576326275454,0.000347324879715542
"TGAGTGCCTCTTAAAT-1",0.000121972034183919,0.114237547758746,0.00825225569172749,0.877022308412791,0.000121972034183917,0.000121972034183916,0.000121972034183917
"TGAGTGGTCCGTGACG-1",0.0741606388540677,0.0832492802405561,0.000254531051230294,0.0489273543740702,0.000254531051230296,0.781173067534601,0.0119805968942447
"TGAGTGTAACAACGGG-1",0.0308950569351767,0.134656999986369,0.0191886349199587,0.0423955385972321,0.0394601377962238,0.733161417126259,0.00024221463878084
"TGAGTTAAAGACATTC-1",0.182689627193937,0.103773325796221,0.0111260501286177,0.0189587233957779,0.000248819057572436,0.682954635370302,0.000248819057572435
"TGATACATTTAGCCGT-1",0.0295909993685603,0.0438634118700966,0.0407631643255086,0.875360326881235,7.93340552425154e-05,8.25751418166641e-05,0.0102601883575397
"TGATAGCGGGATTCTA-1",0.0605646972384891,0.100952850526402,0.000177892313626424,0.0359704072006016,0.0125901446387999,0.786873033714693,0.002870974367388
"TGATCAGGGAACTGCT-1",0.0741401787090439,0.0253242277525243,0.0258772779868947,0.022391817781452,0.000107587518353835,0.845642870253673,0.00651603999805783
"TGATCCCAGCATTAGT-1",0.161413091579998,0.0557790663559246,0.0167963048304768,0.0184486061622261,0.0208871174181089,0.726413563292099,0.000262250361166521
"TGATCGGTTTGACCCT-1",0.00461706587450127,0.0168458459426991,0.0139893226623489,0.023990338309437,0.000108211764634941,0.940341003681744,0.000108211764634941
"TGATCTACGCTGATCT-1",0.0511363066067379,0.115161646849132,0.0313820260387687,0.0295790542188643,0.000254480086193608,0.77223200611411,0.000254480086193618
"TGATCTCCGGCGCCAG-1",0.110516435763242,0.0663189659409576,0.0344416799167625,0.0947235466842607,0.00015596789684985,0.648034189596721,0.0458092142012056
"TGATGGCTGTTTCTGA-1",0.118296871030878,0.0531607429453188,0.000244095511299694,0.0311345611775331,0.000244095511299694,0.71013014269814,0.0867894911255307
"TGATGGGACTAAGTCA-1",0.0623816957340249,0.345588698720744,0.0335130781903228,0.0623019687178087,0.000376422012250739,0.488388230751901,0.00744990587294784
"TGATGTCAATTAAGTG-1",0.0657105898964571,0.144984851591247,0.00930083872052907,0.0329268844729946,0.000244388916664641,0.698974851044129,0.0478575953579793
"TGATTATGGCACGCAG-1",0.28932185262842,0.160342865652737,0.0219406458095424,0.0376000972100565,0.000517159972450517,0.353995483774689,0.136281894952104
"TGATTCAGGTCCCGCG-1",0.000162212133019578,0.0588948421047278,0.0260090545180207,0.210772264872765,0.000162212133019577,0.687449557805236,0.0165498564332116
"TGATTCCCGGTTACCT-1",0.249346584858738,0.142361884209634,0.0428859753285125,0.265242327014517,0.000340057274063189,0.299483114040472,0.000340057274063172
"TGATTCGTCTATCACT-1",0.056995800967788,0.0816534199648266,0.0252890060111185,0.043150596835705,0.0001606857943784,0.792589804631805,0.000160685794378396
"TGATTCTGTCGCCGGT-1",0.0996170359627195,0.0644886539197149,0.00587103005574307,0.601051395988816,0.000167995383425555,0.228635893306156,0.000167995383425556
"TGATTTATTAGCTGTG-1",0.0258750073594127,0.209891806682233,0.0385577647678136,0.105416236593802,0.000230102785464985,0.613053438045282,0.00697564376599233
"TGATTTCCTCCTGACG-1",0.0825192493132109,0.0848352585135429,0.0351008666820156,0.0437639248322919,0.000170037317158905,0.747420631374864,0.00619003196691593
"TGCAACCCATCTGCGG-1",0.03394465308818,0.0324445251703285,0.0048972397052065,0.00636224695806504,0.000165076933433091,0.922021181211354,0.000165076933433092
"TGCAAGAATGACGTAA-1",0.0392370501457242,0.0743405463836711,0.000162003802090614,0.130366150064106,0.000162003802090615,0.755463071852452,0.000269173949864911
"TGCAATCTAACACGGT-1",0.0402564336647664,0.0430606606193075,0.00273112207709247,0.0490065372096186,0.00632166627316692,0.812443217414147,0.0461803627419011
"TGCAATTTGGGCACGG-1",0.0879367444113517,0.101990123858127,0.000273232266869763,0.019460032707288,0.000273232266869765,0.789793402222623,0.000273232266869763
"TGCACAGTGAAGTTAT-1",0.0327739922128558,0.0466910254535856,0.00686772339532472,0.0767836142068933,0.0108757372198242,0.731749232455368,0.0942586750561481
"TGCACGAGTCGGCAGC-1",0.0383336286631842,0.0451601288762558,0.0207462008023418,0.0266713299728552,0.0208571229788812,0.831070544303957,0.0171610444025249
"TGCACTATGTGAGTGC-1",0.0632682275047795,0.159945390841139,0.000242742254283051,0.0383332947389055,0.0519508286999974,0.686016773706612,0.000242742254283053
"TGCAGAACTATATCGT-1",0.0437821463845259,0.148480592500763,0.000370815086243523,0.134525048747128,0.0501039890394596,0.622337332412992,0.000400075828888299
"TGCAGAGTACCGAGCA-1",0.000251122834194468,0.117567410774676,0.000251122834194469,0.498291143117654,0.0145062433715335,0.368881834233552,0.000251122834194492
"TGCAGATCGTCCTAGG-1",0.0190403476734578,0.0377953231150598,0.0208805817483291,0.0341179634479998,0.000108526320354834,0.887948731374444,0.000108526320354851
"TGCAGCTACGTACTTC-1",0.0159560554486286,0.00286787432355001,0.0162391215285175,0.0598911662874188,0.000100780501769264,0.894164510201484,0.0107804917086319
"TGCAGGATCGGCAAAG-1",0.0687765481041973,0.0819303197609803,0.0253835951848317,0.065749927964551,0.000172088353695064,0.75781543227805,0.000172088353695063
"TGCAGTGGTAGGGAAC-1",7.635107854548e-05,0.0771148574547953,0.00535168167862259,0.869561875709121,0.0340990192512527,0.013719863749117,7.63510785454781e-05
"TGCAGTTTCCTCCCAT-1",0.00452666078629999,0.0136872331649376,0.000161622978905716,0.127780836953804,0.0067076649481256,0.82160317553288,0.025532805635048
"TGCATATGTCTGTCAC-1",0.12842370937904,0.0242891596750871,0.000157919790607201,0.0242764549867692,0.0001579197906072,0.822535531025065,0.000159305352824116
"TGCATGGATCGGATCT-1",0.0410970764416784,0.0145778123665946,0.00898990792341791,0.0476308084615524,0.000160962703007788,0.887382469400741,0.00016096270300779
"TGCATGTGACCCATAG-1",0.0955560688365777,0.114590897934576,0.00739564349907154,0.622698245787261,0.000115886952728224,0.159527370037058,0.000115886952728227
"TGCATGTGGTAATCTA-1",0.0773396444747594,0.0640016975732673,0.0145365287854898,0.051771466787791,0.00382218868815027,0.788359297732781,0.000169175957760789
"TGCCAAAGTCAGACTT-1",0.0456592643324244,0.0397539925991738,0.023730649203422,0.0261969003445268,0.000110110177576969,0.863230580671859,0.00131850267101655
"TGCCAATGGGTACTCT-1",0.0511777274067081,0.0535489247372564,0.0417985164893496,0.668444263218525,0.000113282707170902,0.184804002733819,0.000113282707170897
"TGCCACCTGGCGAAAC-1",0.000157927615584355,0.0105378334271054,0.0332606201603783,0.136817370133538,0.000157927615584358,0.816169136186625,0.00289918486118461
"TGCCAGTACGTGGAGA-1",0.121547457905459,0.0416962783039472,0.0101810525719937,0.0428753856242534,0.000162324873236407,0.783375175847874,0.000162324873236407
"TGCCATGGCTTATAAG-1",0.0431005861198819,0.0397340040507292,0.0138155433204218,0.000158368951935699,0.0001583689519357,0.887932813159759,0.0151003154453367
"TGCCATTACTAAAGAA-1",0.0889955182560053,0.139050197725357,0.000239888228988336,0.0649715351918603,0.000239888228988336,0.681443479901627,0.0250594924671735
"TGCCCGTACCGTTAAA-1",0.109518623930217,0.000108653483178794,0.00142148562338666,0.0281948535025401,0.000108653483178793,0.86053907649432,0.000108653483178793
"TGCCGGATGTACGAGC-1",0.0353950400342929,0.175021398804829,0.000121038095035246,0.789035518821791,0.000121038095035246,0.000184928053981792,0.000121038095035246
"TGCCGTGGATCGTCCT-1",0.0709861637299045,0.0929768461405697,0.00433536499091525,0.14997148454383,0.0160490873307543,0.665525201789084,0.00015585147494205
"TGCCTAATTGAAGATT-1",0.0764196441534475,0.164659841477295,0.0109283000596391,0.000244536211027902,0.000244536211027902,0.708941371121619,0.0385617707659442
"TGCCTGACATCGGTCA-1",0.0376640090356746,0.0973464503695753,0.0241590110255584,0.0090456715476155,0.000237740215398319,0.664464743845751,0.167082373960427
"TGCCTGATCAAACGAT-1",0.0194144517618019,0.0727027593538716,0.000168405157970014,0.0426155524187738,0.000168405157970014,0.861490240899012,0.00344018525060069
"TGCCTTGGCCAGGCAA-1",0.00743053347136629,0.28246983479187,0.00512414731221853,0.044659998316213,0.00369999665433015,0.656374178506893,0.000241310947108688
"TGCGAATATGGGATTT-1",0.0314790444581645,0.0368599825443604,0.00670721119792652,0.0692429215076569,0.00404557271885949,0.851532516525355,0.000132751047677739
"TGCGACACCCTAGTGC-1",0.0264184293821958,0.124363336044585,0.00989784633954982,0.799159855763291,0.0342497671050202,0.00583311004051665,7.76553248412123e-05
"TGCGACGGCCGAACGT-1",0.000115771177463018,0.103070334214743,0.0174303965342018,0.879036184541203,0.000115771177463017,0.000115771177463015,0.000115771177463016
"TGCGAGAATATTACCC-1",0.0302167030647642,0.070098191050635,0.0390110197764194,0.860429705522407,8.00530595986799e-05,8.42744665772707e-05,8.00530595986821e-05
"TGCGAGCCCTTCCGCG-1",0.050915681712125,0.118887811784146,0.0172600960955205,0.0222257235890355,0.000257545863177322,0.790195595092818,0.000257545863177322
"TGCGCAAAGCATTTGG-1",0.0303737903033338,0.0434969937377482,0.0183934212793143,0.0567811459654964,0.000103529023122202,0.850747590667863,0.000103529023122202
"TGCGCGATTAACGGAG-1",0.0555097852611913,0.100573798754392,0.00502818792531981,0.0353353097038596,0.000163051220913871,0.80322681591341,0.00016305122091387
"TGCGGACTTGACTCCG-1",0.185706824076467,0.12910211114901,0.000269853026729248,0.077266784222197,0.000269853026729249,0.607114721472139,0.000269853026729248
"TGCGGAGTAAAGGTGC-1",0.108121037393622,0.172277125399908,0.0002607361503935,0.0578094253533639,0.000260736150393496,0.661010203401925,0.0002607361503935
"TGCGGCATAGTTCAAC-1",0.0241715654002677,0.0701830094559762,0.0195562525139322,0.0272702775756027,0.0125587960374755,0.720770024647012,0.125490074369734
"TGCGGGTATTGGGATC-1",0.0535240342115064,0.127358910317036,0.0228257736223904,0.000248022362183546,0.0210574455950578,0.755088044165479,0.0198977697263467
"TGCGGTCTACGAGTAA-1",0.164020409813188,0.2549438018332,0.0114230061487361,0.0132894664459595,0.000392858291587548,0.555537599175741,0.000392858291587546
"TGCGGTGAAATTTCAT-1",0.000365707442829808,0.120886682135241,0.0260817000727588,0.0484876508489775,0.000365707442829808,0.596196003965002,0.20761654809236
"TGCGTAAGAACCTGAT-1",0.0442046449740155,0.084560299381347,0.0294370487672791,0.546741824567878,0.142041685304447,0.152858736936344,0.000155760068690721
"TGCGTCATGACTGAGC-1",0.000115158012844336,0.127031129988436,0.0198958088421266,0.842031111328083,0.0106964758028216,0.000115158012844333,0.000115158012844333
"TGCGTTTGTTGACACT-1",0.0477799593511981,0.040266223630685,0.0223462559942782,0.0369023915753948,0.000162566272175759,0.852380036904093,0.000162566272175766
"TGCTAAGTGTCTATTT-1",0.00309448824184826,0.102535898847955,0.00357989954478059,0.0169835808387708,0.00566352141350175,0.867958262922306,0.000184348190838117
"TGCTATACAAACGGAC-1",0.0517409565629983,0.0791501245427311,0.00831109675100497,0.00913210248721829,0.000110824446671063,0.802179424192556,0.0493754710168202
"TGCTCCACAGTTCTTA-1",0.0743420751047729,0.14558832797158,0.0265020161701804,0.000271389877067049,0.000249185735010965,0.702728446689509,0.0503185584518797
"TGCTCGGCGAAACCCA-1",0.00231932558839348,0.115532853736697,0.000170681602620481,0.105406494921324,0.000170681602620482,0.776229280945724,0.000170681602620485
"TGCTCGGTGGGTCACC-1",0.0488056340421101,0.10016306719891,0.000174261675568446,0.052754713464516,0.000174261675568447,0.797753800267758,0.000174261675568446
"TGCTCTTGAGAGTTTG-1",0.00244236545108873,0.0370147053308853,0.000108965554749218,0.0542587570522125,0.000108965554749217,0.875234209108778,0.030832031947537
"TGCTGGTTGGACAATT-1",0.000165430245691663,0.0703277092375039,0.0347899599581336,0.0150884844545241,0.000165430245691663,0.879297555612763,0.000165430245691664
"TGCTGTTGAAGAACTC-1",0.115312670639298,0.0949584371473648,0.0201773645269822,0.0617028486517652,0.000156298584336727,0.707527660290436,0.000164720159817955
"TGCTTAGAGAGAATGC-1",7.8404450566429e-05,0.0347776044510441,0.00507272192602972,0.879824823456567,7.84044505664309e-05,0.08008963681466,7.84044505664288e-05
"TGCTTCCCAAGCAGTA-1",0.036937298152188,0.11292127672632,0.00993142346230922,0.0424554400725211,0.000168628256209306,0.797417305074243,0.000168628256209301
"TGGAAACGGAGTGAAC-1",0.0797607736861944,0.146092876793187,0.00898838903843834,0.0367634244900261,0.000258059536229713,0.664518997252339,0.0636174792035847
"TGGAACCACTGACACA-1",0.0236453382174826,0.11220084391872,0.00690478707433526,0.0259762434316197,0.0169355787281017,0.81416881612116,0.000168392508581154
"TGGAAGAAGGGAACGT-1",0.143778990654394,0.121420546283801,0.00741161005816396,0.0919221821147828,0.000406617752085886,0.634653435384687,0.000406617752085882
"TGGAAGACGAACACCA-1",0.0606444524555992,0.0776972388957099,0.000170693086444746,0.000170693086444747,0.0135827065869725,0.847563522802384,0.000170693086444746
"TGGAAGGATAAAGATG-1",0.0389083739405276,0.10788512732305,0.0596510966392841,0.0745205207939496,0.0275706541029527,0.629087730550782,0.062376496649454
"TGGAATATCCTTGACC-1",0.0786306899342604,0.110828175638787,0.000172342563020599,0.000172342563020599,0.0212492754035045,0.788774831334387,0.000172342563020599
"TGGAATTAGACGCTTT-1",0.0496479439460274,0.634278392396631,0.000181583574801337,0.0193323326041454,0.000181583574801337,0.296196580328793,0.000181583574801338
"TGGACCAATCTAAGAT-1",0.0707605495868144,0.104680758314035,0.000164444602899866,0.119957421022493,0.000164444602899863,0.704107937267958,0.000164444602899865
"TGGACGCAATCCAGCC-1",7.97955002800082e-05,0.0012664194706699,0.00658445624473159,0.991829942283478,7.97955002800071e-05,7.9795500280011e-05,7.97955002800113e-05
"TGGACTGTTCGCTCAA-1",0.0533940837679636,0.0873728107026883,0.000160849268669369,0.0428578888529376,0.000160849268669369,0.815892668870402,0.000160849268669368
"TGGAGAATAATCGTCC-1",0.0738489602812221,0.269843139283025,0.00842571889008165,0.472413120227123,0.00045605958406554,0.174770497382554,0.000242504351928647
"TGGAGCTAAAGTTCCC-1",0.0575091211287389,0.0383441876208953,0.00749646717936089,0.000153452123066441,0.0125156147419514,0.87807948770366,0.00590166950232664
"TGGAGTGATGCGATGA-1",0.116658678569994,0.15435381936216,0.016847817253754,0.0242495378490353,0.000244961630066131,0.680545803126258,0.00709938220873245
"TGGCAAACTAAATTAC-1",0.0643773352617086,0.19364549210491,0.000246413347767017,0.0315906437561811,0.00024641334776702,0.649283636880293,0.0606100653013734
"TGGCAACTCGCGCGCC-1",0.00699070679202692,0.100820130546656,0.000263947571842364,0.0538380586741712,0.0104414600338097,0.74888423842601,0.0787614579554846
"TGGCAAGCACAAGTCG-1",0.117377877583635,0.0696101903321575,0.0298795516937396,0.120678213024498,0.000236604350971232,0.661980958664027,0.00023660435097123
"TGGCAATGGGACGGCG-1",0.0369203348828932,0.0457933713425497,0.000178154470564941,0.0309186704223188,0.000178154470564941,0.861654198360311,0.0243571160507974
"TGGCACGAGCTCGAGT-1",0.014038931864585,0.0603021906891554,0.0465310115128026,0.0038519764556984,0.0166467214998686,0.752061113429587,0.106568054548303
"TGGCAGATTACGATCA-1",0.0924161318452599,0.00945884984217982,0.0271462896802093,0.254070333816351,0.00225762350697468,0.614497272198339,0.000153499110686651
"TGGCAGCAGTAATAGT-1",0.048068583007213,0.0846000822804855,0.106457224899508,0.182564902685363,0.000363296168252768,0.503674819131938,0.0742710918272392
"TGGCATGAAGTTTGGG-1",0.000160747215560912,0.0928955997027481,0.000160747215560913,0.61055060380873,0.0738274819372478,0.222244072904591,0.000160747215560907
"TGGCCAAACTGAAGTA-1",0.0493109830646435,0.0926152702235584,0.00355151797121589,0.266678474342335,0.00330626142069296,0.584292460918172,0.000245032059382394
"TGGCCAATTTGGTACT-1",0.000147058237117644,0.064337983831457,0.0178899510756161,0.430105923140802,0.0740639156986281,0.413308109779261,0.000147058237117643
"TGGCCGTATATTGACC-1",0.091413431673281,0.0858922521145331,0.000175119535484866,0.0105494442190976,0.000175119535484864,0.811619513386634,0.000175119535484863
"TGGCGACTGCTCCAAA-1",0.076547504640796,0.0831083217321379,7.77334806521772e-05,0.837899819044223,0.0014315835566934,0.000222544498092344,0.000712493047405178
"TGGCGATCAAGTTATG-1",0.0681305248743805,0.117862953997111,0.0605136943212901,0.526857541866407,0.0757850401133281,0.150684157237107,0.000166087590376672
"TGGCGGTGTGCGATTG-1",0.203814415052694,0.338044755899898,0.000381897485270217,0.0379559965424238,0.0231915549296982,0.396229482604745,0.000381897485270217
"TGGCTACACTCTACCT-1",0.0449337282654211,0.0934766068216778,0.0136448114374999,0.019863502465629,0.0408061122257364,0.729176786564314,0.0580984522197222
"TGGCTATGTGACATAC-1",0.0300355882734772,0.156854330735144,0.000250851357242924,0.0420820898020829,0.0206671541897454,0.740853786392093,0.00925619925021398
"TGGCTCTTGTCGCGTA-1",0.027527806062579,0.0107302831008216,0.0143766989380589,0.0225329781639239,0.0226171038012848,0.902100211612794,0.000114918320538147
"TGGCTTTGGGTAGACA-1",0.0726010002095235,0.0535612395406867,0.0213192181604228,0.0379915928227879,0.00109694990283426,0.759729274775631,0.0537007245881139
"TGGGAAATGCCTTTCC-1",0.0380085648137834,0.148912232290463,0.0199021235498266,0.0465550840786934,0.000255010990562376,0.746111973286109,0.000255010990562376
"TGGGATGCACTCATTC-1",0.0702143310767879,0.0711141715047345,0.0155587899919005,0.0168049606254674,0.000170675033547456,0.825966396734015,0.000170675033547457
"TGGGCAATAGTTGGGT-1",0.14275134838789,0.0779562973193149,0.0111546381369404,0.000165345978986327,0.000165345978986327,0.767641678218895,0.000165345978986326
"TGGGCACAAACAGAAC-1",0.0999616242750487,0.0343722835330705,0.00660071117748802,0.000160507502264613,0.000160507502264613,0.704621455699888,0.154122910309975
"TGGGCACGTTCTATGG-1",0.0682393775027346,0.131979544821362,0.00466975107348746,0.0477250667530403,0.000258240805998244,0.746869778237379,0.000258240805998256
"TGGGCAGGCCACCGCA-1",0.223052300948776,0.18731920457456,0.0231562548200684,0.000360278705865682,0.000360278705865678,0.521012424848825,0.0447392573960384
"TGGGCCACAAGAGCGC-1",0.000499245142453959,0.0396009875895853,0.00282342746512459,0.0181808618479531,0.000115556437354619,0.938664365080174,0.000115556437354617
"TGGGCCCATACTAATT-1",0.0760572325002886,0.162844405377948,0.0379754245745815,0.123818965428415,0.000379155348296471,0.598545661422174,0.000379155348296466
"TGGGCCTTGCCTGCAT-1",0.0669581312454339,0.197640566922164,0.0214201057801867,0.0284542454204348,0.00487532668211924,0.655357571373643,0.0252940525760181
"TGGGCGATACAATAAG-1",0.0474152372395396,0.150923326856416,0.00582404207557543,0.418190244388911,0.000244351027282042,0.377158447384994,0.000244351027282043
"TGGGTAAGGTTCCCGC-1",0.000179407232930132,0.02588856995871,0.038249184080029,0.012863297379013,0.00931181153442347,0.913328322581964,0.000179407232930139
"TGGTAAGCAGGATTGA-1",0.0593771429191522,0.258559279895896,0.000242138263286423,0.0798000908162436,0.000242138263286452,0.601537071578849,0.00024213826328645
"TGGTAGAATATATGGG-1",0.0549391904882342,0.104560075915841,0.0026838486119049,0.0171749566585956,0.00017415822247527,0.820293611880473,0.00017415822247527
"TGGTATCGCATCCCAA-1",0.000116394509798308,0.0309311431771511,0.00557626993510916,0.000116394509798309,0.000116394509798306,0.920942479668456,0.0422009236898886
"TGGTATCGGTCTGTAT-1",0.0809657821442816,0.0205490199494543,0.0406349349104917,0.000171009024323118,0.000171009024323119,0.796909670370382,0.0605985745767446
"TGGTCCCACGCTACGG-1",0.0494278037348864,0.0595203672975363,0.000166737343850634,0.0406281881401731,0.000166737343850632,0.849923428795852,0.000166737343850633
"TGGTCTGTTGGGCGTA-1",0.00209360620699742,0.0674720099243452,0.0171457943378849,0.127391362949857,0.029636609849414,0.751377078984686,0.00488353774681597
"TGGTGATCGTATTTGT-1",0.0499019433399895,0.0535308985749693,0.000113455327873554,0.0368473825915368,0.000113455327873554,0.859379409509884,0.00011345532787356
"TGGTTAACTTACATTT-1",7.3753795901998e-05,0.034494358955212,0.000707268781848034,0.964503357079332,7.3753795901999e-05,7.37537959020175e-05,7.3753795902002e-05
"TGGTTCAACGGGTAAT-1",0.0775198583551432,0.0703428373360667,0.0171557186714343,0.0574547299246639,0.00937811713620191,0.739377053740996,0.0287716848354941
"TGGTTCGTAGCAAAGG-1",0.0168930580631666,0.0587383275042294,0.0458520458251944,0.0406134847360096,0.000165349701449618,0.801433097178143,0.0363046369918078
"TGGTTGGAGGATCCTG-1",0.21950224882376,0.11875669333944,0.000359981026165163,0.000359981026165162,0.0853281418534081,0.541651227057252,0.0340417268738099
"TGGTTTAAACGTGGGT-1",0.0801184669956036,0.0747222246244535,0.0102514576035127,0.000166560410423995,0.00449687310229733,0.830077856853285,0.000166560410423997
"TGTAACTTGTCAACCT-1",0.121044466689722,0.173703134392816,0.000169630338347981,0.0161645839318546,0.000169630338347981,0.688578923970563,0.000169630338347979
"TGTAATGACCACAATA-1",0.000160683176990697,0.030058498927815,0.022459164047965,0.110372772634633,0.00305351561825254,0.833734682417353,0.000160683176990702
"TGTACCCGACCCTAAT-1",7.56699511885389e-05,0.043409801032499,0.00305484444788849,0.953232674714858,7.56699511885377e-05,7.56699511885058e-05,7.56699511885508e-05
"TGTACCTACACGAGGG-1",0.0118329408420174,0.0215530683712366,0.0174802675309755,0.000166941182870008,0.000166941182870008,0.93910434562605,0.0096954952639802
"TGTACGAACAAATCCG-1",0.0318411724604003,0.0723650176258863,0.00829855805508151,0.216450936419715,0.000161243074820799,0.670721829289275,0.000161243074820796
"TGTACGCTATCAGCTT-1",0.0353485871137369,0.0383395334108519,0.00594113715665323,0.0159494517442463,0.00142144372747458,0.785339363320746,0.117660483526291
"TGTACTGTGCCAAAGT-1",0.364881512677798,0.251609423341369,0.0881827443822832,0.0216532775967415,0.000392743139729022,0.27288755572235,0.000392743139729004
"TGTAGCCATCCCATTC-1",0.162658523259217,0.130743314805876,0.0210509164053128,0.00473811331418004,0.0257539554984636,0.617388961263172,0.0376662154537785
"TGTAGGAGAAATTTCC-1",0.0417944969042558,0.0952388427048847,0.0172551564088335,0.0597268187317992,0.0129452959458965,0.77287035999716,0.000169029307170623
"TGTAGTGATCTATAAT-1",0.00701393418903851,0.0320140233586087,0.0234878304065808,0.0175833320426421,0.000106345632072666,0.919688188738985,0.000106345632072663
"TGTATAACAGATCCTG-1",0.0390859016650932,0.0723531815313212,0.00451232502501031,0.0907902371810345,0.019169099659756,0.773837064572301,0.000252190365483871
"TGTATCCTTATTCCAT-1",0.0720700923674917,0.0219463646497935,0.0147975045123839,0.0114944008026204,0.000112678762253634,0.879422794984696,0.000156163920760809
"TGTATGGCGCAGACAG-1",0.0389375326047408,0.186091189807392,0.000371149472318238,0.0436679490593321,0.000371149472318239,0.608868880617843,0.121692148966056
"TGTATTTACCTAATGC-1",0.0337550439004432,0.047067763047046,0.028840485477399,0.000228023318702563,0.000110520802991735,0.889887642650426,0.000110520802991736
"TGTCATTTGTTGGGAA-1",0.0243551639489196,0.0126674972232593,0.000113507112285714,0.000113507112285714,0.000113507112285713,0.962523310378678,0.000113507112285714
"TGTCCACGGCTCAACT-1",0.0333973674175708,0.0483598172147066,0.000635682054922785,0.00663938093719864,0.0122918552312997,0.898514881050422,0.000161016093879343
"TGTCCCGACATAGCAC-1",0.000167313416408836,0.0606890493881003,0.0261699336700099,0.00426239576533264,0.023517805754971,0.885026188588769,0.000167313416408834
"TGTCCGTGGCGCCTTT-1",0.0471758316904905,0.100468543959329,0.000257860513273656,0.029593326990811,0.042381488308275,0.751998405367388,0.0281245431704324
"TGTCCTAAGTCACCGC-1",0.0433809042756194,0.0740593094768545,0.0308270324571579,0.102215403238496,0.00881430105502495,0.72959080904918,0.0111122404476675
"TGTCGTTATCACATAT-1",7.35240834819603e-05,0.0420353586112275,0.0207128510937537,0.932811877737811,0.00408034605798338,0.000212518332260224,7.35240834819633e-05
"TGTCTACAGTTTCTGT-1",0.119393682730155,0.0542695236862719,0.000164650469730705,0.0278227334482065,0.00308773811128371,0.694602719413439,0.100658952140913
"TGTGACTACGCCAGTC-1",0.140351628996571,0.0727874861402321,0.000171608996149322,0.000171608996149324,0.0292400311410618,0.757106026733687,0.000171608996149323
"TGTGAGACTAGCCCAA-1",0.172915291590898,0.126014021620082,0.000247541710365038,0.0800701073585717,0.000247541710365039,0.612648019166312,0.00785747684340709
"TGTGATTCCAGCGCTT-1",0.0941867513266327,0.115748806521911,0.00025933097906815,0.0114626530258863,0.000259330979068149,0.769219921853085,0.00886320531434842
"TGTGCCGGTGCCGGAA-1",0.0693912463586826,0.306452598959605,0.0332721003526799,0.000253460016502749,0.000253460016502752,0.569642167564113,0.0207349667319141
"TGTGCTTTACGTAAGA-1",0.0649670799128572,0.113521356266738,0.0216595922252662,0.0635102801423682,0.000167214528340352,0.73600553751648,0.000168939407950369
"TGTGGAGGAAGCTTAA-1",0.0920538421872544,0.172814142315009,0.0422932360079065,0.000252291318833517,0.0199726614252757,0.642893109825116,0.0297207169206047
"TGTGGCAAAGCGTATG-1",0.0347452272395732,0.0873866541630838,0.0001746751913692,0.0374377095015044,0.000174675191369201,0.839906383521731,0.000174675191369201
"TGTGGCGGGCTTCTGG-1",0.0954459407543566,0.196684162201024,0.0112520740065525,0.101480469273252,0.000373531703080054,0.594390290358655,0.000373531703080061
"TGTGGCTCCCACCAAC-1",0.072307170080692,0.0695778986673577,0.00896320251934145,0.000167318446153641,0.000167318446153644,0.848649773394148,0.000167318446153641
"TGTGGTTGCTAAAGCT-1",0.164871545473566,0.165137089949559,0.089746624574728,0.366186268052964,0.000541694739019415,0.212975082471143,0.000541694739019409
"TGTGTCGCGAGTTGCA-1",0.0624972810907421,0.235323528591592,0.000251082581366364,0.0978821709886318,0.000251082581366367,0.603543771584935,0.000251082581366354
"TGTGTTCGTATCCAAG-1",0.0807693647255544,0.175076479331821,0.00205151180532622,0.00979002789387743,0.0488505864950063,0.683223312007087,0.000238717741327771
"TGTTATTGTATGTGGC-1",0.0406072378457883,0.0285476427300843,0.000110288549752463,0.026742134474753,0.000110288549752463,0.903739804385321,0.000142603464548678
"TGTTCCGCTTCCATGA-1",0.0308878335560815,0.09509476799082,0.000172752768846157,0.115376505316534,0.000172752768846154,0.754142786293581,0.00415260130529152
"TGTTCCGGCCTGAGCT-1",0.0900297660241043,0.159657016007227,0.091006627398915,0.245899849921682,0.000354716213864556,0.412697308220342,0.000354716213864563
"TGTTCTTCCATTGACT-1",0.0327198136189313,0.168029048919176,0.00572108900186207,0.159589262417162,0.000233887844480748,0.633454594426818,0.000252303771570244
"TGTTGTCAAGAAGTCT-1",0.052917844014718,0.0542701672215438,0.000172741917893342,0.0388720261423105,0.000172741917893343,0.794060082194262,0.0595343965913787
"TGTTTAATACTTCATC-1",0.105576148623386,0.0455596518233277,0.000281696829566304,0.0635220087642781,0.000281696829566315,0.78449710030031,0.000281696829566304
"TGTTTCGGTACTTCTC-1",0.0927595930406724,0.0423474055131064,0.000162802593977771,0.0402571001129504,0.000162802593977774,0.732985050502926,0.0913252456423894
"TGTTTCTGAAGCGTGC-1",8.21115820996374e-05,0.0262682537047617,0.0131867655322151,0.960237474835592,7.51314484436705e-05,7.51314484436714e-05,7.51314484436722e-05
"TGTTTGAGATCGTCAG-1",0.160526436251862,0.0633726237739526,0.000700228542604793,0.000161834466491346,0.000161834466491344,0.746793993086222,0.0282830494123761
"TTAAACAGAGTCCCGC-1",0.368062130628219,0.104489128713752,0.044297966839115,0.000233865041903955,0.000233865041903957,0.482449178693202,0.000233865041903953
"TTAAACCGGTAGCGAC-1",0.0337462985275154,0.0688535649039607,0.00304846340988137,0.000174968398650932,0.000174968398650932,0.89382676796269,0.000174968398650932
"TTAAACCTGGTTCCTT-1",0.000268456015728865,0.145151366788627,0.000268456015728864,0.0867215915665055,0.000268456015728866,0.686487248489769,0.0808344251079117
"TTAAACTCGAATTCAT-1",0.0051059584006779,0.0465425263788391,0.0186881576677886,0.0230807234045349,0.000170106850145288,0.840912338074667,0.0655001892233477
"TTAACACCTCGAACAT-1",0.0713319352970968,0.0960639155272144,0.0369744430212819,0.122745538576311,0.000256185924039768,0.672371795730016,0.000256185924039741
"TTAACCAACCCTCCCT-1",0.0278619285493173,0.0584883438888898,0.000150067769890064,0.0384756007229405,0.000150067769890063,0.669851035573479,0.205022955725593
"TTAACGTCGCAAGACC-1",0.16866388984622,0.0653144697749814,0.0159080449583239,0.000262918567723456,0.000262918567723456,0.749324839717304,0.000262918567723477
"TTAACTCACGCGTGGA-1",0.0848836118104152,0.0823676187108399,0.0387693100846372,0.0988516177044733,0.0362399888146367,0.655630299733121,0.00325755314187632
"TTAACTTCAGGTAGGA-1",0.0154244954399133,0.215103421700584,0.0443095893420956,0.368269772040419,0.00022343056177397,0.35644586035344,0.000223430561773972
"TTAAGACGAACGAACC-1",0.0609558361579821,0.100898622197008,0.0184618638528678,0.0404764507434392,0.00528793730800222,0.7736591197081,0.000260170032600732
"TTAAGATAGGATTGAC-1",0.068438269231828,0.0585447232589065,0.000177478975481116,0.0464739905897166,0.00419521105203668,0.82199284791655,0.000177478975481115
"TTAAGCCGACAACTTC-1",0.0307038418211804,0.0677301727077466,0.000177680821175589,0.0828898269345096,0.000177680821175589,0.818143116073037,0.000177680821175588
"TTAAGCGCCTGACCCA-1",0.0318388761590802,0.133407109167076,0.00775522870865831,0.0957600330142465,0.000251829057536939,0.730735094835865,0.000251829057536949
"TTAAGGATACGGAGGT-1",0.406935547720015,0.105623447966804,0.000373080886808604,0.100275901059027,0.0397365064220072,0.301584612818817,0.0454709031265214
"TTAAGGCCCGTACTTT-1",7.83783608906525e-05,0.0342443590107968,0.0313091016844656,0.914404582492473,0.00792815352086098,0.0119570465696218,7.83783608906525e-05
"TTAAGTATTGTTATCC-1",0.00992496677969057,0.0521157463834053,0.000172862299968764,0.0257110202502134,0.000172862299968764,0.819375140954022,0.0925274010327316
"TTAATCAGTACGTCAG-1",0.0704224642797676,0.075653231896344,0.000160414625537964,0.0237946809843702,0.00174465406937173,0.828049052781441,0.000175501363167946
"TTAATGCGAGGTAACT-1",0.0535989374864275,0.0868229594682075,0.000253848870619306,0.0216971706446756,0.0574242277219148,0.768136697327392,0.0120661584807634
"TTAATGTAGACCAGGT-1",0.0643970989826068,0.0354132551259867,0.000109505399891634,0.0754089104050924,0.000109505399891634,0.824431312620265,0.000130412066265456
"TTAATTGCTTTGGGTG-1",0.0605335104626106,0.125065685504064,0.000166293657909485,0.0588489463713077,0.0109944311603568,0.740879630136246,0.0035115027075057
"TTAATTTCAGACGCGG-1",0.000159809386650297,0.081736696312482,0.0321738647339675,0.148438869373699,0.00693718358086785,0.689155714487111,0.0413978621252221
"TTACAACTACGCATCC-1",0.0555171730964815,0.0643356420855662,0.000168300398560618,0.060245132106273,0.000168300398560619,0.816091952147718,0.00347349976683971
"TTACACGATCTGCGAC-1",0.194869708482331,0.052198646724488,0.0169447670558241,0.000158005486902596,0.000158005486902597,0.655424550723662,0.0802463160398899
"TTACAGACCTAAATGA-1",0.0666380149593129,0.0914016134107893,0.000264306476604443,0.0609443164733463,0.000264306476604442,0.732831559916939,0.0476558822864038
"TTACATCGTGGCCTGG-1",0.0859986868998043,0.0655863785354293,0.0667344983824919,0.000167432024773696,0.000167432024773698,0.781178140107953,0.000167432024773696
"TTACATGCCACAACTA-1",0.0553808071654187,0.0576558688929972,0.000179570677508298,0.0419004492786085,0.000179570677508298,0.844524162630451,0.000179570677508297
"TTACCATTGATTACCC-1",0.0199641057927203,0.0838290013403552,0.0197875871152073,0.0729027477780767,0.000167141912912493,0.803182274147816,0.000167141912912492
"TTACCCATTGCCGGGT-1",0.0228697827093629,0.0224640987160672,0.000185205743159096,0.0269747308978982,0.000185205743159095,0.927135770447195,0.000185205743159097
"TTACCCTAACAGTCCT-1",0.0415240552389548,0.065143170898809,0.0309879171660082,0.000166197272187463,0.000166197272187465,0.844872639348461,0.0171398228033918
"TTACCCTAGGGATTGG-1",0.000157617104146205,0.0409330969420522,0.0846333811417101,0.11116798134929,0.000157617104146204,0.709741820846551,0.0532084855121044
"TTACGGATGGTTCGAG-1",0.0933335227642344,0.0913864937398166,0.0329728506866704,0.0182531175649998,0.000166734919267476,0.763720545405744,0.000166734919267476
"TTACGGTGTCACCGAG-1",0.103750056274019,0.511528176646326,0.000283226823384876,0.0281608003601303,0.000283226823384874,0.35571128624937,0.000283226823384877
"TTACGTAGCGCGTGCT-1",0.250424097869363,0.168625828322741,0.000370853049932021,0.036477568837059,0.0885045788388996,0.455226220032074,0.000370853049932025
"TTACTAAAGGACTTTA-1",0.133647714598757,0.154301902516493,0.0176243928912209,0.0826812973924018,0.00232833193747659,0.60916250256528,0.000253858098370677
"TTACTATCGGCTTCTC-1",0.0403055184676457,0.134698484705921,0.00026084434742705,0.0480106918246331,0.000260844347427049,0.752513638050939,0.023949978256008
"TTACTCCGGCCGGGAA-1",0.0947997250657243,0.0604193881201162,0.0293940464495337,0.0706520891599328,0.000171849922605683,0.744391051359482,0.000171849922605694
"TTACTCTGGTACGTAC-1",0.0920348748225544,0.103365385608266,0.0319307435879688,0.35882159935527,0.0031992468823347,0.400529225055613,0.0101189246879944
"TTACTGGGATATTTCA-1",0.324569184756922,0.150724052015227,0.0271266403944043,0.347268143736939,0.00252873793145067,0.147446551479085,0.00033668968597076
"TTACTGTTTCTCTACG-1",0.0374316277934851,0.0652075635352102,0.000170923589770741,0.000170923589770742,0.00345158492928085,0.863647829616443,0.0299195469460394
"TTAGAAGAACATGACT-1",0.0903198864969479,0.0714667620559981,0.000107350897621626,0.0458430963064062,0.000107350897621626,0.792042287078495,0.000113266266909028
"TTAGAATAAGGGTCGG-1",0.0790983048538101,0.0466346087327828,0.0348757602025793,0.74731267933941,0.00835513693149293,0.0836440014965692,7.95084433559685e-05
"TTAGACACGATCGTTG-1",0.0592157186249809,0.125671934794955,0.0456388616697897,0.0611039129850547,0.000269971831048552,0.707829628263122,0.000269971831048551
"TTAGACGAGTCACCTC-1",0.0639909386926046,0.105478316663927,0.0210752941929249,0.0604355469866457,0.000174933612846239,0.748670036238205,0.000174933612846238
"TTAGAGTTTAGAAGGA-1",0.0409532158796045,0.0686192004796306,0.000586953962935623,0.000154978530469199,0.0001549785304692,0.82507854093953,0.0644521316773611
"TTAGCAACATGGATGT-1",0.0708610787670996,0.166789805046846,0.00912472061062957,0.000163655057888871,0.00962080358579949,0.743276281873848,0.000163655057888871
"TTAGCTAATACGATCT-1",0.089134974098043,0.0672054153712621,0.0001666924757459,0.0127475392788654,0.0014658169670628,0.829112869333275,0.0001666924757459
"TTAGCTCTGTAATCCG-1",0.0432832697058736,0.0414602486340916,0.0118870675403901,0.0821599328065257,0.0261880282903858,0.649570084650395,0.145451368372338
"TTAGCTGATTTGCCGT-1",0.0395558920218814,0.169881629161789,0.0262808247710275,0.0348106594848185,0.000258941227881846,0.72895311210472,0.000258941227881853
"TTAGGTCATAACCGAC-1",0.0795048463044058,0.127504485880415,0.0499755782931409,0.463199651068772,0.000230535764488769,0.143827093068252,0.135757809620524
"TTAGTAAACCTGCTCT-1",0.0862908905409087,0.0453101454610273,0.0160986712461939,0.0339267641263621,0.00399602781261123,0.814211179423743,0.000166321389153681
"TTAGTAGGGCGGCGGG-1",0.0166966025729013,0.144076239622946,0.000169326046049002,0.000169326046049002,0.0174291597190639,0.821255156919368,0.000204189073622821
"TTAGTTATTCGTGGCA-1",0.168471019128731,0.315256153501981,0.000242454827409009,0.0477539501097716,0.014159186273733,0.453874781330965,0.000242454827409008
"TTAGTTCAAGTGTTCG-1",0.103397800320113,0.0691677621884132,0.00601478209826114,0.00370280832821466,0.000161561230431402,0.750827354917343,0.0667279309172238
"TTATAGATGCACATTA-1",0.0678612743291085,0.108126095076907,0.00592551701744819,0.0430670385469801,0.000174221196363863,0.774662471379754,0.000183382453438966
"TTATAGGTAATTGTCT-1",0.0391191428189708,0.0162095181616909,0.0391527154735066,0.0299010348841142,0.000161743495405456,0.770241348477329,0.105214496688983
"TTATATACGCTGTCAC-1",0.0805850015176497,0.105718068427116,0.0297335774611808,0.0303345861325771,0.000159037182562359,0.753310692096352,0.00015903718256236
"TTATATTTGGCAATCC-1",0.0977465304867041,0.113488568185863,0.0447310806819737,0.0431218617528298,0.000249443885501486,0.700413071121627,0.000249443885501473
"TTATCCAATCGAACTC-1",0.0646927531437336,0.00278352704321473,0.000167185717378215,0.0664204878760496,0.0102237470919376,0.855545113410308,0.000167185717378214
"TTATCCGGGATCTATA-1",0.0736017916766503,0.0777243777853777,0.0192209239129513,0.04763123447084,0.00793949479063505,0.77362310923445,0.000259068129095842
"TTATCCTCAAGGAATA-1",0.000120927558409188,0.0872394266623061,0.000120927558409188,0.911736800336372,0.000540062767685148,0.000120927558409182,0.000120927558409193
"TTATCGCCTGCGAAGC-1",0.0435053404583454,0.130453885150421,0.0117587417704507,0.0441169122123731,0.000170261705708861,0.769824596996992,0.000170261705708863
"TTATCTGACATTAGGA-1",0.029491198617571,0.0786407581806443,0.0433430549240057,0.123203371550028,0.000257421508808824,0.724806773710133,0.000257421508808826
"TTATCTGTATCATAAC-1",0.000162352745031792,0.00160975889274676,0.000162352745031793,0.148460394060317,0.0205058831378296,0.760827846721243,0.0682714116978003
"TTATGACAAACTGGAT-1",0.0490402069462824,0.0994969413304728,0.025822949708631,0.121293819733219,0.000254929414074723,0.703836223453245,0.000254929414074727
"TTATGATCTTAACGAA-1",0.0764672963004981,0.0842815341473486,0.018185086731878,0.0740100084793736,0.0023129952451039,0.72844255119877,0.0163005278970284
"TTATGCGTCCCGGTCC-1",0.162663939372153,0.0912299163981612,0.0434707840477646,0.0265882790035784,0.0292668501830384,0.642564838973864,0.00421539202144064
"TTATGTTTGCGATAGA-1",0.0294135452068504,0.172181502955252,0.034527011267643,0.0247915967847147,0.0152539711653868,0.702036919146844,0.0217954534733092
"TTATTAGAGCGTGTTC-1",0.0904021513576775,0.0624395323010511,0.0239699471435584,0.0835006096388015,0.000166083346672923,0.728116741197218,0.0114049350150209
"TTATTAGGGAAGCATC-1",0.0539212542240237,0.104753441016445,0.0231093817035625,0.0369122179936762,0.000239877688158818,0.631592871448016,0.149470955926118
"TTATTTCATCCCAAAC-1",0.0539217933655854,0.121748167309353,0.0484932457356001,0.0218062818127853,0.0953385414702196,0.658442331548266,0.000249638758190448
"TTCAAAGTCTCTAGCC-1",0.0155015344042152,0.147029877700615,0.000421290265291895,0.05339290129167,0.000169072083910434,0.783316252170387,0.000169072083910434
"TTCAACGACCCGACCG-1",0.018757244277384,0.019614412536933,0.0197310176141049,0.00592690015196731,0.0250932195495402,0.893926032397211,0.0169511734728597
"TTCAAGCCGAGCTGAG-1",0.0344353405345447,0.00851519933628204,0.0168369994076124,0.0520008201952137,0.0134388851129702,0.874599290414,0.000173464999377465
"TTCAATACTCTGAATC-1",0.0364628780343224,0.0832157937152683,0.000156191268699712,0.013504469731897,0.000156191268699712,0.79669138792553,0.0698130880555825
"TTCAATTAGCCATAAT-1",0.0927222801220153,0.165775718741128,0.0317346586363492,0.0229852392560017,0.000377883506993809,0.589138427989771,0.0972657917477415
"TTCACGAAAGGATCAC-1",0.0124932891572598,0.12429598807252,0.00230398711989632,0.19131233622106,0.0899399471777954,0.579421639825365,0.000232812426103492
"TTCACTCGAGCACCTA-1",0.0603825785901422,0.137123756762287,0.00588665296691011,0.0556267349236208,0.000246692320144714,0.740486892116751,0.000246692320144713
"TTCACTTCCTAGAACG-1",0.0707429555073274,0.0787071066365851,0.000156893824617872,0.12731245507534,0.0129100089431416,0.71001368618837,0.000156893824617872
"TTCAGAGTAACCTGAC-1",0.0789589445625751,0.213951086288942,0.0445061872351144,0.000796324462270084,0.000256338253746657,0.661274780943605,0.000256338253746671
"TTCAGCCCTGGTCCAC-1",0.030349354309173,0.0969560030251522,0.00371683025585419,0.0192888424917514,0.000171836443763665,0.845087731754304,0.00442940172000207
"TTCAGCTGGCGTGCCC-1",0.0916769623559151,0.135735639087932,0.0175454742117859,0.042871402089751,0.0002778198726351,0.711614882509345,0.0002778198726351
"TTCAGGCGTCAAAGCC-1",0.17965725243896,0.0323936637739397,0.018592641721072,0.13356230430562,0.000246702990846593,0.630872714699083,0.00467472007047884
"TTCAGTTCAAGAGGAG-1",0.115387912614156,0.169593528958204,0.0181257463197305,0.45578930173215,0.000245150077963211,0.240613210219833,0.000245150077963211
"TTCATAGCCTTGTAAC-1",0.0715771757507018,0.190572663343526,0.000266755547400535,0.0458217740028351,0.000266755547400551,0.691228120260736,0.000266755547400548
"TTCATGGCGCAACAGG-1",0.0217468452289044,0.0718004274894539,0.000155264929852482,0.0422346795265618,0.00269462213349836,0.738236357923428,0.123131802768301
"TTCCAATCAGAGCTAG-1",0.0257702614736845,0.0518405168892027,0.00015505008270188,0.0247206246641869,0.0872972835828567,0.810054724994361,0.000161538313006201
"TTCCAATCTGGCTATC-1",0.0213821827860761,0.0272711921507538,0.000141221123192379,0.942798292184587,0.00824678939164402,8.01611818732701e-05,8.01611818732592e-05
"TTCCACACAGATTTGA-1",0.063548962995304,0.161463914250671,0.0125032515264787,0.762169311251997,0.000104853325183184,0.000104853325183183,0.000104853325183185
"TTCCACATTTCTCGTC-1",0.0532406120677138,0.0316775343932188,0.0100828118642162,0.000108669366661993,0.000108669366661994,0.888233230691271,0.0165484722502557
"TTCCAGACGAGATTTA-1",0.233798806079036,0.066688115660635,0.00161460709989372,0.00923167774522752,0.0132164884053438,0.675201420591108,0.00024888441875566
"TTCCATCATGCGGTGA-1",0.0015519862899412,0.181566652149857,0.0500621830083933,0.0284370800013541,0.000238927227581113,0.700494404525744,0.0376487667971288
"TTCCATCGACAGCGTG-1",0.0753548798554666,0.052320226361624,0.00898127612654876,0.0344553178714447,0.000166234091525578,0.799496216858901,0.0292258488344889
"TTCCCGACGCTTCACT-1",0.0928784943771866,0.120166263722283,0.0129639963089304,0.000178053756945905,0.000178053756945906,0.773457084320763,0.000178053756945927
"TTCCCGGCGCCAATAG-1",0.0438885582056175,0.112215335525609,0.0219549676985104,0.229250097730269,0.000228492277038547,0.592234056285917,0.000228492277038547
"TTCCGCAGAGAAATAT-1",0.0326023360875245,0.130400083122832,0.000694041296167085,0.0190663716521401,0.000168497876834615,0.770222275992507,0.0468463939719948
"TTCCGCGTGAGGCGAT-1",0.0216832194493068,0.197189384452881,0.0254736356707638,0.0933600661545178,0.000238421474690583,0.661816851323149,0.000238421474690584
"TTCCGGCCTTGAGGCT-1",0.000109951647724005,0.0597050043336622,0.008924809648848,0.673909812587727,0.000109951647724006,0.25713051848659,0.000109951647724003
"TTCCGGCTCGACTTCT-1",0.310046075583826,0.188662886244801,0.00961550352899606,0.0841762538817844,0.0436523581867876,0.363280851644331,0.000566070929473831
"TTCCGGTATCTGTGTC-1",0.114376410388769,0.0962508136586393,0.0151546582289999,0.0170898230308377,0.000172279895553252,0.755737083447116,0.00121893135008503
"TTCCGGTTACCCACTT-1",0.0489351338746328,0.131118213630101,0.000250861966721311,0.0694745912886463,0.00102969930522179,0.748940637967955,0.000250861966721306
"TTCCTCGAGGGTGTCT-1",0.0192158703299923,0.0674917784015416,0.0234011946288672,0.102973596416736,0.000241110039872181,0.724430304891044,0.0622461452919469
"TTCCTCGGACTAACCA-1",0.0100841659458257,0.045283585771299,0.00601930450978489,0.00135471922567119,0.000169285042007525,0.825459172430925,0.111629767074487
"TTCCTCTGCCCGAATA-1",0.0111969356269808,0.0355380705436776,0.0147798404773459,0.0524424388243579,0.000165858884485788,0.844673644263111,0.0412032113800405
"TTCCTTTCTGTGTTGC-1",0.444942519789866,0.0704350994729108,0.000256512960072006,0.0355676259845295,0.000256512960072015,0.406406820346384,0.0421349084861648
"TTCGACAGAGCCCGTG-1",0.0434895718468904,0.0386113414205395,0.00323686513799134,0.0226510966563873,0.000161062546809896,0.891688999844572,0.000161062546809898
"TTCGACGGGAAGGGCG-1",0.0137031132673954,0.0645543135573515,0.000152594949029979,0.0568068647663418,0.000152594949029979,0.79794469366569,0.0666858248451612
"TTCGCACTCGCGTGCT-1",0.110162386090777,0.0677522390930369,0.0224195792269089,0.0383554152114096,0.000170748610635475,0.760968883156596,0.000170748610635482
"TTCGCCGCTCGCGCTA-1",0.000117635257500364,0.108156083745804,0.0343186850347183,0.834045338410992,0.0231444415889821,0.000108907981001531,0.000108907981001551
"TTCGCGCGCCATACGA-1",0.063649649366602,0.191507862171025,0.029841099530017,0.376961371448831,0.107339617634393,0.230349094869387,0.000351304979745237
"TTCGCTAGGAAGTTGT-1",0.0554114444600175,0.146306730147913,0.000166486789129445,0.000166486789129445,0.0416403805004643,0.756141984524217,0.000166486789129444
"TTCGCTATCTGACGTG-1",0.0994193443376896,0.0708600316044854,0.0118026826277014,0.000172417985890606,0.0119338162331647,0.753762005587587,0.0520497016234817
"TTCGGACTGATGCCTT-1",0.0152735280047212,0.0471887065683354,0.00547982150052416,0.00624102823039183,0.0452959394076537,0.880364478495113,0.000156497793261261
"TTCGGACTGGGCATGG-1",0.000119111827232151,0.101965302724871,0.000119111827232153,0.897439138138968,0.000119111827232177,0.000119111827232158,0.000119111827232157
"TTCGGCAACCCGCTGA-1",0.0480005070776624,0.0184374878068888,0.0332081414764704,0.0605817410609643,0.00580044937104785,0.833793663940899,0.000178009266067123
"TTCGGCTAGAGATGGT-1",0.125885257578301,0.0783101633874561,0.000170214165326708,0.0151514233088465,0.000170214165326713,0.780142513229417,0.000170214165326703
"TTCGGGACTAATCGCG-1",0.0468959427783854,0.065605551121949,0.0313477700031823,0.0709356809997711,0.00375017517050275,0.781288121163182,0.000176758763027579
"TTCGGGCGCTAGTCTT-1",0.0970285645978537,0.0689244764429768,0.0744627029544777,0.759362013827732,7.40807256531473e-05,7.40807256531467e-05,7.40807256531467e-05
"TTCGGTACTGTAGAGG-1",0.115637041388369,0.128851829418365,0.0150127156916887,0.0882141681638221,0.000227623079798478,0.588785841721342,0.0632707805366149
"TTCGTAATCCCAGCGG-1",0.0482880824995403,0.087694577672334,0.00652656578057152,0.106560275817469,0.00017497069678662,0.750580556836512,0.000174970696786619
"TTCGTACTCCAGAACG-1",0.0116990825385692,0.162749007418705,0.00932267827828853,0.0601824643057051,0.00022582714954566,0.60915303337549,0.146667906933697
"TTCGTTCAACGAAGTT-1",0.0349093858828717,0.083635616464941,0.0287317002387612,0.0282753296893903,0.000165066761332847,0.82411783420137,0.000165066761332841
"TTCTAACCGAAGCTTA-1",0.0260315433063965,0.0421569588515463,0.000169015887418746,0.0355550419612875,0.000169015887418746,0.895749408218513,0.000169015887418745
"TTCTACCTCAATCGGT-1",0.0837702980104379,0.120673066287675,0.0465261237936954,0.721913862743883,0.000125621547204667,0.0268654060698997,0.000125621547204669
"TTCTACCTTTATGTTG-1",0.0459441649739278,0.0410661421223578,0.00916111099312974,0.0228527105346515,0.000165547848657327,0.850779241566977,0.0300310819602988
"TTCTACTTGCGAGGGC-1",0.0408258025604802,0.000109793353302729,0.000109793353302729,0.000109793353302729,0.000109793353302726,0.933863880539433,0.0248711434868759
"TTCTAGAAAGTCTTAT-1",0.120637285727449,0.0619526751910068,0.0450528045357002,0.499611244979676,0.000236582448024327,0.27227282467012,0.000236582448024329
"TTCTAGGCCAATTGTG-1",0.02879207039022,0.0634996330894968,0.00424835874299806,0.0904517911184358,0.0344473178557527,0.778397445542611,0.000163383260485279
"TTCTATTAAACGCAGC-1",0.103415600951666,0.123958636022438,0.0252794658934038,0.199647478437972,0.000235600728637847,0.547227617237244,0.000235600728637839
"TTCTCTTACAGGTGAT-1",7.78463115113424e-05,0.0376093138588095,0.114923785452186,0.847155515442959,7.78463115113452e-05,7.78463115113495e-05,7.7846311511346e-05
"TTCTGACCGGGCTCAA-1",0.0584804152502171,0.025636403341521,0.0165111674038723,0.00384538052959982,0.000167068761075499,0.890933826148846,0.00442573856486828
"TTCTGCCGCGCCTAGA-1",0.0371785582254358,0.0314788955906801,0.000108173759595235,0.0559642480368418,0.000108173759595231,0.875053776868257,0.000108173759595235
"TTCTGCGAGCGCCCTT-1",0.122464684053044,0.080109365595817,0.00903904144007448,0.0654917841398819,0.000237131729425986,0.675304662867255,0.0473533301745023
"TTCTGCGGGTTAGCGG-1",0.000920799519822909,0.0115912154130556,0.00678904411067117,0.0972643326046686,0.000158711420124431,0.883117185511533,0.000158711420124431
"TTCTGCTAGACTCCAA-1",0.0344474887044798,0.048077406907045,0.000170068178080871,0.0090510085632785,0.000170068178080871,0.88398200557006,0.0241019538989745
"TTCTTAGTGAACGGTG-1",0.0374851580814831,0.0319796755403964,0.022489859126415,0.019152432470527,0.0253209406468121,0.856738194815256,0.00683373931911054
"TTCTTAGTGGCTCAGA-1",0.0434629246133818,0.0517346241051428,0.000166312845403203,0.0665223709363078,0.000166312845403202,0.794213801275754,0.0437336533786074
"TTCTTATCCGCTGGGT-1",0.089943370317292,0.044820389856091,0.000253499621531499,0.120489732131342,0.0163491793299744,0.727890329122238,0.0002534996215315
"TTCTTCCCTTTGATAT-1",0.0610709242259053,0.0669194988595308,0.011923218176764,0.00774304385425947,0.000174139040833228,0.83577429183005,0.0163948840126577
"TTCTTCGCAATAGAGC-1",0.0302905003959078,0.022292784135296,0.00740436787176617,0.000166159496550004,0.000166159496550002,0.93951386910738,0.000166159496550003
"TTCTTGAGCCGCGCTA-1",0.0982236610161413,0.109869377085222,0.032206686885831,0.633421961868063,0.000165557384331074,0.12594719837608,0.000165557384331075
"TTCTTGCTAGCATCTC-1",0.0757386652764726,0.200337017510422,0.000260903848916373,0.0434793453071994,0.000260903848916374,0.679662260359157,0.000260903848916377
"TTCTTGGACGATCTGC-1",7.98901227329336e-05,0.131676165971582,7.75492464800038e-05,0.864610103569194,7.75492464800029e-05,0.00340119259705095,7.75492464800035e-05
"TTCTTGGAGTAATGAG-1",0.0143979066292375,0.0412176568167187,0.000177698954854751,0.100007222267338,0.000177698954854756,0.843844117422141,0.000177698954854754
"TTCTTGTAACCTAATG-1",0.0748144345073723,0.116507108890194,0.0188320227899456,0.0301713202940618,0.000247596151589704,0.721995023568647,0.0374324937981892
"TTCTTTGGTCGCGACG-1",0.0653524978627802,0.0791008430131612,0.00294601317272129,0.014685695810119,0.000177341834478655,0.837560266472261,0.000177341834478653
"TTGAAAGGTGTAAAGG-1",0.00395588102910552,0.0538165072309589,0.0243249843898622,0.0540712468024067,0.000173208098545613,0.803951734857274,0.0597064375918471
"TTGAACGAATCCTTTG-1",0.0294746128387615,0.0953259037726357,0.000166323519179419,0.0257780430566459,0.000166323519179419,0.812356046652335,0.036732746641263
"TTGAACGACGTGCTGA-1",0.0416651303745468,0.0647015010168963,0.00166692667101989,0.0258966240155331,0.000173970620358052,0.865721876681288,0.000173970620358052
"TTGAAGAATTCCCAGG-1",0.0602260355086518,0.0627314484196283,0.00869992180545209,0.098108315614585,0.000160520385505253,0.691019349261247,0.0790544090049308
"TTGAAGGATGGGCGCC-1",8.33765511627823e-05,0.0414215275750955,7.92641429397179e-05,0.95816997575958,7.92641429397179e-05,8.73276853428359e-05,7.92641429397174e-05
"TTGAATATGGACTTTC-1",0.102729795317677,0.105986235289508,0.00321542117795594,0.0209478527978363,0.000167826365299989,0.766785042686423,0.000167826365299989
"TTGAATCGTTGTATAA-1",0.0940289306585986,0.206759360418873,0.0907124442612434,0.261034355991182,0.0356326319496012,0.311329574176684,0.000502702543816791
"TTGAATTCACGTGAGG-1",0.080154394654886,0.141069742147391,0.016501511964136,0.0844012067111154,0.000271998939005481,0.67732914664446,0.00027199893900548
"TTGACAGGAGCTCCCG-1",0.0258808634981336,0.0319958230960965,0.0231478613120814,0.0142810934408071,0.000168888345068435,0.882502380502616,0.0220230898051965
"TTGACATGAACGTGGA-1",0.0370153513589086,0.0995390323518908,0.0269352009814464,0.321477026958178,0.0258484939689055,0.415414134757137,0.0737707596235342
"TTGACCAGGAACAACT-1",0.0601968927850202,0.129235606700516,0.00767753570304132,0.128638284541011,0.00239633286322349,0.671593274773691,0.000262072633497718
"TTGACCATGTTCTCCG-1",0.0613296310665827,0.0236570221141061,0.00026428655008242,0.219531599167209,0.000264286550082422,0.694688888001855,0.000264286550082423
"TTGACCGTGTTAATGA-1",0.106009781108227,0.118147395105434,0.000112620790374432,0.721497130680294,0.054007830734922,0.000112620790374434,0.000112620790374429
"TTGACGATTCAGCACG-1",0.154435436636461,0.0182643249360738,0.000166319832154891,0.00375302982080857,0.000166319832154891,0.823048249110192,0.000166319832154892
"TTGACGCTCCATGAGC-1",0.00887444702982557,0.0976436002828847,0.03254161729298,0.0315830791308464,0.000252989103118027,0.818905932575792,0.0101983345845536
"TTGACTACCATATGGT-1",0.0914488484429125,0.0917268906654541,0.0213110007243868,0.566663854410738,0.000264372498194679,0.22832066076012,0.000264372498194677
"TTGACTATTGTCCGGC-1",0.127110814361724,0.139391019103667,0.000255665998998702,0.0024626614894878,0.00679452732988101,0.723729645717243,0.0002556659989987
"TTGAGAAGTTTAGCAT-1",0.030428212358846,0.0510457746302425,0.000177148995686612,0.0218232485751022,0.0120163739073381,0.884332092537098,0.00017714899568661
"TTGAGAGTACTGCTAA-1",0.0342702392943262,0.0143808994646897,0.0460331826081255,0.873126510842646,5.36591837616111e-05,0.0320818494226897,5.36591837616062e-05
"TTGAGCAGCCCACGGT-1",0.075509900906305,0.0527222535765675,0.0136604971564179,0.0127846217910637,0.00016571760850006,0.844991291352646,0.000165717608500062
"TTGAGCGCCACGTGAT-1",0.0266850421001298,0.0794371261061675,0.0228930944420137,0.00684737435620608,0.0139990858222303,0.831097710174208,0.0190405669990451
"TTGAGGCATTTAACTC-1",0.0980616061007767,0.139663604752906,0.000264286917063763,0.000264286917063769,0.0055499616388908,0.735596953324723,0.0205993003485765
"TTGATCTAACTTTGTC-1",0.0212340996988961,0.0639523569559295,0.00515671244005428,0.082081869534933,0.0106692492298077,0.816744936423926,0.000160775716453688
"TTGATGTGTAGTCCCG-1",0.0431234227079361,0.0708243029036576,0.000161582069489753,0.0844873507469296,0.0126949813673318,0.788536239461066,0.000172120743589361
"TTGATTAGCTGTTTCT-1",0.0278438671695878,0.138366539783059,0.00639519189416018,0.777083145671703,0.0391194222290918,0.000114350826006305,0.0110774824263918
"TTGATTATGCAGATGA-1",0.0737673736925745,0.0990615797513695,0.0115109759457722,0.0807277573392818,0.0394007963953913,0.618558461145798,0.0769730557298126
"TTGCAAGAAGACTCCT-1",0.113449755812405,0.0710437137071144,0.00365785220805516,0.218087652297462,0.000355243839918039,0.584199816527714,0.00920596560733058
"TTGCACAATTCAGAAA-1",0.0111689826860739,0.0290980627439905,0.00915901776295591,0.231222371695248,0.000153554484442911,0.707918560994661,0.0112794496326274
"TTGCACGGAGCAGCAC-1",0.19653064311253,0.0224471756017153,0.000253641039638282,0.100792103977433,0.000253641039638277,0.679469154189407,0.000253641039638283
"TTGCATGCTGATCACG-1",0.0364138547090907,0.183710208690174,0.0229232336774057,0.322056815223165,0.001434214194381,0.433228718013276,0.000232955492507595
"TTGCCAAGCAGAACCC-1",0.0570456797636964,0.0488981388127919,0.000168439699298214,0.0165909827105052,0.00563566433045529,0.818451826737772,0.0532092679454808
"TTGCCATAGCCCGCTC-1",0.0310277563945218,0.0229655778070319,0.050864707846803,0.843195875349408,0.0207929093762654,0.000156312943711586,0.0309968602822582
"TTGCCCTGATCACGGG-1",0.00660129316473166,0.116748377985887,0.0125451873857239,0.0777657943981023,0.00877455947848427,0.777393490352997,0.000171297234074215
"TTGCCGCAGACCTACA-1",0.0276270914834681,0.0491750303181091,7.79399289887314e-05,0.922872310983064,7.79399289887314e-05,9.17474283923814e-05,7.7939928988732e-05
"TTGCCGCTTTCTAGTA-1",0.0295025579583661,0.0298863180490616,0.0186646142312571,0.0230656481559385,0.00601099522503396,0.892706528774855,0.000163337605487526
"TTGCCGGTGATCCCTC-1",0.134479198065192,0.150855001677817,0.000255743968314069,0.0198014009736639,0.000255743968314069,0.694097167378385,0.000255743968314068
"TTGCCTAATCCAAAGT-1",0.0149118833341265,0.173561492306334,0.0141542057927445,0.797120711441981,7.82048651943478e-05,9.52973944251408e-05,7.82048651943447e-05
"TTGCGGCATCAGAAAG-1",0.000107868741454582,0.0888145420961634,0.038394108069635,0.700288580047103,0.00838458473916922,0.16390244756502,0.000107868741454581
"TTGCGGCGACTCATGC-1",0.121652624830969,0.0722674485181959,0.0191935042065178,0.000169082569188,0.0272148582342075,0.722415011118942,0.0370874705219801
"TTGCGTAGTTTGAGGA-1",0.189746745993074,0.000452096369118837,0.0437791781454316,0.0349607980852189,0.000253515411982664,0.730554150583192,0.000253515411982662
"TTGCGTCGGCCAACCG-1",0.000157778780224432,0.0844703312456768,0.0199179338142747,0.587721886494486,0.0307052802474296,0.276869010637684,0.000157778780224432
"TTGCGTGAACGCTTAG-1",0.0718771547519505,0.101264970632679,0.0267160989448832,0.000179831367909516,0.000879114094679241,0.79890299883999,0.000179831367909517
"TTGCTAGCTACCAATC-1",0.103375698914737,0.13182125013131,0.0436831862627994,0.0512194825684379,0.000251239524637782,0.66939790307344,0.000251239524637772
"TTGCTCATAGTACGTG-1",0.0927342673975792,0.0970615099628674,0.0217492357258069,0.100980071661359,0.000253415192037671,0.657492802416838,0.0297286976435118
"TTGCTCCCATACCGGA-1",0.0222408687917797,0.0715174945324937,0.000167039699439716,0.0668426814083254,0.0594966951898298,0.779565022409054,0.000170197969078072
"TTGCTGAAGGAACCAC-1",0.0242032217906812,0.028689470414953,0.000110522398066031,0.0573434123237765,0.000110522398066031,0.889395707689355,0.000147142985101713
"TTGCTGATCATGTTCG-1",0.0533863622369417,0.170839370106209,0.0126093001603327,0.120345109402925,0.000243773813916965,0.642332310465758,0.000243773813916965
"TTGCTGCACCTATCCA-1",0.0422035586381746,0.033489326833686,0.000172344623030646,0.039645097306317,0.0120129210711707,0.87230440690459,0.000172344623030643
"TTGCTGGCCGGGCTTC-1",0.0596857093918528,0.0878797197759225,0.0170441265012483,0.0162287880285631,0.00484316679670578,0.802661527562479,0.0116569619432285
"TTGGAAGAATACAGTC-1",0.000120040796540739,0.132608124741135,0.0747871663889205,0.702790370962252,0.02565630398098,0.0446325742664044,0.0194054188637672
"TTGGACATGTGGCTTA-1",0.072210730887924,0.0590129451096267,0.00810920356122763,0.0867330777414365,0.000168022977886895,0.773597996744011,0.000168022977886891
"TTGGACCATCTGGCAA-1",0.0679110135981049,0.0852003172851906,0.0256083783587226,0.0311078866468614,0.000248248701762746,0.687354762833613,0.102569392575745
"TTGGACCTATAACAGT-1",0.0236285973063364,0.0419742169570113,0.0146433252116205,0.0329464225969728,0.000166764288583721,0.886473909350892,0.000166764288583722
"TTGGAGTCTCCCTTCT-1",0.0733848178259582,0.20952913751655,0.00338132429955387,0.000243252608197064,0.0279730910998377,0.660957062046543,0.02453131460336
"TTGGATATCGTCTACG-1",0.000155803219590596,0.0089267156568067,0.00810459630928766,0.376030787222372,0.000155803219590595,0.606470491152762,0.000155803219590595
"TTGGATCGACTTCTGG-1",0.0185297093642111,0.0940256639765718,0.000171502690165408,0.0192573548082971,0.004252872386599,0.857081072030097,0.00668182474405838
"TTGGATTGGGTACCAC-1",0.0130191857033701,0.104278746092068,0.0227379145121017,0.0916261780829399,0.000266221257472447,0.767805533094575,0.000266221257472447
"TTGGCCATCTTGCGCT-1",0.116138490485576,0.0766344454200599,0.0109473020224537,0.0638131588989343,0.0832502759453176,0.648232008317651,0.000984318910007166
"TTGGCCTAGAATTTCG-1",0.0382801797183365,0.0434823489835608,0.000173892114703644,0.0292102085400075,0.000162854935734153,0.888527660771923,0.000162854935734151
"TTGGCTCAATATGTGT-1",0.02218765965377,0.14317048184187,0.000172906447122203,0.0857510557551276,0.000172906447122204,0.748372083407866,0.000172906447122205
"TTGGCTCGCATGAGAC-1",0.0988475714176712,0.306827926725686,0.0202931211565621,0.0387271045113697,0.000362123521837702,0.527389361448831,0.00755279121804239
"TTGGGAAGACGAGCCG-1",0.0481342739321171,0.186893877777622,0.0106875099209054,0.329394929620867,0.012586506754704,0.411944885605361,0.000358016388423005
"TTGGGACACTGCCCGC-1",0.0393318971114293,0.131088845211837,0.000160317811555182,0.0746804683833787,0.000160317811555177,0.754412936589022,0.000165217081222457
"TTGGGACGTAAGAGTT-1",0.0583790479967102,0.07779165221767,0.00316671080201894,0.000159407466727137,0.000159407466727135,0.824557270167464,0.0357865038826823
"TTGGGCGGCGGTTGCC-1",0.000167489180749627,0.0532503764718618,0.000167489180749628,0.106361262339991,0.000167489180749629,0.839718404465148,0.000167489180749625
"TTGGTCACACTCGTAA-1",0.002960048839983,0.106813284635568,0.000160200553767585,0.603596935037905,0.000160200553767585,0.286149129825241,0.000160200553767584
"TTGGTTGCGGTGCGCG-1",0.00011176717270819,0.06190744278402,0.0246676700816515,0.7874579216592,0.01568469116724,0.0928323439104219,0.017338163224758
"TTGTAAGGACCTAAGT-1",0.101059380185466,0.102988899652938,0.0329006407682939,0.50377096609369,0.0244111412652251,0.234512714301639,0.000356257732747002
"TTGTAAGGCCAGTTGG-1",0.0574794362394082,0.0843612933599355,0.000165509757897623,0.0672225229890572,0.00302941647521541,0.770159356303228,0.017582464875258
"TTGTAATCCGTACTCG-1",0.0363594915329215,0.0956359621396995,0.00242664546479966,0.103383762044246,0.00016524926291791,0.761863640292497,0.000165249262917913
"TTGTATCACACAGAAT-1",0.0281297463060651,0.033830783510565,0.000169895069419527,0.104998942285999,0.000169895069419533,0.832530842689113,0.000169895069419532
"TTGTCGTTCAGTTACC-1",0.00795912939952245,0.0378129276544803,0.00364120376286343,0.291703050456474,0.000252323781020355,0.658379041164619,0.000252323781020358
"TTGTGAACCTAATCCG-1",0.064823249865922,0.0500860382032325,0.000164960062077026,0.097590040872059,0.000304676454190122,0.786866074480442,0.000164960062077026
"TTGTGAGGCATGACGC-1",0.0791159363654304,0.0527092630640026,0.0572506861549669,0.0706286652862134,0.00472689503252943,0.735316788391666,0.000251765705191255
"TTGTGCAGCCACGTCA-1",0.0682966285480942,0.123072186505718,0.00211653747952877,0.220717744171974,0.000365669030411563,0.566094700515449,0.0193365337488241
"TTGTGGCCCTGACAGT-1",0.0184419080855981,0.0621617441559915,0.00106550181529488,0.0136656865715443,0.0154752112405945,0.888991000740834,0.00019894739014309
"TTGTGGTAGGAGGGAT-1",0.0439869059549336,0.121981679050357,0.00203887322522487,0.831509990694902,0.00012112989590848,0.000240291282765032,0.000121129895908482
"TTGTGGTGGTACTAAG-1",0.0357926717293207,0.101274649515761,0.0285171589351136,0.0198579529343804,0.00874353351259205,0.719111775429176,0.0867022579436565
"TTGTGTATGCCACCAA-1",0.0225895588580281,0.0492285268853294,0.0117965284682345,0.132184279158489,0.000173224339053738,0.783854657951812,0.000173224339053723
"TTGTGTTTCCCGAAAG-1",0.206993076094073,0.10926763768728,0.00953561517741717,0.0853161900982799,0.000246946492754247,0.588393587957441,0.000246946492754255
"TTGTTAGCAAATTCGA-1",0.0345229249963004,0.0736676608497388,0.00352395531298839,0.0634780949077775,0.000164196346561085,0.762276957635575,0.0623662099510586
"TTGTTCAGTGTGCTAC-1",0.0225196997717839,0.00498620134394048,0.0128938619573644,0.0456587226154027,0.00015732377857186,0.913626866754365,0.00015732377857186
"TTGTTGTGTGTCAAGA-1",0.0143239594819196,0.107213663120402,0.0129023964308285,0.095711692402243,0.000168489978997257,0.759903497690565,0.00977630089504531
"TTGTTTCACATCCAGG-1",7.4914210652684e-05,0.0179428060552377,7.49142106526872e-05,0.981682622891499,7.4914210652687e-05,7.4914210652697e-05,7.49142106526699e-05
"TTGTTTCATTAGTCTA-1",0.0915405354840866,0.121657118498269,0.0222196462956133,0.755351357400197,0.00900039408561634,0.000115474118108466,0.000115474118108463
"TTGTTTCCATACAACT-1",0.126574078136669,0.0958945760877803,0.0245392956007137,0.328153026103339,0.000331113186782738,0.37604870691201,0.0484592039727067
"TTGTTTGTATTACACG-1",0.000169690304308206,0.142760154172296,0.0446389099652099,0.534509454645535,0.000169690304308206,0.277582410304034,0.000169690304308215
"TTGTTTGTGTAAATTC-1",0.015542152825316,0.047961602393606,0.0357292091600159,0.00733706536650332,0.00991476537510285,0.860768539534559,0.0227466653448974
